incident_id,event_date,town,location_raw,district,governorate,deaths_final,injuries_final,attack_type,target_description,first_nna_report,final_nna_update,nna_url_count,all_nna_urls,all_article_ids,location_ambiguous,casualty_count_ambiguous,merge_notes
INC-0001,2026-03-03,صديقين (Saddiqine/Siddiqine),صديقين,,South Lebanon,2,0,airstrike,second strike on the town (double-strike pattern); 2 dead were Islamic Health Authority personnel,2026-03-03T11:45:06.000+02:00,2026-03-03T11:45:06.000+02:00,1,https://www.nna-leb.gov.lb/ar/news/416998/%D8%B4%D9%87%D9%8A%D8%AF%D8%A7%D9%86-%D9%85%D9%86-%D8%A7%D9%84%D9%87%D9%8A%D8%A6%D8%A9-%D8%A7%D9%84%D8%B5%D8%AD%D9%8A%D8%A9-%D8%A7%D9%84%D8%A5%D8%B3%D9%84%D8%A7%D9%85%D9%8A%D8%A9-%D9%81%D9%8A-%D8%A7%D9%84%D8%BA%D8%A7%D8%B1%D8%A9-%D8%A7%D9%84%D8%AB%D8%A7%D9%86%D9%8A%D8%A9-%D8%B9%D9%84%D9%89-%D8%B5%D8%AF%D9%8A%D9%82%D9%8A%D9%86-2,416998,0,0,district uncertain - verify Siddiqine's caza
INC-0002,2026-03-03,قبريحا (Qabrikha),قبريحا - مرجعيون,Marjayoun,Nabatieh,2,2,strike on vehicle,motorcycle,2026-03-03T14:01:02.000+02:00,2026-03-03T14:01:02.000+02:00,1,https://www.nna-leb.gov.lb/ar/news/417044/%D8%B4%D9%87%D9%8A%D8%AF%D8%A7%D9%86-%D9%88%D8%A7%D8%B5%D8%A7%D8%A8%D8%A9-%D8%B4%D8%AE%D8%B5%D9%8A%D9%86-%D9%81%D9%8A-%D8%A7%D9%84%D8%BA%D8%A7%D8%B1%D8%A9-%D8%B9%D9%84%D9%89-%D8%A7%D9%84%D8%AF%D8%B1%D8%A7%D8%AC%D8%A9-%D8%A7%D9%84%D9%86%D8%A7%D8%B1%D9%8A%D8%A9-%D9%81%D9%8A-%D9%82%D8%A8%D8%B1%D9%8A%D8%AD%D8%A7-2,417044,0,0,
INC-0003,2026-03-04,بعلبك (Baalbek city),بعلبك - حي المتربة,Baalbek,Baalbek-Hermel,6,15,airstrike,residential building,2026-03-04T02:13:00.000+02:00,2026-03-04T06:41:31.000+02:00,3,https://www.nna-leb.gov.lb/ar/news/417153/%D8%A7%D8%B3%D8%AA%D9%87%D8%AF%D8%A7%D9%81-%D9%85%D8%AC%D9%85%D8%B9-%D8%B3%D9%83%D9%86%D9%8A-%D9%81%D9%8A-%D9%85%D8%AF%D9%8A%D9%86%D8%A9-%D8%A8%D8%B9%D9%84%D8%A8%D9%83-%D9%81%D8%AC%D8%B1%D9%8B%D8%A7-2;https://www.nna-leb.gov.lb/ar/news/417170/%D8%A7%D8%B1%D8%AA%D9%81%D8%A7%D8%B9-%D8%B6%D8%AD%D8%A7%D9%8A%D8%A7-%D8%A7%D9%84%D8%BA%D8%A7%D8%B1%D8%A9-%D8%B9%D9%84%D9%89-%D8%A7%D9%84%D9%85%D8%AC%D9%85%D8%B9-%D8%A7%D9%84%D8%B3%D9%83%D9%86%D9%8A-%D9%81%D9%8A-%D8%A8%D8%B9%D9%84%D8%A8%D9%83-%D8%A5%D9%84%D9%89-5-%D8%B4%D9%87%D8%AF%D8%A7%D8%A1-%D9%8815-%D8%AC%D8%B1%D9%8A%D8%AD%D9%8B%D8%A7-%D9%883-%D9%85%D9%81%D9%82%D9%88%D8%AF%D9%8A%D9%86-2;https://www.nna-leb.gov.lb/ar/news/417196/%D8%AD%D8%B5%D9%8A%D9%84%D8%A9-%D9%85%D8%AC%D8%B2%D8%B1%D8%A9-%D8%A8%D8%B9%D9%84%D8%A8%D9%83-6-%D8%B4%D9%87%D8%AF%D8%A7%D8%A1-%D9%8815-%D8%AC%D8%B1%D9%8A%D8%AD%D9%8B%D8%A7-%D9%88%D9%85%D9%81%D9%82%D9%88%D8%AF%D9%8E%D9%8A%D9%86-2,417153;417170;417196,0,0,first report in chain w/ 417170 417196 - toll rises to 5 then 6 | update to 417153 chain; 3 missing | update to 417153/417170 chain; missing count now unspecified
INC-0004,2026-03-04,طريق المطار (Airport Road),طريق المطار,Baabda,Mount Lebanon,3,6,airstrike,two raids on Airport Road area (target unspecified),2026-03-04T21:19:58.000+02:00,2026-03-04T21:19:58.000+02:00,1,https://www.nna-leb.gov.lb/ar/news/417491/%D9%85%D8%B1%D9%83%D8%B2-%D8%B9%D9%85%D9%84%D9%8A%D8%A7%D8%AA-%D8%B7%D9%88%D8%A7%D8%B1%D8%A6-%D8%A7%D9%84%D8%B5%D8%AD%D8%A9-3-%D8%B4%D9%87%D8%AF%D8%A7%D8%A1-%D9%886-%D8%AC%D8%B1%D8%AD%D9%89-%D9%81%D9%8A-%D8%BA%D8%A7%D8%B1%D8%AA%D9%8A-%D8%A7%D9%84%D8%B9%D8%AF%D9%88-%D8%A7%D9%84%D8%A5%D8%B3%D8%B1%D8%A7%D8%A6%D9%8A%D9%84%D9%8A-%D8%B9%D9%84%D9%89-%D8%B7%D8%B1%D9%8A%D9%82-%D8%A7%D9%84%D9%85%D8%B7%D8%A7%D8%B1-2,417491,1,0,combined toll for 'two raids'; district/governorate uncertain - verify (Beirut southern suburbs area)
INC-0005,2026-03-04,عرمون / السعديات,عرمون والسعديات,Aley,Mount Lebanon,6,8,strikes on apartment/residential complex,apartment and residential complex,2026-03-04T02:19:00.000+02:00,2026-03-04T07:22:00.000+02:00,2,https://www.nna-leb.gov.lb/ar/news/417154/%D8%A7%D8%B3%D8%AA%D9%87%D8%AF%D8%A7%D9%81-%D8%B4%D9%82%D8%A9-%D8%A8%D8%B9%D9%8A%D8%AF-%D9%85%D9%86%D8%AA%D8%B5%D9%81-%D8%A7%D9%84%D9%84%D9%8A%D9%84-%D9%81%D9%8A-%D8%B9%D8%B1%D9%85%D9%88%D9%86-%D9%88%D8%B3%D9%82%D9%88%D8%B7-%D8%A5%D8%B5%D8%A7%D8%A8%D8%A7%D8%AA-2;https://www.nna-leb.gov.lb/ar/news/417202/%D8%B7%D9%88%D8%A7%D8%B1%D8%A6-%D8%A7%D9%84%D8%B5%D8%AD%D8%A9-6-%D8%B4%D9%87%D8%AF%D8%A7%D8%A1-%D9%888-%D8%AC%D8%B1%D8%AD%D9%89-%D9%81%D9%8A-%D8%AD%D8%B5%D9%8A%D9%84%D8%A9-%D8%A3%D9%88%D9%84%D9%8A%D8%A9-%D9%84%D9%84%D8%A7%D8%B9%D8%AA%D8%AF%D8%A7%D8%A1%D8%A7%D8%AA-%D8%B9%D9%84%D9%89-%D8%B9%D8%B1%D9%85%D9%88%D9%86-%D9%88%D8%A7%D9%84%D8%B3%D8%B9%D8%AF%D9%8A%D8%A7%D8%AA-2,417154;417202,1,1,combined toll for two towns confirmed later in 417202; district/governorate uncertain - verify | MoPH combined toll confirming 417154 chain
INC-0006,2026-03-05,أوتوستراد زحلة الكرك (Zahle-Kark highway),أوتوستراد زحلة الكرك,Zahle,Bekaa,2,2,strike on vehicle,car on highway,2026-03-05T08:36:03.000+02:00,2026-03-05T08:36:03.000+02:00,1,https://www.nna-leb.gov.lb/ar/news/417566/%D8%A7%D9%84%D8%B5%D8%AD%D8%A9-%D8%B4%D9%87%D9%8A%D8%AF%D8%A7%D9%86-%D9%88%D8%AC%D8%B1%D9%8A%D8%AD%D8%A7%D9%86-%D9%81%D9%8A-%D8%A7%D9%84%D8%BA%D8%A7%D8%B1%D8%A9-%D8%B9%D9%84%D9%89-%D8%A3%D9%88%D8%AA%D9%88%D8%B3%D8%AA%D8%B1%D8%A7%D8%AF-%D8%B2%D8%AD%D9%84%D8%A9-%D8%A7%D9%84%D9%83%D8%B1%D9%83-2,417566,0,0,possible overlap with 417813 (ISF officer killed same area/date) - flag for merge review
INC-0007,2026-03-05,القليلة (Qlaile),طريق صور-الناقورة قرب القليلة,Tyre,South Lebanon,3,0,drone strike,car/vehicle,2026-03-05T02:19:00.000+02:00,2026-03-05T02:19:00.000+02:00,1,https://www.nna-leb.gov.lb/ar/news/417496/%D8%AB%D9%84%D8%A7%D8%AB%D8%A9-%D8%B4%D9%87%D8%AF%D8%A7%D8%A1-%D9%81%D9%8A-%D8%BA%D8%A7%D8%B1%D8%A9-%D8%B9%D9%84%D9%89-%D8%B3%D9%8A%D8%A7%D8%B1%D8%A9-%D8%B9%D9%84%D9%89-%D8%B7%D8%B1%D9%8A%D9%82-%D8%B5%D9%88%D8%B1---%D8%A7%D9%84%D9%86%D8%A7%D9%82%D9%88%D8%B1%D8%A9-%D8%A8%D8%A7%D9%84%D9%82%D8%B1%D8%A8-%D9%85%D9%86-%D8%A7%D9%84%D9%82%D9%84%D9%8A%D9%84%D8%A9-2,417496,0,0,
INC-0008,2026-03-05,الكفور (Kfour),الكفور,Nabatieh,Nabatieh,2,0,airstrike,residence (mukhtar's home),2026-03-05T06:41:29.000+02:00,2026-03-05T06:41:29.000+02:00,1,https://www.nna-leb.gov.lb/ar/news/417531/%D8%A7%D8%B3%D8%AA%D8%B4%D9%87%D8%A7%D8%AF-%D9%85%D8%AE%D8%AA%D8%A7%D8%B1-%D8%A7%D9%84%D9%83%D9%81%D9%88%D8%B1-%D9%88%D8%B2%D9%88%D8%AC%D8%AA%D9%87-%D9%81%D9%8A-%D8%A7%D9%84%D8%BA%D8%A7%D8%B1%D8%A9-%D8%B9%D9%84%D9%89-%D8%A7%D9%84%D8%A8%D9%84%D8%AF%D8%A9-%D9%81%D8%AC%D8%B1%D8%A7-2,417531,0,0,named: mukhtar Tawfiq Safa + wife
INC-0009,2026-03-05,زوطر / كفرتبنيت,بين بلدتي زوطر وكفرتبنيت (ضمن حملة غارات واسعة في قضاء النبطية),Nabatieh,Nabatieh,3,0,airstrike,"area between the two towns; other strikes in same sweep (Aaba, Kfarremen, Kfour, Toul) reported without deaths in this article",2026-03-05T05:27:49.000+02:00,2026-03-05T05:27:49.000+02:00,1,https://www.nna-leb.gov.lb/ar/news/417516/%D8%B9%D8%AF%D9%88%D8%A7%D9%86-%D8%AC%D9%88%D9%8A-%D9%88%D8%A7%D8%B3%D8%B9-%D8%B9%D9%84%D9%89-%D9%82%D8%B1%D9%89-%D9%81%D9%8A-%D9%82%D8%B6%D8%A7%D8%A1-%D8%A7%D9%84%D9%86%D8%A8%D8%B7%D9%8A%D8%A9-%D9%81%D8%AC%D8%B1%D8%A7-2,417516,1,0,possible overlap with 417534's Zawtar al-Sharqiya family (4 dead) - flag for merge review
INC-0010,2026-03-05,زوطر الشرقية (Zawtar al-Sharqiya),زوطر الشرقية - مدخل شمالي قرب كفرتبنيت,Nabatieh,Nabatieh,4,0,airstrike,residence,2026-03-05T06:54:00.000+02:00,2026-03-05T06:54:00.000+02:00,1,https://www.nna-leb.gov.lb/ar/news/417534/%D8%A7%D8%B3%D8%AA%D8%B4%D9%87%D8%A7%D8%AF-%D8%B9%D8%A7%D8%A6%D9%84%D8%A9-%D9%81%D9%8A-%D8%B2%D9%88%D8%B7%D8%B1-%D8%A7%D9%84%D8%B4%D8%B1%D9%82%D9%8A%D8%A9-2,417534,0,0,family of 4 named; flag for merge review vs 417516's ambiguous 3-dead figure for same general area
INC-0011,2026-03-05,كفررمان (Kfarremen),كفررمان,Nabatieh,Nabatieh,2,0,airstrike,unspecified (named victims: studio photographer + brother),2026-03-05T16:00:58.000+02:00,2026-03-05T16:00:58.000+02:00,1,https://www.nna-leb.gov.lb/ar/news/417686/%D8%A7%D9%84%D8%BA%D8%A7%D8%B1%D8%A7%D8%AA-%D8%A7%D9%84%D9%85%D8%B9%D8%A7%D8%AF%D9%8A%D8%A9-%D8%B9%D9%84%D9%89-%D8%A7%D9%84%D9%86%D8%A8%D8%B7%D9%8A%D8%A9-%D9%88%D8%A7%D9%84%D8%AC%D9%88%D8%A7%D8%B1-%D8%A7%D9%88%D9%82%D8%B9%D8%AA-%D8%B4%D9%87%D8%AF%D8%A7%D8%A1-%D9%88%D8%AC%D8%B1%D8%AD%D9%89-%D9%88%D8%A7%D8%AF%D8%AA-%D8%A7%D9%84%D9%89-%D8%A7%D8%B6%D8%B1%D8%A7%D8%B1-%D8%AC%D8%B3%D9%8A%D9%85%D8%A9-%D9%81%D9%8A-%D8%A7%D9%84%D9%85%D8%A8%D8%A7%D9%86%D9%8A-%D8%A7%D9%84%D8%B3%D9%83%D9%86%D9%8A%D8%A9-%D9%88%D8%A7%D9%84%D9%85%D8%AD%D9%84%D8%A7%D8%AA-2,417686,0,0,roundup article; ONLY source for Kfarremen 2-dead fact; article also re-mentions Zawtar-family and Kfour-mukhtar deaths already captured in 417531/417534 - do not double count those
INC-0012,2026-03-05,لبايا (Libaya),لبايا,West Bekaa,Bekaa,2,3,airstrike,residence,2026-03-05T16:47:18.000+02:00,2026-03-05T20:32:00.000+02:00,2,https://www.nna-leb.gov.lb/ar/news/417702/%D8%B4%D9%87%D8%AF%D8%A7%D8%A1-%D9%88%D8%AC%D8%B1%D8%AD%D9%89-%D9%81%D9%8A-%D8%BA%D8%A7%D8%B1%D8%A9-%D8%B9%D9%84%D9%89-%D9%85%D9%86%D8%B2%D9%84%D9%8A%D9%86-%D9%81%D9%8A-%D9%84%D8%A8%D8%A7%D9%8A%D8%A7-%D9%88%D8%B7%D8%B1%D9%81%D9%87%D8%A7-%D8%A7%D9%84%D8%B4%D9%85%D8%A7%D9%84%D9%8A-2;https://www.nna-leb.gov.lb/ar/news/417743/%D8%B4%D9%87%D9%8A%D8%AF%D8%A7%D9%86-%D9%883-%D8%AC%D8%B1%D8%AD%D9%89-%D9%81%D9%8A-%D9%84%D8%A8%D8%A7%D9%8A%D8%A7-2,417702;417743,0,1,"chain continues in 417743 which gives a lower MoPH count (2 dead/3 inj) - flag for merge review, later report may supersede | MoPH update to 417702 chain - lower count than field report, flag for merge review"
INC-0013,2026-03-05,مخيم البداوي (Beddawi camp),مخيم البداوي - طرابلس,Tripoli,North Lebanon,2,1,airstrike,residential apartment,2026-03-05T02:49:00.000+02:00,2026-03-05T05:18:08.000+02:00,3,https://www.nna-leb.gov.lb/ar/news/417497/%D8%A7%D9%84%D8%B5%D8%AD%D8%A9-%D8%B4%D9%87%D9%8A%D8%AF%D8%A7%D9%86-%D9%88%D8%AC%D8%B1%D9%8A%D8%AD%D8%A9-%D9%81%D9%8A-%D8%A7%D9%84%D8%BA%D8%A7%D8%B1%D8%A9-%D8%B9%D9%84%D9%89-%D8%B4%D9%82%D8%A9-%D8%B3%D9%83%D9%86%D9%8A%D8%A9-%D9%81%D9%8A-%D9%85%D8%AE%D9%8A%D9%85-%D8%A7%D9%84%D8%A8%D8%AF%D8%A7%D9%88%D9%8A-2;https://www.nna-leb.gov.lb/ar/news/417511/%D8%B4%D9%87%D9%8A%D8%AF%D8%A7%D9%86-%D9%88%D8%AC%D8%B1%D9%8A%D8%AD%D8%A9-%D9%81%D9%8A-%D8%A7%D9%84%D8%BA%D8%A7%D8%B1%D8%A9-%D8%B9%D9%84%D9%89-%D9%85%D8%AE%D9%8A%D9%85-%D8%A7%D9%84%D8%A8%D8%AF%D8%A7%D9%88%D9%8A-2;https://www.nna-leb.gov.lb/ar/news/417514/%D8%B7%D9%88%D8%A7%D8%B1%D8%A6-%D8%A7%D9%84%D8%B5%D8%AD%D8%A9-%D8%B4%D9%87%D9%8A%D8%AF%D8%A7%D9%86-%D9%88%D8%AC%D8%B1%D9%8A%D8%AD%D8%A9-%D9%81%D9%8A-%D8%A7%D8%B3%D8%AA%D9%87%D8%AF%D8%A7%D9%81-%D8%B4%D9%82%D8%A9-%D8%B3%D9%83%D9%86%D9%8A%D8%A9-%D9%81%D9%8A-%D9%85%D8%AE%D9%8A%D9%85-%D8%A7%D9%84%D8%A8%D8%AF%D8%A7%D9%88%D9%8A-2,417497;417511;417514,0,0,chain continues in 417511/417514 | update/detail to 417497 chain | duplicate MoPH confirmation of 417497 chain
INC-0014,2026-03-05,مشغرة (Mashghara),مشغرة,West Bekaa,Bekaa,4,1,airstrike,residence,2026-03-05T19:30:02.000+02:00,2026-03-05T20:49:00.000+02:00,2,https://www.nna-leb.gov.lb/ar/news/417734/4-%D8%B4%D9%87%D8%AF%D8%A7%D8%A1-%D8%A8%D9%8A%D9%86%D9%87%D9%85-%D8%B7%D9%81%D9%84%D8%A7%D9%86-%D8%A8%D8%BA%D8%A7%D8%B1%D8%A9-%D8%A7%D8%B3%D8%AA%D9%87%D8%AF%D9%81%D8%AA-%D9%85%D9%86%D8%B2%D9%84%D8%A7%D9%8B-%D9%81%D9%8A-%D9%85%D8%B4%D8%BA%D8%B1%D8%A9-2;https://www.nna-leb.gov.lb/ar/news/417747/%D8%B7%D9%88%D8%A7%D8%B1%D9%89%D8%A1-%D8%A7%D9%84%D8%B5%D8%AD%D8%A9--4-%D8%B4%D9%87%D8%AF%D8%A7%D8%A1-%D9%85%D9%86-%D8%A8%D9%8A%D9%86%D9%87%D9%85-%D8%B7%D9%81%D9%84%D8%A7%D9%86-%D8%AD%D8%B5%D9%8A%D9%84%D8%A9-%D8%A7%D9%84%D8%BA%D8%A7%D8%B1%D8%A9-%D8%B9%D9%84%D9%89-%D9%85%D8%B4%D8%BA%D8%B1%D8%A9-2,417734;417747,0,0,"2 of 4 dead are children; chain continues in 417747 | MoPH confirmation of 417734 chain; ages given (5yo girl, 7yo boy)"
INC-0015,2026-03-05,معركة (Maaraka),معركة,Tyre,South Lebanon,3,0,airstrike,unspecified (displaced family present),2026-03-05T11:09:47.000+02:00,2026-03-05T11:09:47.000+02:00,1,https://www.nna-leb.gov.lb/ar/news/417623/%D8%A7%D9%84%D8%BA%D8%A7%D8%B1%D8%A9-%D8%B9%D9%84%D9%89-%D9%85%D8%B9%D8%B1%D9%83%D8%A9-%D8%AA%D8%B3%D9%81%D8%B1-%D8%B9%D9%86-%D8%A7%D8%B3%D8%AA%D8%B4%D9%87%D8%A7%D8%AF-%D8%AB%D9%84%D8%A7%D8%AB%D8%A9-%D8%A3%D8%B4%D8%AE%D8%A7%D8%B5-%D9%88%D8%A5%D8%B5%D8%A7%D8%A8%D8%A9-%D8%B9%D8%AF%D8%AF-%D9%85%D9%86-%D8%A3%D9%81%D8%B1%D8%A7%D8%AF-%D8%B9%D8%A7%D8%A6%D9%84%D8%A9-%D9%86%D8%A7%D8%B2%D8%AD%D8%A9-2,417623,0,0,
INC-0016,2026-03-06,الحنية (Al-Haniyeh),الحنية,Tyre,South Lebanon,,,airstrike,unspecified,2026-03-06T17:00:00.000+02:00,2026-03-06T17:00:00.000+02:00,1,https://www.nna-leb.gov.lb/ar/news/418000/%D8%B4%D9%87%D8%AF%D8%A7%D8%A1-%D9%81%D9%8A-%D8%BA%D8%A7%D8%B1%D8%A9-%D8%A7%D8%B3%D8%AA%D9%87%D8%AF%D9%81%D8%AA-%D8%A7%D9%84%D8%AD%D9%86%D9%8A%D8%A9-2,418000,0,1,"death count vague ('a number of martyrs'), no figure given - linked to 417990's mention of a Haniyeh strike"
INC-0017,2026-03-06,الدوير (Al-Dawir),الدوير,Nabatieh,Nabatieh,5,9,airstrike,home (3-story),2026-03-06T12:45:00.000+02:00,2026-03-06T13:50:00.000+02:00,2,https://www.nna-leb.gov.lb/ar/news/417915/%D8%A7%D8%B3%D8%AA%D8%B4%D9%87%D8%A7%D8%AF-%D8%B4%D9%82%D9%8A%D9%82-%D8%A7%D9%84%D8%B2%D9%85%D9%8A%D9%84-%D8%AF%D8%A7%D9%88%D8%AF-%D8%B1%D9%85%D8%A7%D9%84-%D9%88%D8%B2%D9%88%D8%AC%D8%AA%D9%87-%D8%AC%D8%B1%D8%A7%D8%A1-%D8%AA%D8%AF%D9%85%D9%8A%D8%B1-%D9%85%D9%86%D8%B2%D9%84%D9%8A%D9%87%D9%85%D8%A7-%D9%81%D9%8A-%D8%BA%D8%A7%D8%B1%D8%A9-%D8%B9%D9%84%D9%89-%D8%A7%D9%84%D8%AF%D9%88%D9%8A%D8%B1-%D9%88%D8%A5%D8%B5%D8%A7%D8%A8%D8%A9-%D8%B4%D9%82%D9%8A%D9%82%D9%87-%D8%A7%D9%84%D8%AB%D8%A7%D9%86%D9%8A-%D8%A8%D8%AC%D8%B1%D9%88%D8%AD-%D8%A8%D8%A7%D9%84%D8%BA%D8%A9-2;https://www.nna-leb.gov.lb/ar/news/417945/%D8%A7%D9%84%D8%B9%D8%AF%D9%88-%D9%8A%D8%B1%D8%AA%D9%83%D8%A8-%D9%85%D8%AC%D8%B2%D8%B1%D8%A9-%D9%81%D9%8A-%D8%A7%D9%84%D8%AF%D9%88%D9%8A%D8%B1--5-%D8%B4%D9%87%D8%AF%D8%A7%D8%A1-%D9%889-%D8%AC%D8%B1%D8%AD%D9%89-%D9%88%D8%AF%D9%85%D8%A7%D8%B1-%D9%87%D8%A7%D8%A6%D9%84-%D9%88%D9%85%D9%86%D8%A7%D8%B2%D9%84-%D8%AD%D9%88%D9%84%D8%AA-%D8%A7%D9%84%D9%89-%D8%A3%D8%B7%D9%84%D8%A7%D9%84-2,417915;417945,0,0,"chain continues in 417945, toll rises to 5 | update to 417915 chain; also mentions Haroof, Toul (near school), Kawthariyet al-Rez strikes w/ no confirmed deaths"
INC-0018,2026-03-06,السعيدة (Saaideh),السعيدة - غرب بعلبك,Baalbek,Baalbek-Hermel,3,0,airstrike,residence,2026-03-06T12:40:21.000+02:00,2026-03-06T12:40:21.000+02:00,1,https://www.nna-leb.gov.lb/ar/news/417913/3-%D8%B4%D9%87%D8%AF%D8%A7%D8%A1-%D9%81%D9%8A-%D8%A7%D9%84%D8%BA%D8%A7%D8%B1%D8%A9-%D8%B9%D9%84%D9%89-%D8%A7%D9%84%D8%B3%D8%B9%D9%8A%D8%AF%D8%A9-%D8%BA%D8%B1%D8%A8-%D8%A8%D8%B9%D9%84%D8%A8%D9%83-2,417913,0,0,
INC-0019,2026-03-06,الشياح (Chiyah)/مار مخايل,مار مخايل - الشياح,Baabda,Mount Lebanon,1,3,airstrike,unspecified,2026-03-06T16:02:38.000+02:00,2026-03-06T16:02:38.000+02:00,1,https://www.nna-leb.gov.lb/ar/news/417987/%D8%B7%D9%88%D8%A7%D8%B1%D9%89%D8%A1-%D8%A7%D9%84%D8%B5%D8%AD%D8%A9-%D8%B4%D9%87%D9%8A%D8%AF-%D8%B3%D9%88%D8%B1%D9%8A-%D9%883-%D8%AC%D8%B1%D8%AD%D9%89-%D8%AD%D8%B5%D9%8A%D9%84%D8%A9-%D8%A7%D9%84%D8%BA%D8%A7%D8%B1%D8%A9-%D8%B9%D9%84%D9%89-%D9%85%D9%86%D8%B7%D9%82%D8%A9-%D9%85%D8%A7%D8%B1-%D9%85%D8%AE%D8%A7%D9%8A%D9%84---%D8%A7%D9%84%D8%B4%D9%8A%D8%A7%D8%AD-2,417987,0,0,1 dead is a Syrian national (per source) - not labeled civilian/combatant
INC-0020,2026-03-06,المروانية (Marwaniyeh),اطراف المروانية - الزهراني,Zahrani,South Lebanon,1,0,airstrike,unspecified,2026-03-06T10:45:46.000+02:00,2026-03-06T10:45:46.000+02:00,1,https://www.nna-leb.gov.lb/ar/news/417860/%D8%B4%D9%87%D9%8A%D8%AF-%D9%81%D9%8A-%D8%A7%D9%84%D8%BA%D8%A7%D8%B1%D8%A9-%D8%B9%D9%84%D9%89-%D8%A7%D8%B7%D8%B1%D8%A7%D9%81-%D8%A7%D9%84%D9%85%D8%B1%D9%88%D8%A7%D9%86%D9%8A%D8%A9-2,417860,0,0,"district uncertain - Zahrani sometimes grouped under Sidon caza, verify"
INC-0021,2026-03-06,النبي شيت (Nabi Chit/Nabi Sheet),النبي شيت,Baalbek,Baalbek-Hermel,10,0,airstrike,residential neighborhoods,2026-03-06T15:48:00.000+02:00,2026-03-06T19:57:59.000+02:00,4,https://www.nna-leb.gov.lb/ar/news/417983/%D8%B7%D9%88%D8%A7%D8%B1%D9%89%D8%A1-%D8%A7%D9%84%D8%B5%D8%AD%D8%A9--3-%D8%B4%D9%87%D8%AF%D8%A7%D8%A1-%D9%8817-%D8%B4%D9%87%D9%8A%D8%AF%D8%A7-%D8%AD%D8%B5%D9%8A%D9%84%D8%A9-%D8%A7%D9%88%D9%84%D9%8A%D8%A9-%D9%84%D9%84%D8%BA%D8%A7%D8%B1%D8%A9-%D8%B9%D9%84%D9%89-%D8%A7%D9%84%D9%86%D8%A8%D9%8A-%D8%B4%D9%8A%D8%AA-2;https://www.nna-leb.gov.lb/ar/news/417998/%D8%A7%D9%84%D8%AD%D8%B5%D9%8A%D9%84%D8%A9-%D8%A7%D9%84%D8%A3%D9%88%D9%84%D9%8A%D8%A9-%D9%84%D9%84%D8%BA%D8%A7%D8%B1%D8%A7%D8%AA-%D8%B9%D9%84%D9%89-%D8%A7%D9%84%D9%86%D8%A8%D9%8A-%D8%B4%D9%8A%D8%AA-4-%D8%B4%D9%87%D8%AF%D8%A7%D8%A1-%D9%8813-%D8%AC%D8%B1%D9%8A%D8%AD%D9%8B%D8%A7-2;https://www.nna-leb.gov.lb/ar/news/418034/%D8%A5%D8%B1%D8%AA%D9%81%D8%A7%D8%B9-%D8%AD%D8%B5%D9%8A%D9%84%D8%A9-%D8%A7%D9%84%D8%BA%D8%A7%D8%B1%D8%A7%D8%AA-%D8%B9%D9%84%D9%89-%D8%A7%D9%84%D9%86%D8%A8%D9%8A-%D8%B4%D9%8A%D8%AA-%D8%A5%D9%84%D9%89-9-%D8%B4%D9%87%D8%AF%D8%A7%D8%A1-%D9%8817-%D8%AC%D8%B1%D9%8A%D8%AD%D8%A7-2;https://www.nna-leb.gov.lb/ar/news/418039/%D8%A5%D8%B3%D8%AA%D9%87%D8%AF%D8%A7%D9%81-%D8%A8%D9%84%D8%AF%D8%A9-%D8%A7%D9%84%D9%86%D8%A8%D9%8A-%D8%B4%D9%8A%D8%AA-%D8%A8%D8%BA%D8%A7%D8%B1%D8%A9-%D8%B9%D8%A7%D8%B4%D8%B1%D8%A9-%D9%88%D8%A7%D8%B1%D8%AA%D9%82%D8%A7%D8%A1-10-%D8%B4%D9%87%D8%AF%D8%A7%D8%A1-2,417983;417998;418034;418039,0,0,first report in the large Nabi Chit chain; see notes on 418161/418101 for reconciliation complexity | update in Nabi Chit chain (follows 417983) | update in Nabi Chit chain (follows 417998) | update in Nabi Chit chain (follows 418034); 10 named victims listed individually
INC-0022,2026-03-06,بئر حسن (Bir Hassan),بئر حسن,Baabda,Mount Lebanon,1,0,airstrike,unspecified,2026-03-06T16:04:16.000+02:00,2026-03-06T16:04:16.000+02:00,1,https://www.nna-leb.gov.lb/ar/news/417988/%D8%B7%D9%88%D8%A7%D8%B1%D9%89%D8%A1-%D8%A7%D9%84%D8%B5%D8%AD%D8%A9-%D8%B4%D9%87%D9%8A%D8%AF-%D9%81%D9%8A-%D8%A7%D9%84%D8%BA%D8%A7%D8%B1%D8%A9-%D8%A7%D9%84%D9%85%D8%B9%D8%A7%D8%AF%D9%8A%D8%A9-%D8%B9%D9%84%D9%89-%D9%85%D9%86%D8%B7%D9%82%D8%A9-%D8%A8%D8%A6%D8%B1-%D8%AD%D8%B3%D9%86-2,417988,0,0,"district/governorate uncertain - Bir Hassan admin boundary fuzzy, verify"
INC-0023,2026-03-06,تول (Toul),مسجد الامام المهدي - طريق ثانوية بلال فحص - تول,Nabatieh,Nabatieh,1,0,airstrike,mosque,2026-03-06T07:36:00.000+02:00,2026-03-06T07:36:00.000+02:00,1,https://www.nna-leb.gov.lb/ar/news/417806/%D8%BA%D8%A7%D8%B1%D8%A7%D8%AA-%D9%84%D9%8A%D9%84%D8%A7-%D9%88%D8%B5%D8%A8%D8%A7%D8%AD%D8%A7-%D8%B9%D9%84%D9%89-%D8%A8%D9%84%D8%AF%D8%A7%D8%AA-%D9%81%D9%8A-%D8%A7%D9%84%D9%86%D8%A8%D8%B7%D9%8A%D8%A9-%D8%AD%D8%B5%D8%AF%D8%AA-%D8%B4%D9%87%D8%AF%D8%A7%D8%A1-%D9%88%D8%AF%D9%85%D8%B1%D8%AA-%D9%85%D8%B3%D8%AC%D8%AF%D8%A7-%D9%88%D9%85%D9%86%D8%A7%D8%B2%D9%84-%D9%88%D9%85%D8%A8%D8%A7%D9%86%D9%8A-2,417806,0,0,"roundup article; named victim: mosque muezzin Mahdi Fahs. Also mentions Jbeshit building strike ~2 dead (unconfirmed/hedged wording) - see separate row logic; other strikes (Meifadoun, Nabatieh Bayyad, Kfartebnit homes, Kawthariyet al-Rez, Qaaqaait al-Jisr, Ainata) reported without confirmed deaths"
INC-0024,2026-03-06,جبشيت (Jbeshit),جبشيت,Nabatieh,Nabatieh,2,0,airstrike,building,2026-03-06T07:36:00.000+02:00,2026-03-06T07:36:00.000+02:00,1,https://www.nna-leb.gov.lb/ar/news/417806/%D8%BA%D8%A7%D8%B1%D8%A7%D8%AA-%D9%84%D9%8A%D9%84%D8%A7-%D9%88%D8%B5%D8%A8%D8%A7%D8%AD%D8%A7-%D8%B9%D9%84%D9%89-%D8%A8%D9%84%D8%AF%D8%A7%D8%AA-%D9%81%D9%8A-%D8%A7%D9%84%D9%86%D8%A8%D8%B7%D9%8A%D8%A9-%D8%AD%D8%B5%D8%AF%D8%AA-%D8%B4%D9%87%D8%AF%D8%A7%D8%A1-%D9%88%D8%AF%D9%85%D8%B1%D8%AA-%D9%85%D8%B3%D8%AC%D8%AF%D8%A7-%D9%88%D9%85%D9%86%D8%A7%D8%B2%D9%84-%D9%88%D9%85%D8%A8%D8%A7%D9%86%D9%8A-2,417806b,0,1,"same source article as 417806 (Toul mosque); casualty figure hedged ('وافيد عن' = it was reported, unconfirmed) - separate incident/location from Toul mosque so split into own row"
INC-0025,2026-03-06,صريفا (Srifa),صريفا,Tyre,South Lebanon,1,0,airstrike,unspecified,2026-03-06T07:38:28.000+02:00,2026-03-06T07:38:28.000+02:00,1,https://www.nna-leb.gov.lb/ar/news/417808/%D8%B4%D9%87%D9%8A%D8%AF-%D9%81%D9%8A-%D8%A7%D9%84%D8%BA%D8%A7%D8%B1%D8%A9-%D8%B9%D9%84%D9%89-%D8%B5%D8%B1%D9%8A%D9%81%D8%A7-2,417808,0,0,
INC-0026,2026-03-06,صيدا (Sidon),صيدا,Sidon,South Lebanon,5,7,airstrike,Al-Maqassed building,2026-03-06T10:35:17.000+02:00,2026-03-06T10:47:21.000+02:00,2,https://www.nna-leb.gov.lb/ar/news/417856/%D8%B4%D9%87%D9%8A%D8%AF%D8%A7%D9%86-%D9%81%D9%8A-%D8%AD%D8%B5%D9%8A%D9%84%D8%A9-%D8%A3%D9%88%D9%84%D9%8A%D8%A9-%D9%84%D8%BA%D8%A7%D8%B1%D8%A9-%D9%85%D8%A8%D9%86%D9%89-%D8%A7%D9%84%D9%85%D9%82%D8%A7%D8%B5%D8%AF-%D9%81%D9%8A-%D8%B5%D9%8A%D8%AF%D8%A7-2;https://www.nna-leb.gov.lb/ar/news/417863/%D8%B7%D9%88%D8%A7%D8%B1%D9%89%D8%A1-%D8%A7%D9%84%D8%B5%D8%AD%D8%A9-5-%D8%B4%D9%87%D8%AF%D8%A7%D8%A1-%D9%887-%D8%AC%D8%B1%D8%AD%D9%89-%D9%81%D9%8A-%D8%AD%D8%B5%D9%8A%D9%84%D8%A9-%D8%A3%D9%88%D9%84%D9%8A%D8%A9-%D9%84%D9%84%D8%BA%D8%A7%D8%B1%D8%A9-%D8%B9%D9%84%D9%89-%D8%B5%D9%8A%D8%AF%D8%A7-2,417856;417863,0,0,chain continues in 417863 | MoPH update to 417856 chain
INC-0027,2026-03-06,قلاويه (Qalawiyeh),قلاويه,Bint Jbeil,Nabatieh,2,0,airstrike,unspecified,2026-03-06T19:34:43.000+02:00,2026-03-06T19:55:00.000+02:00,2,https://www.nna-leb.gov.lb/ar/news/418036/%D8%B4%D9%87%D9%8A%D8%AF%D8%A7%D9%86-%D9%81%D9%8A-%D8%BA%D8%A7%D8%B1%D8%A9-%D9%85%D8%B9%D8%A7%D8%AF%D9%8A%D8%A9-%D8%A7%D8%B3%D8%AA%D9%87%D8%AF%D9%81%D8%AA-%D9%82%D9%84%D9%88%D9%8A%D9%87-2;https://www.nna-leb.gov.lb/ar/news/418038/%D8%BA%D8%A7%D8%B1%D8%A7%D8%AA-%D8%AC%D9%88%D9%8A%D8%A9-%D9%85%D8%B3%D8%A7%D8%A1-%D8%B9%D9%84%D9%89-%D9%8A%D8%A7%D8%B7%D8%B1-%D9%88%D8%B4%D9%82%D8%B1%D8%A7-%D9%88%D9%82%D9%84%D8%A7%D9%88%D9%8A%D9%87-%D9%88%D8%A7%D8%B1%D8%AA%D9%82%D8%A7%D8%A1-%D8%B4%D9%87%D9%8A%D8%AF%D8%A7%D9%86-2,418036;418038,0,0,"likely same event as 418038's Qalawiyeh mention (spelling variant قلاويه) - flag for merge review; district corrected to Bint Jbeil per 419080 (batch 3) | likely duplicate of 418036 (same village, same evening); article also covers Yatar and Shaqra strikes w/ no deaths reported; district corrected to Bint Jbeil per 419080 (batch 3)"
INC-0028,2026-03-06,كفررمان (Kfarremen),كفررمان,Nabatieh,Nabatieh,2,0,airstrike,unspecified (named brothers Hassan and Ali Kamal Abu Zeid),2026-03-06T14:43:14.000+02:00,2026-03-06T14:43:14.000+02:00,1,https://www.nna-leb.gov.lb/ar/news/417963/%D8%BA%D8%A7%D8%B1%D8%A9-%D8%B9%D9%84%D9%89-%D8%A8%D9%86%D8%AA-%D8%AC%D8%A8%D9%8A%D9%84-%D9%88%D8%A7%D8%B3%D8%AA%D9%87%D8%AF%D8%A7%D9%81-%D8%AF%D8%B1%D8%A7%D8%AC%D8%A9-%D9%88%D9%88%D9%82%D9%88%D8%B9-%D8%A7%D8%B5%D8%A7%D8%A8%D8%A9-%D9%88%D8%B4%D9%87%D9%8A%D8%AF%D8%A7%D9%86-%D9%81%D9%8A-%D9%83%D9%81%D8%B1%D8%B1%D9%85%D8%A7%D9%86-2,417963,0,0,article also covers Bint Jbeil/Haniyeh/Aita al-Shaab/Ramyeh strikes and a motorcycle drone strike w/ only 1 injury (no death) - not incident-worthy on their own
INC-0029,2026-03-06,مجدل سلم (Majdal Selem),مجدل سلم,Tyre,South Lebanon,9,0,airstrike,residence,2026-03-06T16:26:00.000+02:00,2026-03-06T16:26:00.000+02:00,1,https://www.nna-leb.gov.lb/ar/news/417990/%D8%A7%D8%B3%D8%AA%D8%B4%D9%87%D8%A7%D8%AF-9-%D8%A7%D8%B4%D8%AE%D8%A7%D8%B5-%D9%81%D9%8A-%D8%BA%D8%A7%D8%B1%D8%A9-%D8%A7%D8%B3%D8%AA%D9%87%D8%AF%D9%81%D8%AA-%D9%85%D9%86%D8%B2%D9%84%D8%A7-%D9%81%D9%8A-%D9%85%D8%AC%D8%AF%D9%84-%D8%B3%D9%84%D9%85-%D9%88%D8%BA%D8%A7%D8%B1%D8%A9-%D8%B9%D9%84%D9%89-%D8%A7%D9%84%D8%AD%D9%86%D9%8A%D8%A9-2,417990,0,0,"named: Saleh family, mostly women/children; article also mentions a strike on Haniyeh w/ no toll here - see 418000"
INC-0030,2026-03-07,Sharqiya/Kawthariyet al-Sayad road,طريق الشرقية - كوثرية السياد,Nabatieh,Nabatieh,1,0,airstrike,vehicle presumed (road strike),2026-03-07T20:27:01.000+02:00,2026-03-07T20:27:01.000+02:00,1,https://www.nna-leb.gov.lb/ar/news/418268/%D8%BA%D8%A7%D8%B1%D8%A7%D8%AA-%D8%B9%D9%84%D9%89-%D8%B2%D8%A8%D8%AF%D9%8A%D9%86-%D9%88%D9%83%D9%88%D8%AB%D8%B1%D9%8A%D8%A9-%D8%A7%D9%84%D8%B3%D9%8A%D8%A7%D8%AF-%D9%88%D8%B2%D9%88%D8%B7%D8%B1---%D8%A7%D9%84%D9%86%D8%A8%D8%B7%D9%8A%D8%A9-%D8%A7%D9%84%D9%81%D9%88%D9%82%D8%A7-2,418268b,1,0,"same source article as 418268; strike on road between two towns, not a single town - split into own row"
INC-0031,2026-03-07,"الشرقية (Sharqiya - village, distinct from Zawtar al-Sharqiya)",الشرقية,Nabatieh,Nabatieh,3,0,airstrike,unspecified,2026-03-08T13:00:59.000+02:00,2026-03-08T13:00:59.000+02:00,1,https://www.nna-leb.gov.lb/ar/news/418413/%D8%BA%D8%A7%D8%B1%D8%A7%D8%AA-%D8%B9%D9%84%D9%89-%D8%AD%D9%8A-%D8%A7%D9%84%D8%A8%D9%8A%D8%A7%D8%B6-%D9%81%D9%8A-%D8%A7%D9%84%D9%86%D8%A8%D8%B7%D9%8A%D8%A9-%D9%88%D8%B9%D8%B1%D8%A8%D8%B5%D8%A7%D9%84%D9%8A%D9%85-2,418413,0,0,"retrospective mention of a prior night's strike; town identity uncertain - could be a village literally named 'Sharqiya' or a truncated ref to Zawtar al-Sharqiya, verify. Article also covers same-day Bayad/Nabatieh and Arabsalim strikes w/ no deaths reported"
INC-0032,2026-03-07,النبي شيت (Nabi Chit - raid also affected Khirbeh/Sarain/Ali al-Nahri),النبي شيت - الخريبة,Baalbek,Baalbek-Hermel,26,,ground commando raid + supporting airstrikes,Lebanese Army statement confirming the same helicopter-landed force/firefight as 418101; gives partial figure only ('3 soldiers and a number of citizens'),2026-03-07T07:54:16.000+02:00,2026-03-07T11:32:38.000+02:00,2,https://www.nna-leb.gov.lb/ar/news/418101/26-%D8%B4%D9%87%D9%8A%D8%AF%D9%8B%D8%A7-%D9%81%D9%8A-%D8%B9%D9%85%D9%84%D9%8A%D8%A9-%D9%85%D9%88%D8%A7%D8%AC%D9%87%D8%A9-%D9%82%D9%88%D8%A9-%D8%A7%D9%84%D9%83%D9%88%D9%85%D8%A7%D9%86%D8%AF%D9%88%D8%B3-%D8%A7%D9%84%D8%A5%D8%B3%D8%B1%D8%A7%D8%A6%D9%8A%D9%84%D9%8A%D8%A9-%D9%81%D9%8A-%D8%A8%D9%84%D8%AF%D8%A9-%D8%A7%D9%84%D9%86%D8%A8%D9%8A-%D8%B4%D9%8A%D8%AA-%D9%81%D8%AC%D8%B1%D9%8B%D8%A7-2;https://www.nna-leb.gov.lb/ar/news/418148/%D8%A7%D9%84%D8%AC%D9%8A%D8%B4-%D8%B1%D8%B5%D8%AF%D9%86%D8%A7-%D8%A5%D9%86%D8%B2%D8%A7%D9%84%D9%8B%D8%A7-%D9%84%D9%82%D9%88%D8%A9-%D8%A5%D8%B3%D8%B1%D8%A7%D8%A6%D9%8A%D9%84%D9%8A%D8%A9-%D9%85%D8%B9%D8%A7%D8%AF%D9%8A%D8%A9-%D9%81%D9%8A-%D9%85%D8%AD%D9%8A%D8%B7-%D8%A8%D9%84%D8%AF%D8%A9-%D8%A7%D9%84%D8%AE%D8%B1%D9%8A%D8%A8%D8%A9---%D8%A8%D8%B9%D9%84%D8%A8%D9%83-%D8%B9%D9%86%D8%AF-%D8%A7%D9%84%D8%AD%D8%AF%D9%88%D8%AF-%D8%A7%D9%84%D9%84%D8%A8%D9%86%D8%A7%D9%86%D9%8A%D8%A9-%D8%A7%D9%84%D8%B3%D9%88%D8%B1%D9%8A%D8%A9-2,418101;418148,1,1,"MAJOR distinct incident, NOT a simple airstrike - flag attack_type separately in stats. Of the 26 dead: 3 explicitly identified as Lebanese Army soldiers + 1 General Security (per source); breakdown by locality: 15 Nabi Chit, 9 Khirbeh, 1 Sarain, 1 Ali al-Nahri. Corroborated by Army statement 418148. Reconciliation with 418161's 41-total figure unclear - flag heavily for user review | official Army corroboration of 418101 - same incident, do not double count; casualty figure here is partial/vague, defer to 418101's fuller breakdown"
INC-0033,2026-03-07,النبي شيت (Nabi Chit/Nabi Sheet),النبي شيت,Baalbek,Baalbek-Hermel,16,35,airstrike,"residential neighborhoods (running total, pre-commando-raid)",2026-03-07T05:56:00.000+02:00,2026-03-07T07:22:29.000+02:00,2,https://www.nna-leb.gov.lb/ar/news/418071/%D8%B7%D9%88%D8%A7%D8%B1%D8%A6-%D8%A7%D9%84%D8%B5%D8%AD%D8%A9-%D8%A7%D8%B3%D8%AA%D8%B4%D9%87%D8%A7%D8%AF-%D8%AB%D9%84%D8%A7%D8%AB%D8%A9-%D9%88%D8%AC%D8%B1%D8%AD-16-%D9%81%D9%8A-%D8%AD%D8%B5%D9%8A%D9%84%D8%A9-%D8%A3%D9%88%D9%84%D9%8A%D8%A9-%D9%84%D9%84%D8%BA%D8%A7%D8%B1%D8%A7%D8%AA-%D8%A7%D9%84%D9%85%D8%AA%D8%AC%D8%AF%D8%AF%D8%A9-%D8%B9%D9%84%D9%89-%D8%A7%D9%84%D9%86%D8%A8%D9%8A-%D8%B4%D9%8A%D8%AA-2;https://www.nna-leb.gov.lb/ar/news/418094/%D8%AD%D8%B5%D9%8A%D9%84%D8%A9-%D8%A5%D8%AC%D9%85%D8%A7%D9%84%D9%8A%D8%A9-%D8%BA%D9%8A%D8%B1-%D9%86%D9%87%D8%A7%D8%A6%D9%8A%D8%A9-%D9%84%D9%84%D8%BA%D8%A7%D8%B1%D8%A7%D8%AA-%D8%B9%D9%84%D9%89-%D8%A7%D9%84%D9%86%D8%A8%D9%8A-%D8%B4%D9%8A%D8%AA-2,418071;418094,0,1,"labeled 'renewed' (متجددة) strikes - possibly a distinct new wave rather than simple continuation; reconciliation with 418094/418161 totals is unclear - flag heavily for merge review | aggregate update in Nabi Chit chain, published just before the commando-raid report (418101) - likely does not yet include those 26"
INC-0034,2026-03-07,جبال البطم (Jabal al-Botm),جبال البطم,Tyre,South Lebanon,3,4,drone strike,café,2026-03-07T21:45:00.000+02:00,2026-03-08T05:10:07.000+02:00,2,https://www.nna-leb.gov.lb/ar/news/418284/%D8%A7%D8%B3%D8%AA%D9%87%D8%AF%D8%A7%D9%81-%D9%85%D9%82%D9%87%D9%89-%D9%81%D9%8A-%D8%A8%D9%84%D8%AF%D8%A9-%D8%AC%D8%A8%D8%A7%D9%84-%D8%A7%D9%84%D8%A8%D8%B7%D9%85-%D9%82%D8%B6%D8%A7%D8%A1-%D8%B5%D9%88%D8%B1%D9%88%D8%B3%D9%82%D9%88%D8%B7-%D8%B4%D9%87%D9%8A%D8%AF%D9%8A%D9%86-2;https://www.nna-leb.gov.lb/ar/news/418298/%D8%BA%D8%A7%D8%B1%D8%A9-%D8%B9%D9%84%D9%89-%D8%AC%D8%A8%D8%A7%D9%84-%D8%A7%D9%84%D8%A8%D8%B7%D9%85-%D9%84%D9%8A%D9%84%D8%A7-%D8%A3%D8%AF%D8%AA-%D8%A5%D9%84%D9%89-%D8%A7%D8%B3%D8%AA%D8%B4%D9%87%D8%A7%D8%AF-%D8%AB%D9%84%D8%A7%D8%AB%D8%A9-%D9%85%D9%88%D8%A7%D8%B7%D9%86%D9%8A%D9%86-%D9%88%D8%A5%D8%B5%D8%A7%D8%A8%D8%A9-%D8%A3%D8%B1%D8%A8%D8%B9%D8%A9-2,418284;418298,0,0,chain continues/confirmed in 418298 | confirms/duplicates 418284 - do not double count
INC-0035,2026-03-07,جبشيت (Jbeshit - separate afternoon strike),جبشيت,Nabatieh,Nabatieh,3,0,airstrike,unspecified,2026-03-07T16:39:00.000+02:00,2026-03-07T16:39:00.000+02:00,1,https://www.nna-leb.gov.lb/ar/news/418222/%D8%A7%D9%84%D8%B9%D8%AF%D9%88-%D8%B5%D8%B9%D9%91%D8%AF-%D9%88%D8%AA%D9%8A%D8%B1%D8%A9-%D8%B9%D8%AF%D9%88%D8%A7%D9%86%D9%87-%D8%A8%D8%B9%D8%AF-%D8%B8%D9%87%D8%B1-%D8%A7%D9%84%D9%8A%D9%88%D9%85-%D8%B9%D9%84%D9%89-%D8%A8%D9%84%D8%AF%D8%A7%D8%AA-%D9%85%D9%86%D8%B7%D9%82%D8%AA%D9%8A-%D8%A7%D9%84%D9%86%D8%A8%D8%B7%D9%8A%D8%A9-%D9%88%D8%A8%D9%86%D8%AA-%D8%AC%D8%A8%D9%8A%D9%84-2,418222b,0,0,"same source article as 418222; distinct afternoon strike, separate from the morning's 6-dead Jbeshit massacre (418093) - flag for merge review whether additive or overlapping"
INC-0036,2026-03-07,جبشيت (Jbeshit),جبشيت,Nabatieh,Nabatieh,6,0,airstrike,residence,2026-03-07T07:21:20.000+02:00,2026-03-07T07:21:20.000+02:00,1,https://www.nna-leb.gov.lb/ar/news/418093/%D9%85%D8%AC%D8%B2%D8%B1%D8%A9-%D9%81%D9%8A-%D8%AC%D8%A8%D8%B4%D9%8A%D8%AA-%D8%A7%D8%AF%D8%AA-%D8%A7%D9%84%D9%89-%D8%A7%D8%B3%D8%AA%D8%B4%D9%87%D8%A7%D8%AF-6-%D9%85%D9%88%D8%A7%D8%B7%D9%86%D9%8A%D9%86-%D8%A8%D9%8A%D9%86%D9%87%D9%85-4-%D9%85%D9%86-%D8%B9%D8%A7%D8%A6%D9%84%D8%A9-%D9%88%D8%A7%D8%AD%D8%AF%D8%A9-2,418093,0,0,"4 of 6 from one family; article also reports later-morning strike destroying town square (no add'l deaths given here), plus Kawthariyet al-Rez/Ansar/Zawtar al-Sharqiya strikes w/ no deaths, and a vague/unconfirmed Kfartebnit death report - see separate row for that"
INC-0037,2026-03-07,خربة سلم (Khirbet Selm),خربة سلم,Bint Jbeil,Nabatieh,6,5,airstrike,unspecified,2026-03-07T21:58:18.000+02:00,2026-03-07T21:58:18.000+02:00,1,https://www.nna-leb.gov.lb/ar/news/418287/%D8%AD%D8%B5%D9%8A%D9%84%D8%A9-%D8%A7%D9%84%D8%BA%D8%A7%D8%B1%D8%A9-%D8%B9%D9%84%D9%89-%D8%AE%D8%B1%D8%A8%D8%A9-%D8%B3%D9%84%D9%85-6-%D8%B4%D9%87%D8%AF%D8%A7%D8%A1-%D9%885-%D8%AC%D8%B1%D8%AD%D9%89-2,418287,0,0,toll for the Khirbet Selm strike mentioned in passing in 418222's roundup
INC-0038,2026-03-07,زبدين (Zebdine),زبدين - محطة القبيسي,Nabatieh,Nabatieh,,,airstrike,unspecified,2026-03-07T20:27:01.000+02:00,2026-03-07T20:27:01.000+02:00,1,https://www.nna-leb.gov.lb/ar/news/418268/%D8%BA%D8%A7%D8%B1%D8%A7%D8%AA-%D8%B9%D9%84%D9%89-%D8%B2%D8%A8%D8%AF%D9%8A%D9%86-%D9%88%D9%83%D9%88%D8%AB%D8%B1%D9%8A%D8%A9-%D8%A7%D9%84%D8%B3%D9%8A%D8%A7%D8%AF-%D9%88%D8%B2%D9%88%D8%B7%D8%B1---%D8%A7%D9%84%D9%86%D8%A8%D8%B7%D9%8A%D8%A9-%D8%A7%D9%84%D9%81%D9%88%D9%82%D8%A7-2,418268,0,1,"death count vague ('a number of martyrs'), no figure given"
INC-0039,2026-03-07,زوطر الشرقية (Zawtar al-Sharqiya),زوطر الشرقية,Nabatieh,Nabatieh,5,0,airstrike,two separate residential buildings (town center + Harit al-Fawqa neighborhood),2026-03-07T12:17:44.000+02:00,2026-03-07T12:17:44.000+02:00,1,https://www.nna-leb.gov.lb/ar/news/418162/5-%D8%B4%D9%87%D8%AF%D8%A7%D8%A1-%D9%81%D9%8A-%D8%A7%D9%84%D8%BA%D8%A7%D8%B1%D8%A9-%D8%B9%D9%84%D9%89-%D8%B2%D9%88%D8%B7%D8%B1-%D8%A7%D9%84%D8%B4%D8%B1%D9%82%D9%8A%D8%A9-2,418162,0,0,"ADDED during validation audit - originally missed during initial classification (present in the batch-2 source dump but skipped). Two days after and distinct from the March 5 417516/417534 Zawtar al-Sharqiya cluster - separate incident, different date"
INC-0040,2026-03-07,شمسطار (Shamsatar),شمسطار,Baalbek,Baalbek-Hermel,6,0,airstrike,residence,2026-03-07T07:14:04.000+02:00,2026-03-07T12:00:24.000+02:00,2,https://www.nna-leb.gov.lb/ar/news/418090/%D9%85%D8%AC%D8%B2%D8%B1%D8%A9-%D8%A5%D8%B3%D8%B1%D8%A7%D8%A6%D9%8A%D9%84%D9%8A%D8%A9-%D9%81%D8%AC%D8%B1%D9%8B%D8%A7-%D8%A8%D8%AD%D9%82-%D8%B9%D8%A7%D8%A6%D9%84%D8%A9-%D9%86%D8%A7%D8%B2%D8%AD%D8%A9-%D8%A5%D9%84%D9%89-%D8%B4%D9%85%D8%B3%D8%B7%D8%A7%D8%B1-2;https://www.nna-leb.gov.lb/ar/news/418157/6-%D8%B4%D9%87%D8%AF%D8%A7%D8%A1-%D9%81%D9%8A-%D8%B4%D9%85%D8%B3%D8%B7%D8%A7%D8%B1-2,418090;418157,0,0,entire family of 6 (2 parents+4 children) killed; update/confirmation in 418157 | MoPH update/confirmation of 418090 chain (4 children + 1 woman + implied father)
INC-0041,2026-03-07,صريفا (Srifa),صريفا,Tyre,South Lebanon,2,0,airstrike,unspecified,2026-03-07T17:00:00.000+02:00,2026-03-07T17:00:00.000+02:00,1,https://www.nna-leb.gov.lb/ar/news/418230/%D8%B4%D9%87%D9%8A%D8%AF%D8%A7%D9%86-%D9%88%D8%AC%D8%B1%D8%AD%D9%89-%D9%81%D9%8A-%D8%A7%D9%84%D8%BA%D8%A7%D8%B1%D8%A9-%D8%B9%D9%84%D9%89-%D8%B5%D8%B1%D9%8A%D9%81%D8%A7-2,418230,0,0,"different date from the earlier 1-dead Srifa strike (417808, March 5) - separate incident"
INC-0042,2026-03-07,كفرتبنيت (Kfartebnit),كفرتبنيت,Nabatieh,Nabatieh,,,airstrike,unspecified,2026-03-07T07:21:20.000+02:00,2026-03-07T07:21:20.000+02:00,1,https://www.nna-leb.gov.lb/ar/news/418093/%D9%85%D8%AC%D8%B2%D8%B1%D8%A9-%D9%81%D9%8A-%D8%AC%D8%A8%D8%B4%D9%8A%D8%AA-%D8%A7%D8%AF%D8%AA-%D8%A7%D9%84%D9%89-%D8%A7%D8%B3%D8%AA%D8%B4%D9%87%D8%A7%D8%AF-6-%D9%85%D9%88%D8%A7%D8%B7%D9%86%D9%8A%D9%86-%D8%A8%D9%8A%D9%86%D9%87%D9%85-4-%D9%85%D9%86-%D8%B9%D8%A7%D8%A6%D9%84%D8%A9-%D9%88%D8%A7%D8%AD%D8%AF%D8%A9-2,418093b,0,1,"same source article as 418093 (Jbeshit massacre); casualty figure hedged ('وافيد عن ارتقاء شهداء' = reported, unconfirmed, no number) - separate location so split into own row"
INC-0043,2026-03-07,كفررمان (Kfarremen),كفررمان,Nabatieh,Nabatieh,2,0,drone strike,unspecified,2026-03-07T20:59:13.000+02:00,2026-03-07T21:34:38.000+02:00,2,https://www.nna-leb.gov.lb/ar/news/418275/%D8%BA%D8%A7%D8%B1%D8%A7%D8%AA-%D8%B9%D9%84%D9%89-%D8%A7%D9%84%D9%86%D8%A8%D8%B7%D9%8A%D8%A9-%D8%A7%D9%84%D9%81%D9%88%D9%82%D8%A7-%D9%88%D8%AC%D8%A8%D8%B4%D9%8A%D8%AA-%D9%88%D8%B9%D9%8A%D8%AA%D8%B1%D9%88%D9%86-%D9%88%D8%A7%D8%B3%D8%AA%D9%87%D8%AF%D8%A7%D9%81-%D8%AF%D8%B1%D8%A7%D8%AC%D8%A9-%D9%86%D8%A7%D8%B1%D9%8A%D8%A9-%D9%81%D9%8A-%D9%83%D9%81%D8%B1%D8%B1%D9%85%D8%A7%D9%86-2;https://www.nna-leb.gov.lb/ar/news/418281/%D8%B7%D9%88%D8%A7%D8%B1%D9%89%D8%A1-%D8%A7%D9%84%D8%B5%D8%AD%D8%A9-%D8%B4%D9%87%D9%8A%D8%AF%D8%A7%D9%86-%D9%81%D9%8A-%D9%83%D9%81%D8%B1%D8%B1%D9%85%D8%A7%D9%86-2,418275;418281,0,1,"death count hedged ('وافيد عن')- likely same event as 418281's MoPH confirmation, flag for merge review; article also covers Nabatieh al-Fawqa, Jabal al-Ahmar/Jbeshit, and Aitaroun strikes w/ no deaths reported | MoPH confirmation, likely same incident as 418275 - do not double count"
INC-0044,2026-03-07,كوثرية الرز (Kawthariyet al-Rez - separate responder-team strike),كوثرية الرز,Sidon,South Lebanon,3,0,strike on rescue/civil-defense team,Civil Defense - Islamic Health Authority rescue team (explicitly identified by source),2026-03-07T18:44:47.000+02:00,2026-03-07T18:44:47.000+02:00,1,https://www.nna-leb.gov.lb/ar/news/418252/3-%D8%B4%D9%87%D8%AF%D8%A7%D8%A1-%D9%88%D8%B9%D8%AF%D8%AF-%D9%85%D9%86-%D8%A7%D9%84%D8%AC%D8%B1%D8%AD%D9%89-%D8%AD%D8%B5%D9%8A%D9%84%D8%A9-%D8%A7%D8%B3%D8%AA%D9%87%D8%AF%D8%A7%D9%81-%D8%A7%D9%84%D8%B9%D8%AF%D9%88-%D9%81%D8%B1%D9%82-%D8%A7%D9%84%D8%A5%D8%B3%D8%B9%D8%A7%D9%81-%D9%88%D8%A7%D9%84%D8%AF%D9%81%D8%A7%D8%B9-%D8%A7%D9%84%D9%85%D8%AF%D9%86%D9%8A-%D9%81%D9%8A-%D8%A7%D9%84%D9%87%D9%8A%D8%A6%D8%A9-%D8%A7%D9%84%D8%B5%D8%AD%D9%8A%D8%A9-%D8%A7%D9%84%D8%A5%D8%B3%D9%84%D8%A7%D9%85%D9%8A%D8%A9-%D9%81%D9%8A-%D8%B9%D8%AF%D8%AF-%D9%85%D9%86-%D8%A8%D9%84%D8%AF%D8%A7%D8%AA-%D8%A7%D9%84%D8%AC%D9%86%D9%88%D8%A8-2,418252,0,0,"distinct incident from 418139 (different target - rescue team, not the sheikh's home); article also covers Jbeshit/Arnoun responder strikes w/ injuries only, no deaths"
INC-0045,2026-03-07,كوثرية الرز (Kawthariyet al-Rez),كوثرية الرز,Sidon,South Lebanon,2,0,airstrike,residence (sheikh's home),2026-03-07T10:57:00.000+02:00,2026-03-07T10:57:00.000+02:00,1,https://www.nna-leb.gov.lb/ar/news/418139/%D8%A7%D8%B3%D8%AA%D9%87%D8%AF%D8%A7%D9%81-%D9%85%D9%86%D8%B2%D9%84-%D8%A3%D8%AD%D8%AF-%D8%A7%D9%84%D8%B4%D9%8A%D9%88%D8%AE-%D9%81%D9%8A-%D9%83%D9%88%D8%AB%D8%B1%D9%8A%D8%A9-%D8%A7%D9%84%D8%B1%D8%B2-%D9%88%D8%A7%D8%B3%D8%AA%D8%B4%D9%87%D8%A7%D8%AF-%D8%B4%D8%AE%D8%B5%D9%8A%D9%86-2,418139,0,0,"named: sheikh Adel al-Turki's two sons; sheikh himself badly wounded; district uncertain (may be Zahrani caza), verify"
INC-0046,2026-03-07,ميفدون (Meifadoun),ميفدون,Nabatieh,Nabatieh,5,0,airstrike,residential neighborhood (destroyed),2026-03-07T16:39:00.000+02:00,2026-03-07T16:39:00.000+02:00,1,https://www.nna-leb.gov.lb/ar/news/418222/%D8%A7%D9%84%D8%B9%D8%AF%D9%88-%D8%B5%D8%B9%D9%91%D8%AF-%D9%88%D8%AA%D9%8A%D8%B1%D8%A9-%D8%B9%D8%AF%D9%88%D8%A7%D9%86%D9%87-%D8%A8%D8%B9%D8%AF-%D8%B8%D9%87%D8%B1-%D8%A7%D9%84%D9%8A%D9%88%D9%85-%D8%B9%D9%84%D9%89-%D8%A8%D9%84%D8%AF%D8%A7%D8%AA-%D9%85%D9%86%D8%B7%D9%82%D8%AA%D9%8A-%D8%A7%D9%84%D9%86%D8%A8%D8%B7%D9%8A%D8%A9-%D9%88%D8%A8%D9%86%D8%AA-%D8%AC%D8%A8%D9%8A%D9%84-2,418222,0,0,"article is an area-wide roundup; also reports a SEPARATE afternoon Jbeshit strike (3 dead, see next row) and several strikes w/ no reported deaths (Arnoun ambulance-injuries only, Zebdine, Ansar, Breiqaa, Bint Jbeil villages)"
INC-0047,2026-03-08,الدوير (Al-Dawir),الدوير - حي السدر,Nabatieh,Nabatieh,6,0,airstrike,residence + car-repair hangar,2026-03-08T15:54:28.000+02:00,2026-03-08T15:54:28.000+02:00,1,https://www.nna-leb.gov.lb/ar/news/418446/6-%D8%B4%D9%87%D8%AF%D8%A7%D8%A1-%D9%85%D9%86-%D8%B9%D8%A7%D8%A6%D9%84%D8%A9-%D9%88%D8%A7%D8%AD%D8%AF%D8%A9-%D9%81%D9%8A-%D8%BA%D8%A7%D8%B1%D8%A9-%D8%A7%D9%84%D8%AF%D9%88%D9%8A%D8%B1-2,418446,0,0,"Ayyash family (5 of 6) - SEPARATE incident from the March 6 Al-Dawir/Ramal-family massacre (417915/417945, batch 1) - different family, different date"
INC-0048,2026-03-08,الروشة (Raouche),الروشة - بيروت,Beirut,Beirut,4,10,airstrike,hotel room,2026-03-08T04:54:00.000+02:00,2026-03-08T04:54:00.000+02:00,1,https://www.nna-leb.gov.lb/ar/news/418291/%D8%A7%D8%B3%D8%AA%D8%B4%D9%87%D8%A7%D8%AF-3-%D9%88%D8%AC%D8%B1%D8%AD-9-%D9%81%D9%8A-%D8%A7%D9%84%D8%BA%D8%A7%D8%B1%D8%A9-%D8%B9%D9%84%D9%89-%D9%81%D9%86%D8%AF%D9%82-%D9%81%D9%8A-%D8%A7%D9%84%D8%B1%D9%88%D8%B4%D8%A9-%D9%81%D8%AC%D8%B1%D8%A7-2,418291,0,0,"toll updated within the same article (3->4 dead, 9->10 injured, one injured person died)"
INC-0049,2026-03-08,الشعيتية (Al-Shaitiyeh),الشعيتية,Tyre,South Lebanon,,,airstrike,unspecified,2026-03-08T06:33:22.000+02:00,2026-03-08T06:33:22.000+02:00,1,https://www.nna-leb.gov.lb/ar/news/418315/%D8%BA%D8%A7%D8%B1%D8%A9-%D8%B9%D9%84%D9%89-%D8%A7%D9%84%D8%B4%D8%B9%D9%8A%D8%AA%D9%8A%D8%A9-%D9%88%D8%B3%D9%82%D9%88%D8%B7-%D8%B4%D9%87%D8%AF%D8%A7%D8%A1-%D9%88%D8%AC%D8%B1%D8%AD%D9%89-2,418315,0,1,"death count vague ('casualties and martyrs reported'), no figure given"
INC-0050,2026-03-08,الغازية (Ghazieh),الغازية,Sidon,South Lebanon,2,10,airstrike,building housing a displaced family,2026-03-08T10:25:38.000+02:00,2026-03-08T21:51:46.000+02:00,2,https://www.nna-leb.gov.lb/ar/news/418372/%D8%A7%D9%84%D8%BA%D8%A7%D8%B1%D8%A9-%D8%B9%D9%84%D9%89-%D8%A7%D9%84%D8%BA%D8%A7%D8%B2%D9%8A%D8%A9-%D8%B4%D9%87%D9%8A%D8%AF%D8%A7%D9%86-%D9%88%D8%AC%D8%B1%D8%AD%D9%89-%D9%88%D8%B9%D9%85%D9%84%D9%8A%D8%A7%D8%AA-%D8%B1%D9%81%D8%B9-%D8%A7%D9%84%D8%A7%D9%86%D9%82%D8%A7%D8%B6-%D9%85%D8%B3%D8%AA%D9%85%D8%B1%D8%A9-2;https://www.nna-leb.gov.lb/ar/news/418515/%D8%A7%D8%B3%D8%AA%D8%B4%D9%87%D8%A7%D8%AF-%D9%85%D9%88%D8%A7%D8%B7%D9%86%D9%8A%D9%86-%D9%8810-%D8%AC%D8%B1%D8%AD%D9%89-%D9%81%D9%8A-%D8%A7%D9%84%D8%BA%D8%A7%D8%B1%D8%A9-%D8%B9%D9%84%D9%89-%D8%A7%D9%84%D8%BA%D8%A7%D8%B2%D9%8A%D8%A9-2,418372;418515,0,0,named: Brig. Gen. Mohammad Hammadi + nephew; update/confirmation in 418515 | MoPH update/confirmation of 418372 chain
INC-0051,2026-03-08,بريتال (Britel),بريتال,Baalbek,Baalbek-Hermel,1,1,airstrike,excavator/digger,2026-03-08T19:10:52.000+02:00,2026-03-08T19:10:52.000+02:00,1,https://www.nna-leb.gov.lb/ar/news/418485/%D8%B4%D9%87%D9%8A%D8%AF-%D9%88%D8%AC%D8%B1%D9%8A%D8%AD-%D9%81%D9%8A-%D8%A7%D9%84%D8%BA%D8%A7%D8%B1%D8%A9-%D8%B9%D9%84%D9%89-%D8%A8%D8%B1%D9%8A%D8%AA%D8%A7%D9%84-2,418485,0,0,1 dead is a Syrian national (per source)
INC-0052,2026-03-08,تبنين (Tibnine),تبنين,Bint Jbeil,Nabatieh,2,6,airstrike,unspecified,2026-03-08T21:08:17.000+02:00,2026-03-08T21:08:17.000+02:00,1,https://www.nna-leb.gov.lb/ar/news/418509/%D8%B4%D9%87%D9%8A%D8%AF%D8%A7%D9%86-%D9%886-%D8%AC%D8%B1%D8%AD%D9%89-%D9%81%D9%8A-%D8%A7%D9%84%D8%BA%D8%A7%D8%B1%D8%A7%D8%AA-%D8%B9%D9%84%D9%89-%D8%AA%D8%A8%D9%86%D9%8A%D9%86-2,418509,0,0,distinct from the March 9 Tibnine strike (418806) - different date
INC-0053,2026-03-08,تفاحتا (Tfahta),تفاحتا - حي الظهور,Sidon,South Lebanon,8,0,airstrike,3-story residential building,2026-03-08T04:58:20.000+02:00,2026-03-08T10:22:50.000+02:00,3,https://www.nna-leb.gov.lb/ar/news/418293/%D8%BA%D8%A7%D8%B1%D8%A9-%D9%84%D9%8A%D9%84%D8%A7-%D8%B9%D9%84%D9%89-%D8%AA%D9%81%D8%A7%D8%AD%D8%AA%D8%A7-%D8%A7%D8%AF%D9%89-%D8%A7%D9%84%D9%89-%D8%A7%D8%B3%D8%AA%D8%B4%D9%87%D8%A7%D8%AF-%D8%B9%D8%A7%D8%A6%D9%84%D8%A9-%D9%85%D8%A4%D9%84%D9%81%D8%A9-%D9%85%D9%86-8-%D8%A7%D8%B4%D8%AE%D8%A7%D8%B5-2;https://www.nna-leb.gov.lb/ar/news/418296/%D8%B9%D9%85%D9%84%D9%8A%D8%A7%D8%AA-%D8%A7%D9%84%D8%B5%D8%AD%D8%A9-%D8%A7%D9%84%D8%BA%D8%A7%D8%B1%D8%A9-%D8%B9%D9%84%D9%89-%D8%AA%D9%81%D8%A7%D8%AD%D8%AA%D8%A7-%D8%A7%D8%AF%D8%AA-%D9%81%D9%8A-%D8%AD%D8%B5%D9%8A%D9%84%D8%A9-%D8%A3%D9%88%D9%84%D9%8A%D8%A9-%D8%A5%D9%84%D9%89-%D8%A7%D8%B3%D8%AA%D8%B4%D9%87%D8%A7%D8%AF-%D8%AE%D9%85%D8%B3%D8%A9-2;https://www.nna-leb.gov.lb/ar/news/418371/%D9%85%D8%AC%D8%B2%D8%B1%D8%A9-%D8%AA%D9%81%D8%A7%D8%AD%D8%AA%D8%A7-8-%D8%B4%D9%87%D8%AF%D8%A7%D8%A1-%D8%A8%D9%8A%D9%86%D9%87%D9%85-5-%D9%85%D9%86-%D8%B9%D8%A7%D8%A6%D9%84%D8%A9-%D9%88%D8%A7%D8%AD%D8%AF%D8%A9-2,418293;418296;418371,0,0,"initial/unconfirmed estimate of whole family (8); revised down in 418296 to 5 - flag discrepancy for merge review, use latest (5) per methodology but preserve 8 in updates table | MoPH revision of 418293 chain (8->5), still described as preliminary/not final, search for missing continuing | same Tfahta massacre as 418293/418296 (batch 2) - full named victim list (8) confirms the original 8 estimate was correct and 418296's MoPH interim figure of 5 was itself preliminary/incomplete; treat this as the final count for that incident"
INC-0054,2026-03-08,صور (Tyre - Al-Athar neighborhood),صور - حي الآثار,Tyre,South Lebanon,8,0,airstrike,unspecified,2026-03-08T20:52:39.000+02:00,2026-03-08T20:52:39.000+02:00,1,https://www.nna-leb.gov.lb/ar/news/418506/%D9%88%D8%B2%D8%A7%D8%B1%D8%A9-%D8%A7%D9%84%D8%B5%D8%AD%D8%A9-10-%D8%B4%D9%87%D8%AF%D8%A7%D8%A1-%D9%81%D9%8A-%D8%A7%D9%84%D8%BA%D8%A7%D8%B1%D8%A9-%D8%B9%D9%84%D9%89-%D8%AD%D9%8A-%D8%A7%D9%84%D8%A2%D8%AB%D8%A7%D8%B1-%D9%81%D9%8A-%D8%B5%D9%88%D8%B1-2,418506,0,1,"headline says 10, body text says 8 - internal inconsistency in the source article itself, flag for merge review, using body figure (8) as more specific"
INC-0055,2026-03-08,صير الغربية (Sir al-Gharbiyeh),صير الغربية,Nabatieh,Nabatieh,10,6,airstrike,residential building,2026-03-08T07:48:40.000+02:00,2026-03-08T20:31:42.000+02:00,2,https://www.nna-leb.gov.lb/ar/news/418326/19-%D8%B4%D9%87%D9%8A%D8%AF%D8%A7-%D9%81%D9%8A-%D8%A7%D9%84%D8%BA%D8%A7%D8%B1%D8%A9-%D8%B9%D9%84%D9%89-%D9%85%D8%A8%D9%86%D9%89-%D9%81%D9%8A-%D8%B5%D9%8A%D8%B1-%D8%A7%D9%84%D8%BA%D8%B1%D8%A8%D9%8A%D8%A9-%D9%84%D9%8A%D9%84%D8%A7-2;https://www.nna-leb.gov.lb/ar/news/418500/%D9%88%D8%B2%D8%A7%D8%B1%D8%A9-%D8%A7%D9%84%D8%B5%D8%AD%D8%A9-10-%D8%B4%D9%87%D8%AF%D8%A7%D8%A1-%D9%886-%D8%AC%D8%B1%D8%AD%D9%89-%D9%81%D9%8A-%D8%A7%D9%84%D8%BA%D8%A7%D8%B1%D8%A9-%D8%B9%D9%84%D9%89-%D8%B5%D9%8A%D8%B1-%D8%A7%D9%84%D8%BA%D8%B1%D8%A8%D9%8A%D8%A9-2,418326;418500,0,0,"initial correspondent estimate; MoPH update in 418500 gives a much lower 10 - large discrepancy, flag heavily for merge review; article also mentions earlier Al-Bayader strike (between Kfarjouz/Habbouch) w/ no deaths | MoPH update to 418326 chain - large drop from initial 19 estimate, flag heavily for merge review"
INC-0056,2026-03-08,علما الشعب (Alma al-Shaab),علما الشعب,Marjayoun,Nabatieh,1,0,drone strike,named individual (occupation: farmer per 418442),2026-03-08T15:25:00.000+02:00,2026-03-08T15:34:00.000+02:00,2,https://www.nna-leb.gov.lb/ar/news/418442/%D8%A7%D8%B3%D8%AA%D8%B4%D9%87%D8%A7%D8%AF-%D9%85%D8%B2%D8%A7%D8%B1%D8%B9-%D9%81%D9%8A-%D8%B9%D9%84%D9%85%D8%A7-%D8%A7%D9%84%D8%B4%D8%B9%D8%A8-%D8%A8%D8%BA%D8%A7%D8%B1%D8%A9-%D8%A7%D8%B3%D8%AA%D9%87%D8%AF%D9%81%D8%AA%D9%87-2;https://www.nna-leb.gov.lb/ar/news/418443/%D8%A7%D9%84%D8%BA%D8%A7%D8%B1%D8%A9-%D8%B9%D9%84%D9%89-%D8%B9%D9%84%D9%85%D8%A7-%D8%A7%D9%84%D8%B4%D8%B9%D8%A8-%D8%A7%D8%B3%D8%AA%D9%87%D8%AF%D9%81%D8%AA-%D8%B4%D9%82%D9%8A%D9%82-%D8%AE%D9%88%D8%B1%D9%8A-%D9%83%D9%86%D9%8A%D8%B3%D8%A9-%D8%A7%D9%84%D8%B3%D9%8A%D8%AF%D8%A9-%D9%81%D9%8A-%D8%A7%D9%84%D8%A8%D9%84%D8%AF%D8%A9-%D9%88%D8%A7%D8%B3%D8%AA%D8%B4%D9%87%D8%A7%D8%AF%D9%87-2,418442;418443,0,0,"named in update 418443: Sami Y. Ghafari, brother of the town's church priest | update/detail to 418442 - same incident"
INC-0057,2026-03-08,عيتيت (Aitit),عيتيت,Nabatieh,Nabatieh,3,,airstrike,residence,2026-03-08T07:23:40.000+02:00,2026-03-08T07:23:40.000+02:00,1,https://www.nna-leb.gov.lb/ar/news/418322/3-%D8%B4%D9%87%D8%AF%D8%A7%D8%A1-%D9%88%D8%AC%D8%B1%D8%AD%D9%89-%D9%81%D9%8A-%D8%A7%D9%84%D8%BA%D8%A7%D8%B1%D8%A9-%D8%B9%D9%84%D9%89-%D9%85%D9%86%D8%B2%D9%84-%D9%81%D9%8A-%D8%B9%D9%8A%D8%AA%D9%8A%D8%AA-2,418322,0,0,
INC-0058,2026-03-08,عين الحلوة (Ain al-Hilweh camp),مخيم عين الحلوة - صيدا,Sidon,South Lebanon,1,10,airstrike,unspecified,2026-03-08T20:48:12.000+02:00,2026-03-08T20:48:12.000+02:00,1,https://www.nna-leb.gov.lb/ar/news/418504/%D9%88%D8%B2%D8%A7%D8%B1%D8%A9-%D8%A7%D9%84%D8%B5%D8%AD%D8%A9-%D8%B4%D9%87%D9%8A%D8%AF-%D9%8810-%D8%AC%D8%B1%D8%AD%D9%89-%D9%81%D9%8A-%D8%A7%D9%84%D8%BA%D8%A7%D8%B1%D8%A9-%D8%B9%D9%84%D9%89-%D8%B9%D9%8A%D9%86-%D8%A7%D9%84%D8%AD%D9%84%D9%88%D8%A9-2,418504,0,0,1 dead is a Palestinian national (per source); injured: 3 Lebanese + 7 Palestinian
INC-0059,2026-03-08,قانا (Qana),قانا,Tyre,South Lebanon,4,,airstrike,residence,2026-03-08T04:47:43.000+02:00,2026-03-08T04:47:43.000+02:00,1,https://www.nna-leb.gov.lb/ar/news/418290/4-%D8%B4%D9%87%D8%AF%D8%A7%D8%A1-%D9%88%D8%AC%D8%B1%D8%AD%D9%89-%D9%81%D9%8A-%D8%AD%D8%B5%D9%8A%D9%84%D8%A9-%D8%A7%D9%88%D9%84%D9%8A%D8%A9-%D9%84%D8%BA%D8%A7%D8%B1%D8%A9-%D8%B9%D9%84%D9%89-%D8%A8%D9%84%D8%AF%D8%A9-%D9%82%D8%A7%D9%86%D8%A7-%D9%81%D8%AC%D8%B1%D8%A7-2,418290,0,0,
INC-0060,2026-03-08,يحمر الشقيف (Yohmor al-Shaqif),يحمر الشقيف,Nabatieh,Nabatieh,2,8,airstrike,"chicken farm (Syrian nationals, incl. 3 children rescued unharmed)",2026-03-08T17:52:00.000+02:00,2026-03-08T21:37:36.000+02:00,2,https://www.nna-leb.gov.lb/ar/news/418472/%D8%A7%D8%B3%D8%AA%D9%87%D8%AF%D8%A7%D9%81-%D9%86%D8%AD%D9%88-15-%D8%B9%D8%A7%D9%85%D9%84%D8%A7-%D9%85%D8%B9%D8%B8%D9%85%D9%87%D9%85-%D9%85%D9%86-%D8%A7%D9%84%D8%AC%D9%86%D8%B3%D9%8A%D8%A9-%D8%A7%D9%84%D8%B3%D9%88%D8%B1%D9%8A%D8%A9-%D9%81%D9%8A-%D9%85%D8%B2%D8%B1%D8%B9%D8%A9-%D8%AF%D8%AC%D8%A7%D8%AC-%D9%81%D9%8A-%D9%8A%D8%AD%D9%85%D8%B1-%D8%A7%D9%84%D8%B4%D9%82%D9%8A%D9%81-%D9%88%D9%85%D9%86%D8%A7%D8%B4%D8%AF%D8%A9-%D9%84%D9%84%D9%81%D8%B1%D9%82-%D8%A7%D9%84%D8%A7%D8%B3%D8%B9%D8%A7%D9%81%D9%8A%D8%A9-%D9%84%D9%84%D8%AA%D9%88%D8%AC%D9%87-%D8%A7%D9%84%D9%89-%D8%A7%D9%84%D9%85%D9%83%D8%A7%D9%86-2;https://www.nna-leb.gov.lb/ar/news/418513/%D9%88%D8%B2%D8%A7%D8%B1%D8%A9-%D8%A7%D9%84%D8%B5%D8%AD%D8%A9-%D8%A7%D9%86%D8%AA%D8%B4%D8%A7%D9%84-%D8%AC%D8%AB%D9%85%D8%A7%D9%86%D9%8A-%D8%B4%D9%87%D9%8A%D8%AF%D9%8A%D9%86-%D9%88%D8%A5%D9%86%D9%82%D8%A7%D8%B0-8-%D8%AC%D8%B1%D8%AD%D9%89-%D9%86%D8%A7%D8%AC%D9%8A%D9%86-%D9%85%D9%86-%D8%A7%D9%84%D8%BA%D8%A7%D8%B1%D8%A9-%D8%B9%D9%84%D9%89-%D9%8A%D8%AD%D9%85%D8%B1-2,418472;418513,0,1,deaths implied ('الشهداء') but no number given yet in this article; count given in update 418513 (2) | update to 418472 chain - gives the actual death count (2)
INC-0061,2026-03-09,Beit Yahoun-Tibnine road,طريق بيت ياحون - تبنين,Bint Jbeil,Nabatieh,1,1,drone strike,motorcycles (two),2026-03-09T15:13:40.000+02:00,2026-03-09T15:13:40.000+02:00,1,https://www.nna-leb.gov.lb/ar/news/418720/%D8%B4%D9%87%D9%8A%D8%AF-%D9%88%D8%AC%D8%B1%D9%8A%D8%AD-%D9%81%D9%8A-%D8%BA%D8%A7%D8%B1%D8%A9-%D8%A7%D8%B3%D8%AA%D9%87%D8%AF%D9%81%D8%AA-%D8%AF%D8%B1%D8%A7%D8%AC%D8%AA%D9%8A%D9%86-%D8%B9%D9%84%D9%89-%D8%B7%D8%B1%D9%8A%D9%82-%D8%B9%D8%A7%D9%85-%D8%A8%D9%8A%D8%AA-%D9%8A%D8%A7%D8%AD%D9%88%D9%86-%E2%80%93-%D8%AA%D8%A8%D9%86%D9%8A%D9%86-2,418720,1,0,1 dead is a Syrian national (per source)
INC-0062,2026-03-09,Bint Jbeil-Aytaroun road,طريق بنت جبيل - عيترون,Bint Jbeil,Nabatieh,2,0,drone strike,vehicle on road,2026-03-09T09:03:49.000+02:00,2026-03-09T09:03:49.000+02:00,1,https://www.nna-leb.gov.lb/ar/news/418592/5-%D8%B4%D9%87%D8%AF%D8%A7%D8%A1-%D9%81%D9%8A-%D8%BA%D8%A7%D8%B1%D8%AA%D9%8A%D9%86-%D9%85%D8%B9%D8%A7%D8%AF%D9%8A%D8%AA%D9%8A%D9%86-%D8%B9%D9%84%D9%89-%D9%83%D9%81%D8%B1%D8%AA%D8%A8%D9%86%D9%8A%D8%AA-%D9%88%D8%B7%D8%B1%D9%8A%D9%82-%D8%A8%D9%86%D8%AA-%D8%AC%D8%A8%D9%8A%D9%84-%E2%80%93-%D8%B9%D9%8A%D8%AA%D8%B1%D9%88%D9%86-2,418592b,1,0,same source article as 418592; separate strike/location on a road between two towns - split into own row
INC-0063,2026-03-09,الضاحية الجنوبية (Beirut southern suburb/Dahiye),الضاحية الجنوبية,Baabda,Mount Lebanon,1,12,airstrike,unspecified,2026-03-09T12:09:27.000+02:00,2026-03-09T12:09:27.000+02:00,1,https://www.nna-leb.gov.lb/ar/news/418669/%D8%A7%D9%84%D8%B5%D8%AD%D8%A9-%D9%81%D9%8A-%D8%AD%D8%B5%D9%8A%D9%84%D8%A9-%D8%A3%D9%88%D9%84%D9%8A%D8%A9-%D9%84%D9%84%D8%BA%D8%A7%D8%B1%D8%A7%D8%AA-%D8%A7%D9%84%D9%86%D9%87%D8%A7%D8%B1%D9%8A%D8%A9-%D8%B9%D9%84%D9%89-%D8%A7%D9%84%D8%B6%D8%A7%D8%AD%D9%8A%D8%A9-%D8%B4%D9%87%D9%8A%D8%AF-%D9%8812%D8%AC%D8%B1%D9%8A%D8%AD%D8%A7-2,418669,0,0,
INC-0064,2026-03-09,الطيري (Al-Tiri),الطيري,Bint Jbeil,Nabatieh,,,drone strike,unspecified,2026-03-09T18:21:04.000+02:00,2026-03-09T18:21:04.000+02:00,1,https://www.nna-leb.gov.lb/ar/news/418777/%D8%A7%D8%B3%D8%AA%D8%B4%D9%87%D8%A7%D8%AF-%D9%85%D9%88%D8%A7%D8%B7%D9%86%D9%8A%D9%86-%D9%81%D9%8A-%D8%A7%D9%84%D8%BA%D8%A7%D8%B1%D8%A9-%D8%B9%D9%84%D9%89-%D8%A7%D9%84%D8%B7%D9%8A%D8%B1%D9%8A-%D9%88%D9%82%D8%B5%D9%81-%D9%85%D8%B9%D8%A7%D8%AF-%D8%B7%D8%A7%D9%88%D9%84-%D8%A7%D8%AD%D8%B1%D8%A7%D8%AC-%D8%B9%D9%84%D9%8A-%D8%A7%D9%84%D8%B7%D8%A7%D9%87%D8%B1-2,418777,0,1,"deaths described only as plural 'citizens', no number given; article also mentions artillery shelling on Ali al-Taher forest near Nabatieh al-Fawqa w/ no deaths"
INC-0065,2026-03-09,القليعة (Qlaya),القليعة,Marjayoun,Nabatieh,1,6,artillery shelling,parish priest (occupation stated by source),2026-03-09T20:54:22.000+02:00,2026-03-09T20:54:22.000+02:00,1,https://www.nna-leb.gov.lb/ar/news/418805/%D9%85%D8%B1%D9%83%D8%B2-%D8%B9%D9%85%D9%84%D9%8A%D8%A7%D8%AA-%D8%B7%D9%88%D8%A7%D8%B1%D8%A6-%D8%A7%D9%84%D8%B5%D8%AD%D8%A9-%D8%A7%D9%84%D9%82%D8%B5%D9%81-%D8%A7%D9%84%D9%85%D8%AF%D9%81%D8%B9%D9%8A-%D8%A7%D9%84%D8%A5%D8%B3%D8%B1%D8%A7%D8%A6%D9%8A%D9%84%D9%8A-%D8%B9%D9%84%D9%89-%D8%A7%D9%84%D9%82%D9%84%D9%8A%D8%B9%D8%A9-%D8%A3%D8%AF%D9%89-%D8%A5%D9%84%D9%89-%D8%A7%D8%B3%D8%AA%D8%B4%D9%87%D8%A7%D8%AF-%D9%83%D8%A7%D9%87%D9%86-%D8%A7%D9%84%D8%B1%D8%B9%D9%8A%D8%A9-%D9%88%D8%A5%D8%B5%D8%A7%D8%A8%D8%A9-6-%D9%85%D9%88%D8%A7%D8%B7%D9%86%D9%8A%D9%86-%D8%A8%D8%AC%D8%B1%D9%88%D8%AD-2,418805,0,0,
INC-0066,2026-03-09,النميرية (Al-Nmeiriyeh - Hamdan family strike),النميرية,Nabatieh,Nabatieh,8,0,airstrike,residence,2026-03-10T08:14:13.000+02:00,2026-03-10T12:24:27.000+02:00,2,https://www.nna-leb.gov.lb/ar/news/418874/%D8%A7%D8%B3%D8%AA%D8%B4%D9%87%D8%A7%D8%AF-%D8%B9%D8%A7%D8%A6%D9%84%D8%A9-%D9%85%D9%86-%D8%A2%D9%84-%D8%AD%D9%85%D8%AF%D8%A7%D9%86-%D9%81%D9%8A-%D8%BA%D8%A7%D8%B1%D8%A9-%D8%B9%D9%84%D9%89-%D8%A7%D9%84%D9%86%D9%85%D9%8A%D8%B1%D9%8A%D8%A9-%D9%84%D9%8A%D9%84%D8%A7-2;https://www.nna-leb.gov.lb/ar/news/418963/%D8%A7%D8%B1%D8%AA%D9%81%D8%A7%D8%B9-%D8%B9%D8%AF%D8%AF-%D8%B4%D9%87%D8%AF%D8%A7%D8%A1-%D9%85%D8%AC%D8%B2%D8%B1%D8%A9-%D8%A7%D9%84%D9%86%D9%85%D9%8A%D8%B1%D9%8A%D8%A9-8-%D8%A8%D9%8A%D9%86%D9%87%D9%85-%D8%B4%D8%A7%D8%A8-%D8%A3%D8%B5%D9%8A%D8%A8-%D8%B3%D8%A7%D8%A8%D9%82%D9%8B%D8%A7-%D9%88%D8%B7%D9%81%D9%84%D8%A7%D9%86-2,418874;418963,0,0,"Hamdan family; event_date corrected from Mar 10 (publish date) to Mar 9 per explicit 'الليلة الماضية' (last night) text - validation audit fix; possible overlap with 418802 (same corrected date), kept separate pending user review; update/final in 418963 (8) | event_date corrected from Mar 10 to Mar 9 (same fix as 418874 - validation audit); update to 418874 Hamdan-family chain (6->8, one victim died of wounds in hospital)"
INC-0067,2026-03-09,النميرية (Al-Nmeiriyeh),النميرية,Nabatieh,Nabatieh,7,2,airstrike,unspecified,2026-03-09T20:32:47.000+02:00,2026-03-09T20:32:47.000+02:00,1,https://www.nna-leb.gov.lb/ar/news/418802/%D9%85%D8%B1%D9%83%D8%B2-%D8%B9%D9%85%D9%84%D9%8A%D8%A7%D8%AA-%D8%B7%D9%88%D8%A7%D8%B1%D8%A6-%D8%A7%D9%84%D8%B5%D8%AD%D8%A9-7-%D8%B4%D9%87%D8%AF%D8%A7%D8%A1-%D9%88%D8%AC%D8%B1%D9%8A%D8%AD%D8%A7%D9%86-%D8%A7%D8%AB%D9%86%D8%A7%D9%86-%D9%81%D9%8A-%D8%A7%D9%84%D8%BA%D8%A7%D8%B1%D8%A9-%D8%B9%D9%84%D9%89-%D8%A7%D9%84%D9%86%D9%85%D9%8A%D8%B1%D9%8A%D8%A9-2,418802,0,0,"SAME DATE as the Hamdan-family Nmeiriyeh massacre (418874/418963) after the retrospective-language date correction (was recorded as Mar 10, corrected to Mar 9 - see validation audit); kept as a separate incident since this is a generic unnamed-victim MoPH-style report vs. the specifically-named Hamdan family reported hours later - genuinely uncertain whether same or different strike, flagged for user review"
INC-0068,2026-03-09,بيت ليف (Beit Lif),بيت ليف,Bint Jbeil,Nabatieh,2,8,airstrike,unspecified,2026-03-09T21:03:13.000+02:00,2026-03-09T21:03:13.000+02:00,1,https://www.nna-leb.gov.lb/ar/news/418807/%D8%A7%D9%84%D8%BA%D8%A7%D8%B1%D8%A7%D8%AA-%D8%B9%D9%84%D9%89-%D8%A8%D9%8A%D8%AA-%D9%84%D9%8A%D9%81-%D8%B4%D9%87%D9%8A%D8%AF%D8%A7%D9%86-%D8%A7%D8%AB%D9%86%D8%A7%D9%86-%D9%888-%D8%AC%D8%B1%D8%AD%D9%89-2,418807,0,0,
INC-0069,2026-03-09,تبنين (Tibnine),تبنين,Bint Jbeil,Nabatieh,2,4,airstrike,unspecified,2026-03-09T20:57:37.000+02:00,2026-03-09T20:57:37.000+02:00,1,https://www.nna-leb.gov.lb/ar/news/418806/%D8%B4%D9%87%D9%8A%D8%AF%D8%A7%D9%86-%D8%A7%D8%AB%D9%86%D8%A7%D9%86-%D9%884-%D8%AC%D8%B1%D8%AD%D9%89-%D9%81%D9%8A-%D8%A7%D9%84%D8%BA%D8%A7%D8%B1%D8%A7%D8%AA-%D8%B9%D9%84%D9%89-%D8%AA%D8%A8%D9%86%D9%8A%D9%86-2,418806,0,0,distinct from the March 8 Tibnine strike (418509) - different date
INC-0070,2026-03-09,جويا (Joya),جويا,Tyre,South Lebanon,7,23,airstrike,town market/residential area,2026-03-08T22:12:03.000+02:00,2026-03-09T12:31:31.000+02:00,3,https://www.nna-leb.gov.lb/ar/news/418518/%D9%88%D8%B2%D8%A7%D8%B1%D8%A9-%D8%A7%D9%84%D8%B5%D8%AD%D8%A9-3-%D8%B4%D9%87%D8%AF%D8%A7%D8%A1-%D9%8816-%D8%AC%D8%B1%D9%8A%D8%AD%D9%8B%D8%A7-%D8%A7%D9%84%D8%AD%D8%B5%D9%8A%D9%84%D8%A9-%D8%A7%D9%84%D8%A3%D9%88%D9%84%D9%8A%D8%A9-%D9%84%D9%84%D8%BA%D8%A7%D8%B1%D8%A9-%D8%B9%D9%84%D9%89-%D8%AC%D9%88%D9%8A%D8%A7-2;https://www.nna-leb.gov.lb/ar/news/418583/%D8%B4%D9%87%D8%AF%D8%A7%D8%A1-%D9%88%D8%AC%D8%B1%D8%AD%D9%89-%D9%81%D9%8A-%D8%A7%D9%84%D8%BA%D8%A7%D8%B1%D8%A7%D8%AA-%D8%B9%D9%84%D9%89-%D9%82%D8%B1%D9%89-%D9%81%D9%8A-%D9%82%D8%B6%D8%A7%D8%A1-%D8%B5%D9%88%D8%B1-%D9%81%D8%AC%D8%B1%D8%A7-%D9%88%D8%AF%D9%85%D8%A7%D8%B1-%D9%83%D8%A8%D9%8A%D8%B1-%D9%81%D9%8A-%D8%A7%D9%84%D8%A8%D9%86%D9%89-%D8%A7%D9%84%D8%AA%D8%AD%D8%AA%D9%8A%D8%A9-%D9%88%D8%A7%D9%84%D9%85%D9%86%D8%A7%D8%B2%D9%84-%D9%88%D8%B4%D8%A8%D9%83%D8%A7%D8%AA-%D8%A7%D9%84%D9%83%D9%87%D8%B1%D8%A8%D8%A7%D8%A1-%D9%88%D8%A7%D9%84%D9%85%D9%8A%D8%A7%D9%87-2;https://www.nna-leb.gov.lb/ar/news/418675/%D8%A7%D9%84%D8%B5%D8%AD%D8%A9-%D8%AA%D8%B9%D9%84%D9%86-%D8%AD%D8%B5%D9%8A%D9%84%D8%A9-%D9%86%D9%87%D8%A7%D8%A6%D9%8A%D8%A9-%D9%84%D9%84%D8%BA%D8%A7%D8%B1%D8%A7%D8%AA-%D8%B9%D9%84%D9%89-%D8%AC%D9%88%D9%8A%D8%A7-%D9%88%D8%B7%D9%8A%D8%B1%D8%AF%D8%A8%D8%A7-16-%D8%B4%D9%87%D9%8A%D8%AF%D8%A7-%D9%8840-%D8%AC%D8%B1%D9%8A%D8%AD%D8%A7-2,418518;418583;418675b,0,0,"chain continues in 418583 (4) then 418675 (7, final) | update to 418518 chain; article is a roundup, also updates Tair Debba (see next row) and mentions Deb'aal/Bint Jbeil/Al-Tiri/Qalawiyeh/Srifa/Ainata/Khirbet Selm strikes w/ no new deaths here | same source article as 418675; FINAL MoPH toll for Joya - supersedes 418518/418583 - split into own row (different town)"
INC-0071,2026-03-09,شبعا (Shebaa),شبعا,Hasbaya,Nabatieh,1,0,drone strike,municipal policeman (occupation stated by source),2026-03-09T08:46:14.000+02:00,2026-03-09T08:46:14.000+02:00,1,https://www.nna-leb.gov.lb/ar/news/418582/%D8%A7%D8%B3%D8%AA%D8%B4%D9%87%D8%A7%D8%AF-%D8%B4%D8%B1%D8%B7%D9%8A-%D8%A8%D9%84%D8%AF%D9%8A-%D9%81%D9%8A-%D8%B4%D8%A8%D8%B9%D8%A7-%D8%A8%D8%BA%D8%A7%D8%B1%D8%A9-%D8%A5%D8%B3%D8%B1%D8%A7%D8%A6%D9%8A%D9%84%D9%8A%D8%A9-%D8%B5%D8%A8%D8%A7%D8%AD-%D8%A7%D9%84%D9%8A%D9%88%D9%85-2,418582,0,0,
INC-0072,2026-03-09,شوكين (Shawkin),شوكين,Nabatieh,Nabatieh,1,8,airstrike,residence,2026-03-09T09:11:33.000+02:00,2026-03-09T20:40:12.000+02:00,2,https://www.nna-leb.gov.lb/ar/news/418596/%D8%B4%D9%87%D9%8A%D8%AF-%D9%88%D8%AC%D8%B1%D9%8A%D8%AD-%D8%AC%D8%B1%D8%A7%D8%A1-%D8%BA%D8%A7%D8%B1%D8%A9-%D8%B9%D9%84%D9%89-%D8%B4%D9%88%D9%83%D9%8A%D9%86-2;https://www.nna-leb.gov.lb/ar/news/418804/%D8%A7%D9%84%D8%BA%D8%A7%D8%B1%D8%A9-%D8%B9%D9%84%D9%89-%D8%B4%D9%88%D9%83%D9%8A%D9%86-%D8%B4%D9%87%D9%8A%D8%AF-%D9%888-%D8%AC%D8%B1%D8%AD%D9%89-2,418596;418804,0,0,update/confirmation in 418804 (1 dead/8 injured - higher injury count) | MoPH update/confirmation of 418596 - higher injury count
INC-0073,2026-03-09,طير دبا (Tair Debba),طير دبا وجويا,Tyre,South Lebanon,9,17,airstrike,main road + residential areas,2026-03-09T04:20:48.000+02:00,2026-03-09T12:31:31.000+02:00,3,https://www.nna-leb.gov.lb/ar/news/418523/%D8%B7%D9%88%D8%A7%D8%B1%D8%A6-%D8%A7%D9%84%D8%B5%D8%AD%D8%A9-%D9%81%D9%8A-%D8%AD%D8%B5%D9%8A%D9%84%D8%A9-%D8%A7%D9%88%D9%84%D9%8A%D8%A9-%D9%84%D9%84%D8%BA%D8%A7%D8%B1%D8%A9-%D8%B9%D9%84%D9%89-%D8%B7%D9%8A%D8%B1-%D8%AF%D8%A8%D8%A7-%D9%A3-%D8%B4%D9%87%D8%AF%D8%A7%D8%A1-%D9%88-%D9%A1%D9%A5-%D8%AC%D8%B1%D9%8A%D8%AD%D8%A7-%D9%88%D8%B1%D9%81%D8%B9-%D8%A7%D9%84%D8%A7%D9%86%D9%82%D8%A7%D8%B6-%D9%85%D8%B3%D8%AA%D9%85%D8%B1-2;https://www.nna-leb.gov.lb/ar/news/418583/%D8%B4%D9%87%D8%AF%D8%A7%D8%A1-%D9%88%D8%AC%D8%B1%D8%AD%D9%89-%D9%81%D9%8A-%D8%A7%D9%84%D8%BA%D8%A7%D8%B1%D8%A7%D8%AA-%D8%B9%D9%84%D9%89-%D9%82%D8%B1%D9%89-%D9%81%D9%8A-%D9%82%D8%B6%D8%A7%D8%A1-%D8%B5%D9%88%D8%B1-%D9%81%D8%AC%D8%B1%D8%A7-%D9%88%D8%AF%D9%85%D8%A7%D8%B1-%D9%83%D8%A8%D9%8A%D8%B1-%D9%81%D9%8A-%D8%A7%D9%84%D8%A8%D9%86%D9%89-%D8%A7%D9%84%D8%AA%D8%AD%D8%AA%D9%8A%D8%A9-%D9%88%D8%A7%D9%84%D9%85%D9%86%D8%A7%D8%B2%D9%84-%D9%88%D8%B4%D8%A8%D9%83%D8%A7%D8%AA-%D8%A7%D9%84%D9%83%D9%87%D8%B1%D8%A8%D8%A7%D8%A1-%D9%88%D8%A7%D9%84%D9%85%D9%8A%D8%A7%D9%87-2;https://www.nna-leb.gov.lb/ar/news/418675/%D8%A7%D9%84%D8%B5%D8%AD%D8%A9-%D8%AA%D8%B9%D9%84%D9%86-%D8%AD%D8%B5%D9%8A%D9%84%D8%A9-%D9%86%D9%87%D8%A7%D8%A6%D9%8A%D8%A9-%D9%84%D9%84%D8%BA%D8%A7%D8%B1%D8%A7%D8%AA-%D8%B9%D9%84%D9%89-%D8%AC%D9%88%D9%8A%D8%A7-%D9%88%D8%B7%D9%8A%D8%B1%D8%AF%D8%A8%D8%A7-16-%D8%B4%D9%87%D9%8A%D8%AF%D8%A7-%D9%8840-%D8%AC%D8%B1%D9%8A%D8%AD%D8%A7-2,418523;418583b;418675,0,0,"chain continues in 418583 (7) then 418675 (9, final) | same source article as 418583; update to 418523 chain - split into own row (different town) | FINAL MoPH toll for Tair Debba (9, one body still being searched for) - supersedes 418523/418583b"
INC-0074,2026-03-09,كفرتبنيت (Kfartebnit),كفرتبنيت,Nabatieh,Nabatieh,3,0,airstrike,residence,2026-03-09T09:03:49.000+02:00,2026-03-09T09:03:49.000+02:00,1,https://www.nna-leb.gov.lb/ar/news/418592/5-%D8%B4%D9%87%D8%AF%D8%A7%D8%A1-%D9%81%D9%8A-%D8%BA%D8%A7%D8%B1%D8%AA%D9%8A%D9%86-%D9%85%D8%B9%D8%A7%D8%AF%D9%8A%D8%AA%D9%8A%D9%86-%D8%B9%D9%84%D9%89-%D9%83%D9%81%D8%B1%D8%AA%D8%A8%D9%86%D9%8A%D8%AA-%D9%88%D8%B7%D8%B1%D9%8A%D9%82-%D8%A8%D9%86%D8%AA-%D8%AC%D8%A8%D9%8A%D9%84-%E2%80%93-%D8%B9%D9%8A%D8%AA%D8%B1%D9%88%D9%86-2,418592,0,0,one of two strikes in this article - see next row for the second
INC-0075,2026-03-10,الأوزاعي (Ouzai),الأوزاعي,Baabda,Mount Lebanon,1,0,airstrike,motorcycle,2026-03-10T21:24:00.000+02:00,2026-03-10T21:24:00.000+02:00,1,https://www.nna-leb.gov.lb/ar/news/419092/%D9%85%D8%B1%D9%83%D8%B2-%D8%B9%D9%85%D9%84%D9%8A%D8%A7%D8%AA-%D8%B7%D9%88%D8%A7%D8%B1%D8%A6-%D8%A7%D9%84%D8%B5%D8%AD%D8%A9-%D8%A5%D8%B1%D8%AA%D9%82%D8%A7%D8%A1-%D8%B4%D9%87%D9%8A%D8%AF-%D9%81%D9%8A-%D8%A7%D9%84%D8%A3%D9%88%D8%B2%D8%A7%D8%B9%D9%8A-2,419092,0,0,
INC-0076,2026-03-10,الحوش (Al-Hosh),الحوش - صور,Tyre,South Lebanon,1,8,airstrike,unspecified,2026-03-10T23:01:03.000+02:00,2026-03-10T23:01:03.000+02:00,1,https://www.nna-leb.gov.lb/ar/news/419102/%D8%A7%D9%84%D8%BA%D8%A7%D8%B1%D8%A9-%D8%B9%D9%84%D9%89-%D8%A7%D9%84%D8%AD%D9%88%D8%B4-%D8%B4%D9%87%D9%8A%D8%AF-%D9%888-%D8%AC%D8%B1%D8%AD%D9%89-2,419102,0,0,
INC-0077,2026-03-10,القليلة (Qlaile),القليلة,Tyre,South Lebanon,2,0,drone strike,vehicle,2026-03-10T12:19:26.000+02:00,2026-03-10T12:19:26.000+02:00,1,https://www.nna-leb.gov.lb/ar/news/418962/%D8%B4%D9%87%D9%8A%D8%AF%D8%A7%D9%86-%D8%AC%D8%B1%D8%A7%D8%A1-%D8%A7%D8%B3%D8%AA%D9%87%D8%AF%D8%A7%D9%81-%D8%B3%D9%8A%D8%A7%D8%B1%D8%A9-%D9%81%D9%8A-%D8%A7%D9%84%D9%82%D9%84%D9%8A%D9%84%D8%A9-2,418962,0,0,"distinct from the March 3 Qlaile strike (417496, batch 1) - different date"
INC-0078,2026-03-10,جويا (Joya),جويا,Tyre,South Lebanon,2,0,airstrike,unspecified,2026-03-10T18:52:16.000+02:00,2026-03-10T18:52:16.000+02:00,1,https://www.nna-leb.gov.lb/ar/news/419068/%D8%A7%D8%B3%D8%AA%D8%B4%D9%87%D8%A7%D8%AF-%D8%B1%D8%A6%D9%8A%D8%B3-%D8%A8%D9%84%D8%AF%D9%8A%D8%A9-%D8%AC%D9%88%D9%8A%D8%A7-%D9%88%D8%B9%D8%B6%D9%88-%D9%81%D9%8A-%D8%A7%D9%84%D8%A8%D9%84%D8%AF%D9%8A%D8%A9-%D9%81%D9%8A-%D8%A7%D9%84%D8%BA%D8%A7%D8%B1%D8%A9-%D8%A7%D9%84%D8%A3%D8%AE%D9%8A%D8%B1%D8%A9-%D8%B9%D9%84%D9%89-%D8%A7%D9%84%D8%A8%D9%84%D8%AF%D8%A9-2,419068,0,0,"named: mayor Fawzi Fawaz + council member Abbas al-Baalbaki; a NEW/later strike on Joya after the 418675 'final' toll (7) - likely additive, flag for merge review"
INC-0079,2026-03-10,حناويه (Hanawiyeh),حناويه,Tyre,South Lebanon,3,2,double-tap airstrike,2 civilians + 1 responding medic (explicitly identified),2026-03-10T21:57:13.000+02:00,2026-03-10T21:57:13.000+02:00,1,https://www.nna-leb.gov.lb/ar/news/419097/%D9%85%D8%B1%D9%83%D8%B2-%D8%B9%D9%85%D9%84%D9%8A%D8%A7%D8%AA-%D8%B7%D9%88%D8%A7%D8%B1%D8%A6-%D8%A7%D9%84%D8%B5%D8%AD%D8%A9-%D8%BA%D8%A7%D8%B1%D8%AA%D8%A7%D9%86-%D8%A7%D8%AB%D9%86%D8%AA%D8%A7%D9%86-%D8%B9%D9%84%D9%89-%D8%AD%D9%86%D8%A7%D9%88%D9%8A%D9%87-%D9%883-%D8%B4%D9%87%D8%AF%D8%A7%D8%A1-%D8%A8%D9%8A%D9%86%D9%87%D9%85-%D9%85%D8%B3%D8%B9%D9%81-2,419097,0,0,second strike hit medic responding to first strike's casualties
INC-0080,2026-03-10,زوطر الشرقية (Zawtar al-Sharqiya),زوطر الشرقية,Nabatieh,Nabatieh,2,0,airstrike,unspecified,2026-03-10T21:08:00.000+02:00,2026-03-10T21:08:00.000+02:00,1,https://www.nna-leb.gov.lb/ar/news/419088/%D8%A7%D8%B1%D8%AA%D9%82%D8%A7%D8%A1-%D8%B4%D9%87%D9%8A%D8%AF%D9%8A%D9%86-%D8%A7%D8%AB%D9%86%D9%8A%D9%86-%D9%81%D9%8A-%D8%A7%D9%84%D8%BA%D8%A7%D8%B1%D8%A9-%D8%A7%D9%84%D8%AC%D9%88%D9%8A%D8%A9-%D9%85%D8%B3%D8%A7%D8%A1-%D8%A7%D9%84%D9%8A%D9%88%D9%85-%D8%B9%D9%84%D9%89-%D8%B2%D9%88%D8%B7%D8%B1-%D8%A7%D9%84%D8%B4%D8%B1%D9%82%D9%8A%D8%A9-2,419088,0,0,distinct date from the March 3 Zawtar al-Sharqiya family (417534) - separate incident
INC-0081,2026-03-10,قانا (Qana),قانا,Tyre,South Lebanon,5,5,airstrike,multiple consecutive strikes,2026-03-10T23:05:44.000+02:00,2026-03-10T23:05:44.000+02:00,1,https://www.nna-leb.gov.lb/ar/news/419103/%D8%A7%D9%84%D8%BA%D8%A7%D8%B1%D8%A7%D8%AA-%D8%B9%D9%84%D9%89-%D9%82%D8%A7%D9%86%D8%A7-5-%D8%B4%D9%87%D8%AF%D8%A7%D8%A1-%D9%885-%D8%AC%D8%B1%D8%AD%D9%89-2,419103,0,0,"distinct date from the March 8 Qana strike (418290, batch 2) - separate incident"
INC-0082,2026-03-10,قلاويه (Qalawiyeh),قلاويه,Bint Jbeil,Nabatieh,4,0,airstrike,unspecified,2026-03-10T19:58:15.000+02:00,2026-03-10T19:58:15.000+02:00,1,https://www.nna-leb.gov.lb/ar/news/419080/%D8%A5%D8%B1%D8%AA%D9%82%D8%A7%D8%A1-4-%D8%B4%D9%87%D8%AF%D8%A7%D8%A1-%D9%81%D9%8A-%D8%A7%D9%84%D8%BA%D8%A7%D8%B1%D8%A9-%D9%85%D8%B3%D8%A7%D8%A1-%D8%A7%D9%84%D9%8A%D9%88%D9%85-%D8%B9%D9%84%D9%89-%D9%82%D9%84%D8%A7%D9%88%D9%8A%D9%87-2,419080,0,0,this article explicitly states Qalawiyeh is in Bint Jbeil district - CORRECTS my earlier district assignment for 418036/418038 (batch 2) which I'd guessed as Nabatieh district; those should be corrected to Bint Jbeil. Distinct date/incident from the March 6 Qalawiyeh strike
INC-0083,2026-03-10,كفرجوز (Kfarjouz),كفرجوز,Nabatieh,Nabatieh,1,0,airstrike,residence,2026-03-10T17:31:00.000+02:00,2026-03-10T17:31:00.000+02:00,1,https://www.nna-leb.gov.lb/ar/news/419044/%D8%B4%D9%87%D9%8A%D8%AF-%D9%81%D9%8A-%D8%A7%D9%84%D8%BA%D8%A7%D8%B1%D8%A9-%D8%B9%D9%84%D9%89-%D9%83%D9%81%D8%B1%D8%AC%D9%88%D8%B2-2,419044,0,0,named: Haj Ayad Jaber
INC-0084,2026-03-11,Habbouch-Arabsalim area,بين حبوش وعربصاليم,Nabatieh,Nabatieh,2,0,drone strike,unspecified,2026-03-11T11:57:00.000+02:00,2026-03-11T11:57:00.000+02:00,1,https://www.nna-leb.gov.lb/ar/news/419261/%D8%B4%D9%87%D9%8A%D8%AF%D8%A7%D9%86-%D8%AC%D8%B1%D8%A7%D8%A1-%D8%A7%D9%84%D8%BA%D8%A7%D8%B1%D8%A9-%D8%B9%D9%84%D9%89-%D8%A7%D9%84%D9%85%D9%86%D8%B7%D9%82%D8%A9-%D8%A7%D9%84%D9%88%D8%A7%D9%82%D8%B9%D8%A9-%D8%A8%D9%8A%D9%86-%D8%A8%D9%84%D8%AF%D8%AA%D9%8A-%D8%AD%D8%A8%D9%88%D8%B4-%D9%88%D8%B9%D8%B1%D8%A8%D8%B5%D8%A7%D9%84%D9%8A%D9%85-2,419261,1,0,"area between two towns, not a single town"
INC-0085,2026-03-11,الرملة البيضاء (Ramlet al-Baida),الرملة البيضاء,Beirut,Beirut,12,28,strike on vehicle,car,2026-03-12T02:02:34.000+02:00,2026-03-12T14:30:16.000+02:00,4,https://www.nna-leb.gov.lb/ar/news/419427/%D8%B4%D9%87%D8%AF%D8%A7%D8%A1-%D9%88%D8%AC%D8%B1%D8%AD%D9%89-%D8%A8%D8%A7%D8%B3%D8%AA%D9%87%D8%AF%D8%A7%D9%81-%D8%B3%D9%8A%D8%A7%D8%B1%D8%A9-%D9%81%D9%8A-%D8%A7%D9%84%D8%B1%D9%85%D9%84%D8%A9-%D8%A7%D9%84%D8%A8%D9%8A%D8%B6%D8%A7%D8%A1-2;https://www.nna-leb.gov.lb/ar/news/419429/%D8%A7%D9%84%D8%B5%D8%AD%D8%A9-%D9%81%D9%8A-%D8%AD%D8%B5%D9%8A%D9%84%D8%A9-%D8%A3%D9%88%D9%84%D9%8A%D8%A9-%D9%84%D9%84%D8%BA%D8%A7%D8%B1%D8%A9-%D8%B9%D9%84%D9%89-%D8%A7%D9%84%D8%B1%D9%85%D9%84%D8%A9-%D8%A7%D9%84%D8%A8%D9%8A%D8%B6%D8%A7%D8%A1-7-%D8%B4%D9%87%D8%AF%D8%A7%D8%A1-%D9%8821-%D8%AC%D8%B1%D9%8A%D8%AD%D8%A7-2;https://www.nna-leb.gov.lb/ar/news/419457/%D8%A7%D9%84%D8%B5%D8%AD%D8%A9-%D8%A7%D8%B1%D8%AA%D9%81%D8%A7%D8%B9-%D8%AD%D8%B5%D9%8A%D9%84%D8%A9-%D8%A7%D9%84%D8%BA%D8%A7%D8%B1%D8%A9-%D8%B9%D9%84%D9%89-%D8%A7%D9%84%D8%B1%D9%85%D9%84%D8%A9-%D8%A7%D9%84%D8%A8%D9%8A%D8%B6%D8%A7%D8%A1-%D8%A7%D9%84%D9%89-8-%D8%B4%D9%87%D8%AF%D8%A7%D8%A1-%D9%8831-%D8%AC%D8%B1%D9%8A%D8%AD%D8%A7-2;https://www.nna-leb.gov.lb/ar/news/419588/%D8%A7%D9%84%D8%BA%D8%A7%D8%B1%D8%AA%D8%A7%D9%86-%D8%B9%D9%84%D9%89-%D8%B9%D8%B1%D9%85%D9%88%D9%86-%D9%88%D8%A7%D9%84%D8%B1%D9%85%D9%84%D8%A9-%D8%A7%D9%84%D8%A8%D9%8A%D8%B6%D8%A7%D8%A1-%D8%AD%D8%B5%D9%8A%D9%84%D8%A9-%D9%86%D9%87%D8%A7%D8%A6%D9%8A%D8%A9-2,419427;419429;419457;419588b,0,1,"death count vague ('martyrs and wounded'), no figure given; chain continues in 419429 (7), 419457 (8), 419588 final (12) | MoPH update to 419427 chain | update to 419427/419429 chain | same source article as 419588; FINAL MoPH toll for Ramlet al-Baida - split into own row (different town), supersedes 419427/419429/419457"
INC-0086,2026-03-11,الشرقية (Sharqiya - village),الشرقية,Nabatieh,Nabatieh,3,0,airstrike,residence,2026-03-11T06:14:52.000+02:00,2026-03-11T06:14:52.000+02:00,1,https://www.nna-leb.gov.lb/ar/news/419129/%D8%BA%D8%A7%D8%B1%D8%A7%D8%AA-%D8%B9%D9%84%D9%89-%D9%82%D8%B1%D9%89-%D9%81%D9%8A-%D9%82%D8%B6%D8%A7%D8%A1-%D8%A7%D9%84%D9%86%D8%A8%D8%B7%D9%8A%D8%A9-%D9%84%D9%8A%D9%84%D8%A7-%D9%88%D8%B3%D9%82%D9%88%D8%B7-3-%D8%B4%D9%87%D8%AF%D8%A7%D8%A1-%D9%81%D9%8A-%D8%A7%D9%84%D8%B4%D8%B1%D9%82%D9%8A%D8%A9-2,419129,0,0,"named: Jihad Shoeib, Hussein Hassan Shoeib, Mahdi Hussein Shoeib (same family); distinct date from 418413's earlier Sharqiya mention - separate incident, though repeated pattern (3 dead, Sharqiya) worth double-checking isn't a reporting duplicate"
INC-0087,2026-03-11,الشهابية (Al-Shihabiyeh),الشهابية,Tyre,South Lebanon,7,11,airstrike,unspecified,2026-03-11T08:29:23.000+02:00,2026-03-11T08:29:23.000+02:00,1,https://www.nna-leb.gov.lb/ar/news/419173/%D8%A7%D9%84%D8%B5%D8%AD%D8%A9-%D8%A7%D8%B3%D8%AA%D8%B4%D9%87%D8%A7%D8%AF-7-%D9%85%D9%88%D8%A7%D8%B7%D9%86%D9%8A%D9%86-%D9%88%D8%A5%D8%B5%D8%A7%D8%A8%D8%A9-11-%D8%A8%D8%AC%D8%B1%D9%88%D8%AD-%D9%81%D9%8A-%D8%A7%D9%84%D8%BA%D8%A7%D8%B1%D8%A7%D8%AA-%D8%B9%D9%84%D9%89-%D8%A7%D9%84%D8%B4%D9%87%D8%A7%D8%A8%D9%8A%D8%A9-2,419173,0,0,
INC-0088,2026-03-11,النبطية (Nabatieh city),النبطية - شارع محمود فقيه,Nabatieh,Nabatieh,1,0,drone strike,unspecified,2026-03-11T07:28:22.000+02:00,2026-03-11T07:28:22.000+02:00,1,https://www.nna-leb.gov.lb/ar/news/419151/%D8%B4%D9%87%D9%8A%D8%AF-%D8%AC%D8%B1%D8%A7%D8%A1-%D8%BA%D8%A7%D8%B1%D8%A9-%D8%A7%D8%B3%D8%AA%D9%87%D8%AF%D9%81%D8%AA%D9%87-%D9%81%D9%8A-%D8%A7%D9%84%D9%86%D8%A8%D8%B7%D9%8A%D8%A9-2,419151,0,0,
INC-0089,2026-03-11,برج الشمالي (Burj al-Shamali),برج الشمالي,Tyre,South Lebanon,4,9,airstrike,residence,2026-03-11T18:33:00.000+02:00,2026-03-11T22:39:41.000+02:00,3,https://www.nna-leb.gov.lb/ar/news/419371/6-%D8%B4%D9%87%D8%AF%D8%A7%D8%A1-%D9%88%D8%B9%D8%AF%D8%AF-%D9%85%D9%86-%D8%A7%D9%84%D8%AC%D8%B1%D8%AD%D9%89-%D9%81%D9%8A-%D8%A7%D9%84%D8%BA%D8%A7%D8%B1%D8%A9-%D8%B9%D9%84%D9%89-%D8%A7%D9%84%D8%A8%D8%B1%D8%AC-%D8%A7%D9%84%D8%B4%D9%85%D8%A7%D9%84%D9%8A-2;https://www.nna-leb.gov.lb/ar/news/419419/%D9%85%D8%AC%D8%B2%D8%B1%D8%A9-%D9%84%D9%84%D8%B9%D8%AF%D9%88-%D8%A7%D9%84%D8%A5%D8%B3%D8%B1%D8%A7%D8%A6%D9%8A%D9%84%D9%8A-%D9%81%D9%8A-%D8%A7%D9%84%D8%A8%D8%B1%D8%AC-%D8%A7%D9%84%D8%B4%D9%85%D8%A7%D9%84%D9%8A-%D8%A7%D8%B3%D8%AA%D8%B4%D9%87%D8%A7%D8%AF-%D8%A3%D9%85-%D9%88%D8%A3%D8%A8%D9%86%D8%A7%D8%A6%D9%87%D8%A7-%D8%A7%D9%84%D8%AB%D9%84%D8%A7%D8%AB%D8%A9-%D9%81%D9%8A-%D8%BA%D8%A7%D8%B1%D8%A9-%D8%A5%D8%B3%D8%B1%D8%A7%D8%A6%D9%8A%D9%84%D9%8A%D8%A9-%D8%B9%D9%84%D9%89-%D9%85%D9%86%D8%B2%D9%84%D9%87%D9%85-2;https://www.nna-leb.gov.lb/ar/news/419424/4-%D8%B4%D9%87%D8%AF%D8%A7%D8%A1-%D9%889-%D8%AC%D8%B1%D8%AD%D9%89-%D9%81%D9%8A-%D8%A7%D9%84%D8%BA%D8%A7%D8%B1%D8%A9-%D8%B9%D9%84%D9%89-%D8%A8%D8%B1%D8%AC-%D8%A7%D9%84%D8%B4%D9%85%D8%A7%D9%84%D9%8A-2,419371;419419;419424,0,1,"injury count unspecified; named family detailed in update 419419; MoPH update 419424 gives lower count (4) - flag discrepancy | named: mother Fatima Awadeh + 3 sons (Sadr, Hussein, Fadi Zalghout); detail/update to 419371 chain, not additive | MoPH update to 419371 chain - lower than initial 6 estimate, flag discrepancy"
INC-0090,2026-03-11,برعشيت (Bar'ashit),برعشيت,Bint Jbeil,Nabatieh,1,0,drone strike,unspecified,2026-03-11T17:28:15.000+02:00,2026-03-11T17:28:15.000+02:00,1,https://www.nna-leb.gov.lb/ar/news/419344/%D8%A7%D8%B3%D8%AA%D8%B4%D9%87%D8%A7%D8%AF-5-%D8%A7%D9%81%D8%B1%D8%A7%D8%AF-%D9%85%D9%86-%D8%B9%D8%A7%D8%A6%D9%84%D8%A9-%D9%88%D8%A7%D8%AD%D8%AF%D8%A9-%D9%88%D8%A2%D8%AE%D8%B1%D9%8A%D9%86-%D9%85%D9%86-%D9%85%D8%A7%D8%B1%D9%88%D9%86-%D8%A7%D9%84%D8%B1%D8%A7%D8%B3-%D9%81%D9%8A-%D8%BA%D8%A7%D8%B1%D8%A9-%D8%A7%D8%B3%D8%AA%D9%87%D8%AF%D9%81%D8%AA-%D9%85%D8%A8%D9%86%D9%89-%D9%8A%D9%82%D8%B7%D9%86%D9%87-%D9%86%D8%A7%D8%B2%D8%AD%D9%88%D9%86-%D9%81%D9%8A-%D8%AA%D8%A8%D9%86%D9%8A%D9%86-2,419344b,0,0,same source article as 419344; split into own row (different town). Article also mentions Kafra/Hariss strikes w/ no deaths
INC-0091,2026-03-11,بنت جبيل (Bint Jbeil - Saf al-Hawa area),بنت جبيل - صف الهوا,Bint Jbeil,Nabatieh,3,0,drone strike,SUV,2026-03-11T08:01:08.000+02:00,2026-03-11T08:01:08.000+02:00,1,https://www.nna-leb.gov.lb/ar/news/419162/3-%D8%B4%D9%87%D8%AF%D8%A7%D8%A1-%D9%81%D9%8A-%D8%A7%D8%B3%D8%AA%D9%87%D8%AF%D8%A7%D9%81-%D8%A7%D9%84%D8%B3%D9%8A%D8%A7%D8%B1%D8%A9-%D9%81%D9%8A-%D8%A8%D9%86%D8%AA-%D8%AC%D8%A8%D9%8A%D9%84-%D9%88%D8%AC%D8%B1%D9%8A%D8%AD%D8%A7%D9%86-%D9%81%D9%8A-%D8%A7%D9%84%D8%BA%D8%A7%D8%B1%D8%A9-%D8%B9%D9%84%D9%89-%D8%A8%D8%B1%D8%B9%D8%B4%D9%8A%D8%AA-2,419162,0,0,"article also covers Bar'ashit (2 Syrians injured, no death) and Tibnine (injuries only, no death) strikes"
INC-0092,2026-03-11,بنت جبيل (Bint Jbeil city),بنت جبيل (مدينة),Bint Jbeil,Nabatieh,3,0,airstrike,unspecified,2026-03-11T08:33:34.000+02:00,2026-03-11T08:33:34.000+02:00,1,https://www.nna-leb.gov.lb/ar/news/419176/%D8%AB%D9%84%D8%A7%D8%AB%D8%A9-%D8%B4%D9%87%D8%AF%D8%A7%D8%A1-%D9%86%D8%AA%D9%8A%D8%AC%D8%A9-%D8%A7%D9%84%D8%BA%D8%A7%D8%B1%D8%A9-%D8%A7%D9%84%D9%85%D8%B9%D8%A7%D8%AF%D9%8A%D8%A9-%D9%81%D8%AC%D8%B1%D8%A7-%D8%B9%D9%84%D9%89-%D9%85%D8%AF%D9%8A%D9%86%D8%A9-%D8%A8%D9%86%D8%AA-%D8%AC%D8%A8%D9%8A%D9%84-2,419176,0,0,distinct from the same-day Saf al-Hawa SUV strike (419162) - different target/time
INC-0093,2026-03-11,تبنين (Tibnine),تبنين,Bint Jbeil,Nabatieh,8,0,airstrike,building sheltering displaced families,2026-03-11T16:53:00.000+02:00,2026-03-11T17:28:15.000+02:00,2,https://www.nna-leb.gov.lb/ar/news/419346/%D8%B7%D9%88%D8%A7%D8%B1%D9%89%D8%A1-%D8%A7%D9%84%D8%B5%D8%AD%D8%A9-8-%D8%B4%D9%87%D8%AF%D8%A7%D8%A1-%D8%AD%D8%B5%D9%8A%D9%84%D8%A9-%D8%A7%D9%88%D9%84%D9%8A%D8%A9-%D9%84%D9%84%D8%BA%D8%A7%D8%B1%D8%A9-%D8%B9%D9%84%D9%89-%D8%AA%D8%A8%D9%86%D9%8A%D9%86-2;https://www.nna-leb.gov.lb/ar/news/419344/%D8%A7%D8%B3%D8%AA%D8%B4%D9%87%D8%A7%D8%AF-5-%D8%A7%D9%81%D8%B1%D8%A7%D8%AF-%D9%85%D9%86-%D8%B9%D8%A7%D8%A6%D9%84%D8%A9-%D9%88%D8%A7%D8%AD%D8%AF%D8%A9-%D9%88%D8%A2%D8%AE%D8%B1%D9%8A%D9%86-%D9%85%D9%86-%D9%85%D8%A7%D8%B1%D9%88%D9%86-%D8%A7%D9%84%D8%B1%D8%A7%D8%B3-%D9%81%D9%8A-%D8%BA%D8%A7%D8%B1%D8%A9-%D8%A7%D8%B3%D8%AA%D9%87%D8%AF%D9%81%D8%AA-%D9%85%D8%A8%D9%86%D9%89-%D9%8A%D9%82%D8%B7%D9%86%D9%87-%D9%86%D8%A7%D8%B2%D8%AD%D9%88%D9%86-%D9%81%D9%8A-%D8%AA%D8%A8%D9%86%D9%8A%D9%86-2,419346;419344,0,1,"MoPH update to 419344 chain | 5 from Al-Hanini family + unspecified additional from a displaced Maroun al-Ras family - total ambiguous, see update 419346 (8); THIRD distinct Tibnine incident this study period (after 418509 Mar8, 418806 Mar9)"
INC-0094,2026-03-11,تمنين التحتا (Tamnin al-Tahta),تمنين التحتا,Baalbek,Baalbek-Hermel,8,17,airstrike,residence (Syrian family),2026-03-11T07:32:25.000+02:00,2026-03-11T21:52:18.000+02:00,3,https://www.nna-leb.gov.lb/ar/news/419155/10-%D8%B4%D9%87%D8%AF%D8%A7%D8%A1-%D9%885-%D8%AC%D8%B1%D8%AD%D9%89-%D9%81%D9%8A-%D8%A7%D9%84%D8%BA%D8%A7%D8%B1%D8%A9-%D8%B9%D9%84%D9%89-%D8%A8%D9%84%D8%AF%D8%A9-%D8%AA%D9%85%D9%86%D9%8A%D9%86-%D8%A7%D9%84%D8%AA%D8%AD%D8%AA%D8%A7-2;https://www.nna-leb.gov.lb/ar/news/419171/%D8%B7%D9%88%D8%A7%D8%B1%D8%A6-%D8%A7%D9%84%D8%B5%D8%AD%D8%A9-%D9%81%D9%8A-%D8%AD%D8%B5%D9%8A%D9%84%D8%A9-%D8%A3%D9%88%D9%84%D9%8A%D8%A9-%D9%84%D9%84%D8%BA%D8%A7%D8%B1%D8%A7%D8%AA-%D8%B9%D9%84%D9%89-%D8%A7%D9%84%D8%A8%D9%82%D8%A7%D8%B9-7-%D8%B4%D9%87%D8%AF%D8%A7%D8%A1-%D9%8823-%D8%AC%D8%B1%D9%8A%D8%AD%D8%A7-2;https://www.nna-leb.gov.lb/ar/news/419415/%D8%AD%D8%B5%D9%8A%D9%84%D8%A9-%D9%86%D9%87%D8%A7%D8%A6%D9%8A%D8%A9-%D9%84%D9%84%D8%BA%D8%A7%D8%B1%D8%A9-%D8%B9%D9%84%D9%89-%D8%AA%D9%85%D9%86%D9%8A%D9%86-%D8%A7%D9%84%D8%AA%D8%AD%D8%AA%D8%A7-8-%D8%B4%D9%87%D8%AF%D8%A7%D8%A1-%D9%8817-%D8%AC%D8%B1%D9%8A%D8%AD%D8%A7-2,419155;419171;419415,0,0,"initial correspondent estimate; MoPH counts fluctuate in chain (419171: 7, 419415 final: 8) - flag for merge review, use 8 (final) | MoPH update to 419155 chain (10->7, later finalized at 8 in 419415); article also gives Ali al-Nahri: 5 injured, no deaths | FINAL MoPH toll, supersedes 419155/419171 chain"
INC-0095,2026-03-11,دير أنطار (Deir Antar),دير أنطار,Bint Jbeil,Nabatieh,2,6,airstrike,unspecified,2026-03-11T18:24:43.000+02:00,2026-03-11T22:42:16.000+02:00,3,https://www.nna-leb.gov.lb/ar/news/419365/%D8%B4%D9%87%D9%8A%D8%AF%D8%A7%D9%86-%D9%88%D8%AC%D8%B1%D9%8A%D8%AD%D8%A7%D9%86-%D9%81%D9%8A-%D8%BA%D8%A7%D8%B1%D8%A9-%D8%B9%D9%84%D9%89-%D8%AF%D9%8A%D8%B1-%D8%A3%D9%86%D8%B7%D8%A7%D8%B1-2;https://www.nna-leb.gov.lb/ar/news/419377/3-%D8%B4%D9%87%D8%AF%D8%A7%D8%A1-%D9%883-%D8%AC%D8%B1%D8%AD%D9%89-%D9%81%D9%8A-%D8%A7%D9%84%D8%BA%D8%A7%D8%B1%D8%A9-%D8%B9%D9%84%D9%89-%D8%AF%D9%8A%D8%B1-%D8%A7%D9%86%D8%B7%D8%A7%D8%B1-2;https://www.nna-leb.gov.lb/ar/news/419425/%D8%A7%D9%84%D8%BA%D8%A7%D8%B1%D8%A9-%D8%B9%D9%84%D9%89-%D8%AF%D9%8A%D8%B1-%D8%A7%D9%86%D8%B7%D8%A7%D8%B1-%D8%B4%D9%87%D9%8A%D8%AF%D8%A7%D9%86-%D8%A7%D8%AB%D9%86%D8%A7%D9%86-%D9%886-%D8%AC%D8%B1%D8%AD%D9%89-2,419365;419377;419425,0,0,"chain has repeated conflicting counts across same day (419377: 3, 419425 MoPH: 2, plus 419500's separate 1-dead car strike) - flag heavily for merge review | update to 419365 chain | MoPH update to Deir Antar chain - district confirmed as Bint Jbeil here"
INC-0096,2026-03-11,زلايا (Zalaya),زلايا - البقاع الغربي,West Bekaa,Bekaa,1,2,airstrike,unspecified,2026-03-11T03:08:03.000+02:00,2026-03-11T03:08:03.000+02:00,1,https://www.nna-leb.gov.lb/ar/news/419104/%D8%B7%D9%88%D8%A7%D8%B1%D8%A6-%D8%A7%D9%84%D8%B5%D8%AD%D8%A9-%D8%B4%D9%87%D9%8A%D8%AF-%D9%88%D8%AC%D8%B1%D9%8A%D8%AD%D8%A7%D9%86-%D9%81%D9%8A-%D8%A7%D9%84%D8%BA%D8%A7%D8%B1%D8%A9-%D8%B9%D9%84%D9%89-%D8%B2%D9%84%D8%A7%D9%8A%D8%A7-2,419104,0,0,
INC-0097,2026-03-11,شعت (Chaat),شعث,Baalbek,Baalbek-Hermel,8,3,airstrike,residence,2026-03-11T17:36:00.000+02:00,2026-03-11T21:54:38.000+02:00,3,https://www.nna-leb.gov.lb/ar/news/419357/5-%D8%B4%D9%87%D8%AF%D8%A7%D8%A1-%D8%A7%D9%84%D8%AD%D8%B5%D9%8A%D9%84%D8%A9-%D8%A7%D9%84%D8%A3%D9%88%D9%84%D9%8A%D8%A9-%D9%84%D9%84%D8%BA%D8%A7%D8%B1%D8%A9-%D8%B9%D9%84%D9%89-%D8%B4%D8%B9%D8%AA-2;https://www.nna-leb.gov.lb/ar/news/419395/%D8%AD%D8%B5%D9%8A%D9%84%D8%A9-%D8%BA%D8%A7%D8%B1%D8%A9-%D8%B4%D8%B9%D8%AA-8-%D8%B4%D9%87%D8%AF%D8%A7%D8%A1-%D9%883-%D8%AC%D8%B1%D8%AD%D9%89-2;https://www.nna-leb.gov.lb/ar/news/419416/%D8%A7%D9%84%D8%BA%D8%A7%D8%B1%D8%A9-%D8%B9%D9%84%D9%89-%D8%B4%D8%B9%D8%AB-8-%D8%B4%D9%87%D8%AF%D8%A7%D8%A1-%D9%883-%D8%AC%D8%B1%D8%AD%D9%89-2,419357;419395;419416,0,0,"initial estimate; jumps sharply to 8 in update 419395/419416 - flag heavily for merge review, use 8 (later, more detailed w/ named family) | named: Tahhan family; major update to 419357 chain (3->8), described as a massacre | MoPH confirmation matching 419395 - do not double count"
INC-0098,2026-03-11,شقرا (Shaqra),شقرا,Nabatieh,Nabatieh,2,0,airstrike,unspecified,2026-03-11T10:35:51.000+02:00,2026-03-11T10:35:51.000+02:00,1,https://www.nna-leb.gov.lb/ar/news/419227/%D8%B4%D9%87%D9%8A%D8%AF%D8%A7%D9%86-%D8%AC%D8%B1%D8%A7%D8%A1-%D8%A7%D9%84%D8%BA%D8%A7%D8%B1%D8%A9-%D8%B9%D9%84%D9%89-%D8%B4%D9%82%D8%B1%D8%A7-2,419227,0,0,first dead-toll report for Shaqra (earlier 418038 mention had no deaths)
INC-0099,2026-03-11,كفرتبنيت (Kfartebnit),كفرتبنيت,Nabatieh,Nabatieh,1,0,airstrike,"medic, Islamic Health Authority (explicitly identified)",2026-03-11T06:14:52.000+02:00,2026-03-11T06:14:52.000+02:00,1,https://www.nna-leb.gov.lb/ar/news/419129/%D8%BA%D8%A7%D8%B1%D8%A7%D8%AA-%D8%B9%D9%84%D9%89-%D9%82%D8%B1%D9%89-%D9%81%D9%8A-%D9%82%D8%B6%D8%A7%D8%A1-%D8%A7%D9%84%D9%86%D8%A8%D8%B7%D9%8A%D8%A9-%D9%84%D9%8A%D9%84%D8%A7-%D9%88%D8%B3%D9%82%D9%88%D8%B7-3-%D8%B4%D9%87%D8%AF%D8%A7%D8%A1-%D9%81%D9%8A-%D8%A7%D9%84%D8%B4%D8%B1%D9%82%D9%8A%D8%A9-2,419129b,0,0,same source article as 419129; named: Mohammad Kajak - split into own row (different town). Article also mentions Jbeshit/Arabsalim/Zawtar al-Sharqiya strikes w/ no deaths given here
INC-0100,2026-03-11,معركة (Maaraka junction),مفرق معركة - صور,Tyre,South Lebanon,2,14,airstrike,4-story building,2026-03-11T16:54:45.000+02:00,2026-03-11T21:58:26.000+02:00,2,https://www.nna-leb.gov.lb/ar/news/419345/%D8%B4%D9%87%D9%8A%D8%AF-%D9%8814-%D8%AC%D8%B1%D9%8A%D8%AD%D8%A7-%D9%81%D9%8A-%D8%A7%D9%84%D8%BA%D8%A7%D8%B1%D8%A9-%D8%B9%D9%84%D9%89-%D9%85%D8%A8%D9%86%D9%89-%D8%B9%D9%86%D8%AF-%D9%85%D9%81%D8%B1%D9%82-%D8%A8%D9%84%D8%AF%D8%A9-%D9%85%D8%B9%D8%B1%D9%83%D8%A9-2;https://www.nna-leb.gov.lb/ar/news/419417/%D8%A7%D9%86%D8%AA%D8%B4%D8%A7%D9%84-%D8%B4%D9%87%D9%8A%D8%AF%D9%8A%D9%86-%D9%81%D9%8A-%D8%BA%D8%A7%D8%B1%D8%A9-%D8%A7%D8%B3%D8%AA%D9%87%D8%AF%D9%81%D8%AA-%D9%85%D8%A8%D9%86%D9%89-%D9%85%D9%86-4-%D8%B7%D8%A8%D9%82%D8%A7%D8%AA-%D8%B9%D9%84%D9%89-%D9%85%D9%81%D8%B1%D9%82-%D9%85%D8%B9%D8%B1%D9%83%D8%A9---%D8%B5%D9%88%D8%B1-2,419345;419417,0,0,"update in 419417 (2 bodies recovered) | update to 419345 chain (bodies recovered), search continuing"
INC-0101,2026-03-12,أركي (Arki),أركي,Sidon,South Lebanon,9,7,airstrike,residence,2026-03-12T15:01:00.000+02:00,2026-03-12T21:06:33.000+02:00,3,https://www.nna-leb.gov.lb/ar/news/419598/%D9%88%D8%B2%D8%A7%D8%B1%D8%A9-%D8%A7%D9%84%D8%B5%D8%AD%D8%A9--%D8%A7%D8%B3%D8%AA%D8%B4%D9%87%D8%A7%D8%AF-9-%D9%85%D9%88%D8%A7%D8%B7%D9%86%D9%8A%D9%86-%D9%88%D8%A5%D8%B5%D8%A7%D8%A8%D8%A9-7-%D8%A8%D8%AC%D8%B1%D9%88%D8%AD-%D9%81%D9%8A-%D8%A7%D9%84%D8%BA%D8%A7%D8%B1%D8%A9-%D8%B9%D9%84%D9%89-%D8%A7%D8%B1%D9%83%D9%8A-2;https://www.nna-leb.gov.lb/ar/news/419666/%D8%A8%D9%84%D8%AF%D9%8A%D8%A9-%D8%A7%D8%B1%D9%83%D9%8A-%D9%86%D8%B9%D8%AA-9-%D9%85%D9%86-%D8%A7%D8%A8%D9%86%D8%A7%D8%A1-%D8%A7%D9%84%D8%A8%D9%84%D8%AF%D8%A9-%D8%A8%D9%8A%D9%86%D9%87%D9%85-5-%D8%A7%D8%B7%D9%81%D8%A7%D9%84-%D8%A7%D8%B3%D8%AA%D8%B4%D9%87%D8%AF%D9%88%D8%A7-%D9%81%D9%8A-%D8%A7%D9%84%D8%BA%D8%A7%D8%B1%D8%A9-%D8%B9%D9%84%D9%89-%D9%85%D9%86%D8%B2%D9%84%D9%87%D9%85-2;https://www.nna-leb.gov.lb/ar/news/419685/%D8%AD%D8%B5%D9%8A%D9%84%D8%A9-%D9%86%D9%87%D8%A7%D8%A6%D9%8A%D8%A9-%D9%84%D9%84%D8%BA%D8%A7%D8%B1%D8%A9-%D8%B9%D9%84%D9%89-%D8%A3%D8%B1%D9%83%D9%8A-9-%D8%B4%D9%87%D8%AF%D8%A7%D8%A1-%D8%A8%D9%8A%D9%86%D9%87%D9%85-5-%D8%A3%D8%B7%D9%81%D8%A7%D9%84-%D9%887-%D8%AC%D8%B1%D8%AD%D9%89-2,419598;419666;419685,0,0,"5 of 9 dead are children; municipal condolence statement functions as the primary report here (first mention of this specific toll); confirmed in 419685 | MoPH confirmation of 419666 (title says 'final', body says 'preliminary' - internal inconsistency, note for merge)"
INC-0102,2026-03-12,الحدث (Hadath),الحدث - كلية العلوم,Baabda,Mount Lebanon,2,0,drone strike,university faculty building,2026-03-12T15:18:48.000+02:00,2026-03-12T15:18:48.000+02:00,1,https://www.nna-leb.gov.lb/ar/news/419610/%D9%85%D8%B3%D9%8A%D8%B1%D8%A9-%D8%A7%D8%B3%D8%AA%D9%87%D8%AF%D9%81%D8%AA-%D9%83%D9%84%D9%8A%D8%A9-%D8%A7%D9%84%D8%B9%D9%84%D9%88%D9%85---%D8%A7%D9%84%D8%AD%D8%AF%D8%AB-%D9%88%D8%A7%D8%B3%D8%AA%D8%B4%D9%87%D8%A7%D8%AF-%D9%85%D8%AF%D9%8A%D8%B1%D9%87%D8%A7-%D9%88%D8%A7%D8%B3%D8%AA%D8%A7%D8%B0-%D8%AC%D8%A7%D9%85%D8%B9%D9%8A-2,419610,0,0,"named: Dr. Hussein Bazzi (faculty dean) + Dr. Mortada Sorour (professor), both explicitly identified by occupation"
INC-0103,2026-03-12,النبطية الفوقا (Nabatieh al-Fawqa),النبطية الفوقا,Nabatieh,Nabatieh,1,0,airstrike,residence (sheikh's home),2026-03-13T06:55:16.000+02:00,2026-03-13T06:55:16.000+02:00,1,https://www.nna-leb.gov.lb/ar/news/419730/%D8%BA%D8%A7%D8%B1%D8%A7%D8%AA-%D8%B9%D9%84%D9%89-%D9%82%D8%B1%D9%89-%D9%81%D9%8A-%D9%82%D8%B6%D8%A7%D8%A1-%D8%A7%D9%84%D9%86%D8%A8%D8%B7%D9%8A%D8%A9-%D9%84%D9%8A%D9%84%D8%A7-%D9%88%D9%81%D8%AC%D8%B1%D8%A7-2,419730,0,0,"event_date corrected from Mar 13 (publish date) to Mar 12 per explicit 'الليلة الماضية' (last night) text - validation audit fix; named: Sheikh Hassan Ghandour, died of wounds; article also covers Al-Dawir (3 strikes, no deaths given) and Sir al-Gharbiyeh/Kfarsir/Aaba strikes w/ no deaths"
INC-0104,2026-03-12,باريش (Barish),باريش,Tyre,South Lebanon,3,0,airstrike,unspecified,2026-03-12T09:19:29.000+02:00,2026-03-12T22:04:20.000+02:00,2,https://www.nna-leb.gov.lb/ar/news/419499/%D8%AB%D9%84%D8%A7%D8%AB%D8%A9-%D8%B4%D9%87%D8%AF%D8%A7%D8%A1-%D9%88%D8%B9%D8%AF%D8%AF-%D9%85%D9%86-%D8%A7%D9%84%D8%AC%D8%B1%D8%AD%D9%89-%D9%81%D9%8A-%D8%A7%D9%84%D8%BA%D8%A7%D8%B1%D8%A9-%D8%B9%D9%84%D9%89-%D8%A8%D9%84%D8%AF%D8%A9-%D8%A8%D8%A7%D8%B1%D9%8A%D8%B4-2;https://www.nna-leb.gov.lb/ar/news/419692/%D8%AD%D8%B5%D9%8A%D9%84%D8%A9-%D8%A7%D9%84%D8%BA%D8%A7%D8%B1%D8%AA%D9%8A%D9%86-%D8%B9%D9%84%D9%89-%D8%B9%D9%8A%D9%86-%D8%A5%D8%A8%D9%84-%D9%88%D8%A8%D8%A7%D8%B1%D9%8A%D8%B4-%D8%A7%D8%B1%D8%AA%D9%82%D8%A7%D8%A1-6-%D8%B4%D9%87%D8%AF%D8%A7%D8%A1-2,419499;419692b,0,0,"named: Khodr Abbas, Ahmad Abbas, Shafiq Rmeiti | same source article as 419692; likely same-day MoPH confirmation of 419499 (batch 4) - do not double count, split into own row (different town)"
INC-0105,2026-03-12,بنت جبيل (Bint Jbeil),بنت جبيل,Bint Jbeil,Nabatieh,3,0,strike on vehicle,car,2026-03-12T15:44:26.000+02:00,2026-03-12T15:44:26.000+02:00,1,https://www.nna-leb.gov.lb/ar/news/419622/%D8%A7%D8%B3%D8%AA%D8%B4%D9%87%D8%A7%D8%AF-3-%D8%A3%D8%B4%D8%AE%D8%A7%D8%B5-%D9%81%D9%8A-%D8%A7%D9%84%D8%BA%D8%A7%D8%B1%D8%A9-%D8%B9%D9%84%D9%89-%D8%A7%D9%84%D8%B3%D9%8A%D8%A7%D8%B1%D8%A9-%D9%81%D9%8A-%D8%A8%D9%86%D8%AA-%D8%AC%D8%A8%D9%8A%D9%84-2,419622,0,0,
INC-0106,2026-03-12,دير أنطار (Deir Antar),دير أنطار,Bint Jbeil,Nabatieh,1,0,drone strike,vehicle,2026-03-12T09:22:23.000+02:00,2026-03-12T09:22:23.000+02:00,1,https://www.nna-leb.gov.lb/ar/news/419500/%D8%B4%D9%87%D9%8A%D8%AF-%D9%81%D9%8A-%D8%BA%D8%A7%D8%B1%D8%A9-%D8%B9%D9%84%D9%89-%D8%B3%D9%8A%D8%A7%D8%B1%D8%A9-%D9%81%D9%8A-%D8%A8%D9%84%D8%AF%D8%A9-%D8%AF%D9%8A%D8%B1-%D8%A7%D9%86%D8%B7%D8%A7%D8%B1-2,419500,0,0,"possibly additional to, or already reflected within, the same-town multi-report chain from the prior day - flag for merge review"
INC-0107,2026-03-12,عرمون (Aramoun),عرمون,Aley,Mount Lebanon,5,7,airstrike,unspecified,2026-03-12T06:19:00.000+02:00,2026-03-12T14:30:16.000+02:00,3,https://www.nna-leb.gov.lb/ar/news/419458/%D8%AD%D8%B5%D9%8A%D9%84%D8%A9-%D8%A3%D9%88%D9%84%D9%8A%D8%A9-%D9%84%D9%84%D8%BA%D8%A7%D8%B1%D8%A7%D8%AA-%D8%B9%D9%84%D9%89-%D8%B9%D8%B1%D9%85%D9%88%D9%86-3-%D8%B4%D9%87%D8%AF%D8%A7%D8%A1-%D9%88%D8%B7%D9%81%D9%84-%D8%AC%D8%B1%D9%8A%D8%AD-2;https://www.nna-leb.gov.lb/ar/news/419535/%D8%A7%D8%B3%D8%AA%D8%B4%D9%87%D8%A7%D8%AF-%D8%A7%D9%84%D9%85%D8%B5%D9%88%D8%B1-%D9%85%D8%AD%D9%85%D8%AF-%D8%B4%D9%87%D8%A7%D8%A8-%D9%88%D8%A7%D8%A8%D9%86%D8%AA%D9%87-%D8%AC%D8%B1%D8%A7%D8%A1-%D8%BA%D8%A7%D8%B1%D8%A9-%D8%B9%D8%B1%D9%85%D9%88%D9%86-2;https://www.nna-leb.gov.lb/ar/news/419588/%D8%A7%D9%84%D8%BA%D8%A7%D8%B1%D8%AA%D8%A7%D9%86-%D8%B9%D9%84%D9%89-%D8%B9%D8%B1%D9%85%D9%88%D9%86-%D9%88%D8%A7%D9%84%D8%B1%D9%85%D9%84%D8%A9-%D8%A7%D9%84%D8%A8%D9%8A%D8%B6%D8%A7%D8%A1-%D8%AD%D8%B5%D9%8A%D9%84%D8%A9-%D9%86%D9%87%D8%A7%D8%A6%D9%8A%D8%A9-2,419458;419535;419588,0,0,"distinct date from the March 2 Aramoun/Saadiyat incident (417154/417202, batch 1); chain continues in 419535 (names photographer) and 419588 final (5) | named: photographer/director Mohammad Shehab + young daughter; update/detail to 419458 chain, not additive | FINAL MoPH toll for Aramoun, supersedes 419458/419535 chain"
INC-0108,2026-03-12,عين ابل (Ain Ebel),عين ابل,Bint Jbeil,Nabatieh,3,0,airstrike,unspecified,2026-03-12T17:08:00.000+02:00,2026-03-12T22:04:20.000+02:00,2,https://www.nna-leb.gov.lb/ar/news/419643/%D8%A7%D8%B3%D8%AA%D8%B4%D9%87%D8%A7%D8%AF-3-%D9%85%D9%88%D8%A7%D8%B7%D9%86%D9%8A%D9%86-%D9%81%D9%8A-%D8%A7%D9%84%D8%BA%D8%A7%D8%B1%D8%A9-%D8%B9%D9%84%D9%89-%D8%B9%D9%8A%D9%86-%D8%A7%D8%A8%D9%84-2;https://www.nna-leb.gov.lb/ar/news/419692/%D8%AD%D8%B5%D9%8A%D9%84%D8%A9-%D8%A7%D9%84%D8%BA%D8%A7%D8%B1%D8%AA%D9%8A%D9%86-%D8%B9%D9%84%D9%89-%D8%B9%D9%8A%D9%86-%D8%A5%D8%A8%D9%84-%D9%88%D8%A8%D8%A7%D8%B1%D9%8A%D8%B4-%D8%A7%D8%B1%D8%AA%D9%82%D8%A7%D8%A1-6-%D8%B4%D9%87%D8%AF%D8%A7%D8%A1-2,419643;419692,0,0,"named: George Khreish, Elie Attallah, Shadi Ammar; update/confirmation in 419692 | MoPH update/confirmation of 419643 chain"
INC-0109,2026-03-12,معركة البص (Maaraka al-Bass junction),مفرق معركة البص - صور,Tyre,South Lebanon,2,,airstrike,unspecified,2026-03-12T19:18:31.000+02:00,2026-03-12T19:18:31.000+02:00,1,https://www.nna-leb.gov.lb/ar/news/419673/%D8%B4%D9%87%D9%8A%D8%AF-%D8%AB%D8%A7%D9%86%D9%8D-%D9%85%D8%AA%D8%A3%D8%AB%D8%B1%D9%8B%D8%A7-%D8%A8%D8%AC%D8%B1%D8%A7%D8%AD%D9%87-%D9%81%D9%8A-%D8%BA%D8%A7%D8%B1%D8%A9-%D8%A7%D8%B3%D8%AA%D9%87%D8%AF%D9%81%D8%AA-%D9%85%D9%81%D8%AA%D8%B1%D9%82-%D9%85%D8%B9%D8%B1%D9%83%D8%A9-%D8%A7%D9%84%D8%A8%D8%B5---%D8%B5%D9%88%D8%B1-2,419673,0,0,"second victim died of wounds, raising total to 2; the initial (first) death from this strike was not itself in the keyword-filtered candidate set"
INC-0110,2026-03-13,Kfartebnit-Arnoun road,طريق كفرتبنيت - أرنون,Nabatieh,Nabatieh,1,0,drone strike,motorcycle,2026-03-13T11:09:22.000+02:00,2026-03-13T11:09:22.000+02:00,1,https://www.nna-leb.gov.lb/ar/news/419817/%D8%B4%D9%87%D9%8A%D8%AF-%D9%81%D9%8A-%D8%BA%D8%A7%D8%B1%D8%A9-%D8%B9%D9%84%D9%89-%D8%AF%D8%B1%D8%A7%D8%AC%D8%A9-%D9%86%D8%A7%D8%B1%D9%8A%D8%A9-%D8%B9%D9%84%D9%89-%D8%B7%D8%B1%D9%8A%D9%82-%D8%A8%D9%84%D8%AF%D8%AA%D9%8A-%D9%83%D9%81%D8%B1%D8%AA%D8%A8%D9%86%D9%8A%D8%AA---%D8%A3%D8%B1%D9%86%D9%88%D9%86-2,419817,1,0,
INC-0111,2026-03-13,الجناح (Jnah),الجناح,Beirut,Beirut,1,0,strike on vehicle,car,2026-03-13T03:14:31.000+02:00,2026-03-13T03:14:31.000+02:00,1,https://www.nna-leb.gov.lb/ar/news/419699/%D8%B4%D9%87%D9%8A%D8%AF-%D8%A8%D8%A7%D8%B3%D8%AA%D9%87%D8%AF%D8%A7%D9%81-%D8%B3%D9%8A%D8%A7%D8%B1%D8%A9-%D9%81%D9%8A-%D8%A7%D9%84%D8%AC%D9%86%D8%A7%D8%AD-2,419699,0,0,
INC-0112,2026-03-13,الصوانة (Al-Sawwaneh),الصوانة,Tyre,South Lebanon,2,5,strike on responder team,joint Islamic Resalah Scouts / Islamic Health Authority post (direct strike),2026-03-13T17:48:35.000+02:00,2026-03-13T19:56:49.000+02:00,2,https://www.nna-leb.gov.lb/ar/news/419931/%D8%A7%D8%B3%D8%AA%D8%B4%D9%87%D8%A7%D8%AF-%D9%85%D8%B3%D8%B9%D9%81%D9%8A%D9%86-%D9%85%D9%86-%D9%83%D8%B4%D8%A7%D9%81%D8%A9-%D8%A7%D9%84%D8%B1%D8%B3%D8%A7%D9%84%D8%A9-%D9%88%D8%A7%D9%84%D9%87%D9%8A%D8%A6%D8%A9-%D8%A7%D9%84%D8%B5%D8%AD%D9%8A%D8%A9-%D9%81%D9%8A-%D8%A7%D9%84%D8%BA%D8%A7%D8%B1%D8%A9-%D8%B9%D9%84%D9%89-%D8%A7%D9%84%D8%B5%D9%88%D8%A7%D9%86%D8%A9-2;https://www.nna-leb.gov.lb/ar/news/419957/%D8%A7%D9%84%D8%B5%D8%AD%D8%A9-%D8%AA%D8%B9%D9%84%D9%86-%D8%A7%D8%B3%D8%AA%D8%B4%D9%87%D8%A7%D8%AF-%D9%85%D8%B3%D8%B9%D9%81%D9%8A%D9%86-%D8%A7%D8%AB%D9%86%D9%8E%D9%8A%D9%86-%D9%88%D8%A5%D8%B5%D8%A7%D8%A8%D8%A9-5-%D8%A8%D8%AC%D8%B1%D9%88%D8%AD-%D9%81%D9%8A-%D8%A7%D8%B3%D8%AA%D9%87%D8%AF%D8%A7%D9%81-%D9%85%D8%A8%D8%A7%D8%B4%D8%B1-%D9%81%D9%8A-%D8%A7%D9%84%D8%B5%D9%88%D8%A7%D9%86%D8%A9-2,419931;419957,0,0,update/confirmation in 419957 | MoPH confirmation of 419931 - do not double count
INC-0113,2026-03-13,الغازية (Ghazieh),الغازية - قرب مدرسة السفير,Sidon,South Lebanon,2,0,airstrike,building,2026-03-13T17:27:03.000+02:00,2026-03-13T17:27:03.000+02:00,1,https://www.nna-leb.gov.lb/ar/news/419926/%D8%A7%D8%B3%D8%AA%D8%B4%D9%87%D8%A7%D8%AF-%D8%B7%D9%81%D9%84%D9%8A%D9%86-%D9%81%D9%8A-%D8%A7%D9%84%D8%BA%D8%A7%D8%B1%D8%A9-%D8%B9%D9%84%D9%89-%D8%A7%D9%84%D8%BA%D8%A7%D8%B2%D9%8A%D8%A9-2,419926,0,0,"2 children; distinct from the March 8 Ghazieh strike (418372/418515, batch 3) - different date/incident"
INC-0114,2026-03-13,الفوار (Al-Fawwar),الفوار - صيدا,Sidon,South Lebanon,8,9,airstrike,unspecified,2026-03-13T10:41:00.000+02:00,2026-03-13T10:41:00.000+02:00,1,https://www.nna-leb.gov.lb/ar/news/419805/%D8%A7%D9%84%D8%B5%D8%AD%D8%A9-%D9%81%D9%8A-%D8%AD%D8%B5%D9%8A%D9%84%D8%A9-%D8%A3%D9%88%D9%84%D9%8A%D8%A9-%D9%84%D9%84%D8%BA%D8%A7%D8%B1%D8%A9-%D8%B9%D9%84%D9%89-%D8%A7%D9%84%D9%81%D9%88%D8%A7%D8%B1---%D8%B5%D9%8A%D8%AF%D8%A7-8-%D8%B4%D9%87%D8%AF%D8%A7%D8%A1-%D9%889-%D8%AC%D8%B1%D8%AD%D9%89-2,419805,0,0,
INC-0115,2026-03-13,النبطية (Nabatieh city - Al-Rahibat neighborhood),النبطية - حي الراهبات,Nabatieh,Nabatieh,7,5,airstrike,residence,2026-03-13T19:21:58.000+02:00,2026-03-15T06:06:44.000+02:00,4,https://www.nna-leb.gov.lb/ar/news/419952/%D8%A5%D8%B1%D8%AA%D9%82%D8%A7%D8%A1-6-%D8%B4%D9%87%D8%AF%D8%A7%D8%A1-%D8%A8%D9%8A%D9%86%D9%87%D9%85-%D8%B7%D9%81%D9%84%D8%A9-%D9%81%D9%8A-%D9%85%D8%AC%D8%B2%D8%B1%D8%A9-%D8%A5%D8%B3%D8%B1%D8%A7%D8%A6%D9%8A%D9%84%D9%8A%D8%A9-%D9%81%D9%8A-%D8%AD%D9%8A-%D8%A7%D9%84%D8%B1%D8%A7%D9%87%D8%A8%D8%A7%D8%AA-%D9%81%D9%8A-%D8%A7%D9%84%D9%86%D8%A8%D8%B7%D9%8A%D8%A9-2;https://www.nna-leb.gov.lb/ar/news/419969/%D8%AD%D8%B5%D9%8A%D9%84%D8%A9-%D8%A3%D9%88%D9%84%D9%8A%D8%A9-%D9%84%D9%84%D8%BA%D8%A7%D8%B1%D8%A9-%D8%B9%D9%84%D9%89-%D8%AD%D9%8A-%D8%A7%D9%84%D8%B1%D8%A7%D9%87%D8%A8%D8%A7%D8%AA---%D8%A7%D9%84%D9%86%D8%A8%D8%B7%D9%8A%D8%A9-5-%D8%B4%D9%87%D8%AF%D8%A7%D8%A1-%D9%885-%D8%AC%D8%B1%D8%AD%D9%89-2;https://www.nna-leb.gov.lb/ar/news/419993/%D8%A7%D8%B1%D8%AA%D9%81%D8%A7%D8%B9-%D9%85%D8%AC%D8%B2%D8%B1%D8%A9-%D8%AD%D9%8A-%D8%A7%D9%84%D8%B1%D8%A7%D9%87%D8%A8%D8%A7%D8%AA-%D9%81%D9%8A-%D8%A7%D9%84%D9%86%D8%A8%D8%B7%D9%8A%D8%A9-%D8%A7%D9%84%D9%89-7-%D9%88%D8%BA%D8%A7%D8%B1%D8%A7%D8%AA-%D8%B9%D9%86%D9%8A%D9%81%D8%A9-%D9%84%D9%8A%D9%84%D8%A7-%D8%B9%D9%84%D9%89-%D9%82%D8%B1%D9%89-%D8%A7%D9%84%D9%82%D8%B6%D8%A7%D8%A1-2;https://www.nna-leb.gov.lb/ar/news/420189/%D8%B7%D9%88%D8%A7%D8%B1%D9%89%D8%A1-%D8%A7%D9%84%D8%B5%D8%AD%D8%A9-14-%D8%B4%D9%87%D9%8A%D8%AF%D8%A7-%D9%81%D9%8A-%D8%A7%D9%84%D8%BA%D8%A7%D8%B1%D8%A7%D8%AA-%D8%B9%D9%84%D9%89-%D8%AD%D9%8A-%D8%A7%D9%84%D8%B1%D8%A7%D9%87%D8%A8%D8%A7%D8%AA-%D9%81%D9%8A-%D8%A7%D9%84%D9%86%D8%A8%D8%B7%D9%8A%D8%A9-%D9%88%D8%AD%D8%A7%D8%B1%D8%A9-%D8%B5%D9%8A%D8%AF%D8%A7-%D9%88%D8%A8%D9%84%D8%AF%D8%A9-%D8%A7%D9%84%D9%82%D8%B7%D8%B1%D8%A7%D9%86%D9%8A-%D9%81%D9%8A-%D8%AC%D8%B2%D9%8A%D9%86-2,419952;419969;419993;420189,0,0,"named: Basma family; chain fluctuates (419969: 5, 419993: 7, 420189 final: 7) - use 7 | MoPH update to 419952 chain - see 419993/420189 for further updates to 7 (final) | named: Qais Basma + wife Baladin Jaber + children Hussein/Hassan/Abbas + infant Helen (6) + Hussein Mohammad Bitar (died of wounds, 7th); update to 419952/419969 chain; article also covers Samouqa/Tool/Arnoun/Yohmor al-Shaqif strikes+shelling w/ no deaths given here | FINAL MoPH toll for 419952/419969/419993 chain (4 of 7 are children)"
INC-0116,2026-03-13,بر الياس (Bar Elias),بر الياس - البقاع الأوسط,Zahle,Bekaa,2,3,airstrike,apartment (targeted an Islamic Group official),2026-03-13T05:44:10.000+02:00,2026-03-13T05:44:10.000+02:00,1,https://www.nna-leb.gov.lb/ar/news/419722/%D8%B4%D9%87%D8%AF%D8%A7%D8%A1-%D9%88%D8%AC%D8%B1%D8%AD%D9%89-%D8%A8%D8%A7%D8%B3%D8%AA%D9%87%D8%AF%D8%A7%D9%81-%D8%B4%D9%82%D8%A9-%D9%81%D9%8A-%D8%A8%D8%B1-%D8%A7%D9%84%D9%8A%D8%A7%D8%B3-2,419722,0,0,"named: sons Abdul Rahman and Mosaab al-Dahouk; the targeted official Youssef al-Dahouk (explicitly ID'd as Islamic Group official) survived, critically injured"
INC-0117,2026-03-13,برج قلاويه (Burj Qalawiyeh),برج قلاويه,Bint Jbeil,Nabatieh,1,0,airstrike,unspecified,2026-03-14T06:12:00.000+02:00,2026-03-14T06:12:00.000+02:00,1,https://www.nna-leb.gov.lb/ar/news/419988/%D9%82%D8%B5%D9%81-%D9%84%D9%8A%D9%84%D9%8A-%D8%B9%D9%86%D9%8A%D9%81-%D8%B9%D9%84%D9%89-%D9%82%D8%B1%D9%89-%D9%82%D8%B6%D8%A7%D8%A1-%D8%B5%D9%88%D8%B1-%D9%88%D8%A7%D8%B3%D8%AA%D8%B4%D9%87%D8%A7%D8%AF-%D8%B7%D8%A8%D9%8A%D8%A8-%D9%81%D9%8A-%D8%BA%D8%A7%D8%B1%D8%A9-%D8%B9%D9%84%D9%89-%D8%A8%D8%B1%D8%AC-%D9%82%D9%84%D8%A7%D9%88%D9%8A%D9%87-2,419988,0,0,"named: Dr. Hisham Ismail (occupation stated); article also covers Bint Jbeil/Ainata/Aytaroun/Maroun al-Ras strikes and clashes, and Wadi al-Hujeir shelling w/ no deaths given here - likely connected to the much larger 419992 strike on the same village's health center later that night, flag for merge review"
INC-0118,2026-03-13,بنت جبيل (Bint Jbeil city),بنت جبيل (مدينة),Bint Jbeil,Nabatieh,3,0,airstrike,unspecified,2026-03-13T18:11:21.000+02:00,2026-03-13T18:11:21.000+02:00,1,https://www.nna-leb.gov.lb/ar/news/419940/3-%D8%B4%D9%87%D8%AF%D8%A7%D8%A1-%D9%81%D9%8A-%D8%BA%D8%A7%D8%B1%D8%A9-%D8%B9%D9%84%D9%89-%D8%A8%D9%86%D8%AA-%D8%AC%D8%A8%D9%8A%D9%84-2,419940,0,0,third distinct Bint Jbeil city strike this study period - different date from 419176 and 419622; article also mentions a coinciding Aytaroun strike w/ no deaths given
INC-0119,2026-03-13,شبعا (Shebaa - outskirts),أطراف شبعا,Hasbaya,Nabatieh,2,0,drone strike,unspecified,2026-03-13T08:03:15.000+02:00,2026-03-13T08:03:15.000+02:00,1,https://www.nna-leb.gov.lb/ar/news/419753/%D8%B4%D9%87%D9%8A%D8%AF%D8%A7%D9%86-%D8%A7%D8%B3%D8%AA%D9%87%D8%AF%D9%81%D8%AA%D9%87%D9%85%D8%A7-%D8%BA%D8%A7%D8%B1%D8%A9-%D9%85%D9%86-%D9%85%D8%B3%D9%8A%D9%91%D8%B1%D8%A9-%D8%B9%D9%86%D8%AF-%D8%A3%D8%B7%D8%B1%D8%A7%D9%81-%D8%B4%D8%A8%D8%B9%D8%A7-2,419753,0,0,"named: Mahmoud Akrama Nassif, Hadi Mohammad Kaanan"
INC-0120,2026-03-13,طريق الشعيتية (Al-Shaitiyeh road),طريق الشعيتية,Tyre,South Lebanon,1,0,drone strike,vehicle,2026-03-13T05:34:53.000+02:00,2026-03-13T05:34:53.000+02:00,1,https://www.nna-leb.gov.lb/ar/news/419721/%D8%B4%D9%87%D9%8A%D8%AF-%D8%A8%D8%A7%D8%B3%D8%AA%D9%87%D8%AF%D8%A7%D9%81-%D8%B3%D9%8A%D8%A7%D8%B1%D8%A9-%D8%B9%D9%84%D9%89-%D8%B7%D8%B1%D9%8A%D9%82-%D8%A7%D9%84%D8%B4%D9%8A%D8%B9%D9%8A%D8%AA%D9%8A%D8%A9-2,419721,0,0,
INC-0121,2026-03-13,عبا (Aaba),عبا,Nabatieh,Nabatieh,1,1,airstrike,residence,2026-03-13T03:17:29.000+02:00,2026-03-13T03:17:29.000+02:00,1,https://www.nna-leb.gov.lb/ar/news/419700/%D8%B4%D9%87%D9%8A%D8%AF%D8%A9-%D9%88%D8%AC%D8%B1%D9%8A%D8%AD-%D9%81%D9%8A-%D8%BA%D8%A7%D8%B1%D8%A9-%D8%B9%D9%84%D9%89-%D8%B9%D8%A8%D8%A7-2,419700,0,0,named: Ataf Moallem Sabra
INC-0122,2026-03-13,ياطر (Yatar),ياطر,Bint Jbeil,Nabatieh,1,0,airstrike,unspecified,2026-03-13T11:39:00.000+02:00,2026-03-13T11:39:00.000+02:00,1,https://www.nna-leb.gov.lb/ar/news/419833/%D8%B4%D9%87%D9%8A%D8%AF-%D8%AC%D8%B1%D8%A7%D8%A1-%D8%A7%D9%84%D8%BA%D8%A7%D8%B1%D8%A9-%D8%A7%D9%84%D9%8A%D9%88%D9%85-%D8%B9%D9%84%D9%89-%D8%A8%D9%84%D8%AF%D8%A9-%D9%8A%D8%A7%D8%B7%D8%B1-2,419833,0,0,"named: Hassan Youssef Sweidan; district uncertain, verify"
INC-0123,2026-03-14,القطراني (Qatrani),القطراني - جزين,Jezzine,South Lebanon,5,6,airstrike,unspecified,2026-03-15T06:06:04.000+02:00,2026-03-15T20:44:03.000+02:00,3,https://www.nna-leb.gov.lb/ar/news/420190/%D8%BA%D8%A7%D8%B1%D8%A9-%D9%84%D9%8A%D9%84%D8%A7-%D8%B9%D9%84%D9%89-%D8%A7%D9%84%D9%82%D8%B7%D8%B1%D8%A7%D9%86%D9%8A---%D8%AC%D8%B2%D9%8A%D9%86-%D9%88%D8%B3%D9%82%D9%88%D8%B7-%D8%B4%D9%87%D8%AF%D8%A7%D8%A1-%D9%88%D8%AC%D8%B1%D8%AD%D9%89-2;https://www.nna-leb.gov.lb/ar/news/420189/%D8%B7%D9%88%D8%A7%D8%B1%D9%89%D8%A1-%D8%A7%D9%84%D8%B5%D8%AD%D8%A9-14-%D8%B4%D9%87%D9%8A%D8%AF%D8%A7-%D9%81%D9%8A-%D8%A7%D9%84%D8%BA%D8%A7%D8%B1%D8%A7%D8%AA-%D8%B9%D9%84%D9%89-%D8%AD%D9%8A-%D8%A7%D9%84%D8%B1%D8%A7%D9%87%D8%A8%D8%A7%D8%AA-%D9%81%D9%8A-%D8%A7%D9%84%D9%86%D8%A8%D8%B7%D9%8A%D8%A9-%D9%88%D8%AD%D8%A7%D8%B1%D8%A9-%D8%B5%D9%8A%D8%AF%D8%A7-%D9%88%D8%A8%D9%84%D8%AF%D8%A9-%D8%A7%D9%84%D9%82%D8%B7%D8%B1%D8%A7%D9%86%D9%8A-%D9%81%D9%8A-%D8%AC%D8%B2%D9%8A%D9%86-2;https://www.nna-leb.gov.lb/ar/news/420334/%D9%88%D8%B2%D8%A7%D8%B1%D8%A9-%D8%A7%D9%84%D8%B5%D8%AD%D8%A9-%D8%AD%D8%B5%D9%8A%D9%84%D8%A9-%D8%A7%D9%84%D8%BA%D8%A7%D8%B1%D8%A9-%D8%B9%D9%84%D9%89-%D8%A7%D9%84%D9%82%D8%B7%D8%B1%D8%A7%D9%86%D9%8A-5-%D8%B4%D9%87%D8%AF%D8%A7%D8%A1-%D9%886-%D8%AC%D8%B1%D8%AD%D9%89-2,420190;420189c;420334,0,1,"death count vague ('martyrs and wounded'), no figure given; same incident as 420189c/420334 - do not double count | same source article as 420189; first quantified report for this incident (see 420190 for the initial vague mention, 420334 for final toll) - split into own row (different town) | FINAL MoPH toll, supersedes 420189c/420190 chain (3->5)"
INC-0124,2026-03-14,القنطرة (Qantara),القنطرة,Marjayoun,Nabatieh,4,0,airstrike,residence,2026-03-14T20:06:18.000+02:00,2026-03-14T20:06:18.000+02:00,1,https://www.nna-leb.gov.lb/ar/news/420167/%D8%A7%D8%B3%D8%AA%D8%B4%D9%87%D8%A7%D8%AF-%D8%B9%D8%A7%D8%A6%D9%84%D8%A9-%D9%85%D9%86-4-%D9%81%D9%8A-%D8%BA%D8%A7%D8%B1%D8%A9-%D8%B9%D9%84%D9%89-%D8%A7%D9%84%D9%82%D9%86%D8%B7%D8%B1%D8%A9-2,420167,0,0,"named: Al-Sagheer family (father, mother, 2 children)"
INC-0125,2026-03-14,النبعة (Nabaa - Bourj Hammoud),النبعة - برج حمود,Matn,Mount Lebanon,1,4,airstrike,apartment,2026-03-14T12:58:42.000+02:00,2026-03-14T12:58:42.000+02:00,1,https://www.nna-leb.gov.lb/ar/news/420086/%D9%88%D8%B2%D8%A7%D8%B1%D8%A9-%D8%A7%D9%84%D8%B5%D8%AD%D8%A9-%D8%B4%D9%87%D9%8A%D8%AF-%D9%88%D8%A3%D8%B1%D8%A8%D8%B9%D8%A9-%D8%AC%D8%B1%D8%AD%D9%89-%D9%81%D9%8A-%D8%A7%D9%84%D8%BA%D8%A7%D8%B1%D8%A9-%D8%B9%D9%84%D9%89-%D8%A7%D9%84%D9%86%D8%A8%D8%B9%D8%A9---%D8%A8%D8%B1%D8%AC-%D8%AD%D9%85%D9%88%D8%AF-2,420086,0,0,
INC-0126,2026-03-14,برج قلاويه (Burj Qalawiyeh),برج قلاويه,Bint Jbeil,Nabatieh,12,,airstrike,Islamic Health Authority center (explicit target - a medical facility),2026-03-14T06:20:00.000+02:00,2026-03-14T06:20:00.000+02:00,1,https://www.nna-leb.gov.lb/ar/news/419992/12-%D8%B4%D9%87%D9%8A%D8%AF%D8%A7-%D9%88%D8%AC%D8%B1%D8%AD%D9%89-%D9%81%D9%8A-%D8%A7%D9%84%D8%BA%D8%A7%D8%B1%D8%A9-%D8%B9%D9%84%D9%89-%D8%A8%D8%B1%D8%AC-%D9%82%D9%84%D8%A7%D9%88%D9%8A%D8%A9-2,419992,0,0,"MAJOR strike; likely same broader incident cluster as 419988's 1-dead doctor report - flag heavily for merge review. Later context (420111) references 31 total medic deaths incl. bodies recovered from a primary health care center in this same village, consistent with this strike"
INC-0127,2026-03-14,حارة صيدا (Harit Saida),حارة صيدا,Sidon,South Lebanon,4,2,airstrike,apartment,2026-03-14T06:14:27.000+02:00,2026-03-15T06:06:44.000+02:00,2,https://www.nna-leb.gov.lb/ar/news/419989/%D8%A7%D8%B3%D8%AA%D8%B4%D9%87%D8%A7%D8%AF-4-%D8%A3%D8%B4%D8%AE%D8%A7%D8%B5-%D9%81%D9%8A-%D8%A7%D9%84%D8%BA%D8%A7%D8%B1%D8%A9-%D8%B9%D9%84%D9%89-%D8%AA%D8%B9%D9%85%D9%8A%D8%B1-%D8%AD%D8%A7%D8%B1%D8%A9-%D8%B5%D9%8A%D8%AF%D8%A7-2;https://www.nna-leb.gov.lb/ar/news/420189/%D8%B7%D9%88%D8%A7%D8%B1%D9%89%D8%A1-%D8%A7%D9%84%D8%B5%D8%AD%D8%A9-14-%D8%B4%D9%87%D9%8A%D8%AF%D8%A7-%D9%81%D9%8A-%D8%A7%D9%84%D8%BA%D8%A7%D8%B1%D8%A7%D8%AA-%D8%B9%D9%84%D9%89-%D8%AD%D9%8A-%D8%A7%D9%84%D8%B1%D8%A7%D9%87%D8%A8%D8%A7%D8%AA-%D9%81%D9%8A-%D8%A7%D9%84%D9%86%D8%A8%D8%B7%D9%8A%D8%A9-%D9%88%D8%AD%D8%A7%D8%B1%D8%A9-%D8%B5%D9%8A%D8%AF%D8%A7-%D9%88%D8%A8%D9%84%D8%AF%D8%A9-%D8%A7%D9%84%D9%82%D8%B7%D8%B1%D8%A7%D9%86%D9%8A-%D9%81%D9%8A-%D8%AC%D8%B2%D9%8A%D9%86-2,419989;420189b,0,0,FINAL toll confirmed in 420189 (4/2 injured) | same source article as 420189; FINAL MoPH toll confirming 419989 - split into own row (different town)
INC-0128,2026-03-14,مجدل سلم (Majdal Selem),مجدل سلم,Marjayoun,Nabatieh,1,2,airstrike,unspecified,2026-03-14T21:22:51.000+02:00,2026-03-14T21:22:51.000+02:00,1,https://www.nna-leb.gov.lb/ar/news/420176/%D8%B7%D9%88%D8%A7%D8%B1%D8%A6-%D8%A7%D9%84%D8%B5%D8%AD%D8%A9-%D8%A7%D8%B3%D8%AA%D8%B4%D9%87%D8%A7%D8%AF-5-%D9%88%D8%AC%D8%B1%D8%AD-7-%D9%81%D9%8A-%D8%BA%D8%A7%D8%B1%D8%AA%D9%8A-%D9%85%D9%8A%D9%81%D8%AF%D9%88%D9%86-%D9%88%D9%85%D8%AC%D8%AF%D9%84-%D8%B3%D9%84%D9%85-2,420176b,0,0,"same source article as 420176; split into own row (different town) - distinct date from the March 6 Majdal Selem massacre (417990, batch 1) and the March 15 Majdal Selem strike (420332)"
INC-0129,2026-03-14,ميفدون (Meifadoun),ميفدون,Nabatieh,Nabatieh,4,5,airstrike,residence,2026-03-14T18:44:00.000+02:00,2026-03-14T21:22:51.000+02:00,2,https://www.nna-leb.gov.lb/ar/news/420152/%D8%A7%D8%B3%D8%AA%D8%B4%D9%87%D8%A7%D8%AF-4-%D9%85%D9%86-%D8%A7%D9%84%D8%B7%D9%8A%D8%A8%D8%A9-%D8%A8%D8%BA%D8%A7%D8%B1%D8%A9-%D8%B9%D9%84%D9%89-%D9%85%D9%8A%D9%81%D8%AF%D9%88%D9%86-2;https://www.nna-leb.gov.lb/ar/news/420176/%D8%B7%D9%88%D8%A7%D8%B1%D8%A6-%D8%A7%D9%84%D8%B5%D8%AD%D8%A9-%D8%A7%D8%B3%D8%AA%D8%B4%D9%87%D8%A7%D8%AF-5-%D9%88%D8%AC%D8%B1%D8%AD-7-%D9%81%D9%8A-%D8%BA%D8%A7%D8%B1%D8%AA%D9%8A-%D9%85%D9%8A%D9%81%D8%AF%D9%88%D9%86-%D9%88%D9%85%D8%AC%D8%AF%D9%84-%D8%B3%D9%84%D9%85-2,420152;420176,0,0,"named: Souli family (displaced from Tayibeh); distinct from the March 7 Meifadoun strike (418222, batch 2); update/confirmation in 420176 | MoPH confirmation of 420152 - do not double count"
INC-0130,2026-03-15,الشرحبيل (Sharhabil),الشرحبيل - صيدا,Sidon,South Lebanon,1,0,airstrike,apartment,2026-03-15T05:24:00.000+02:00,2026-03-15T10:02:56.000+02:00,2,https://www.nna-leb.gov.lb/ar/news/420180/%D8%A7%D8%B3%D8%AA%D9%87%D8%AF%D8%A7%D9%81-%D8%B4%D9%82%D8%A9-%D9%81%D9%8A-%D9%85%D9%86%D8%B7%D9%82%D8%A9-%D8%A7%D9%84%D8%B4%D8%B1%D8%AD%D8%A8%D9%8A%D9%84---%D8%B5%D9%8A%D8%AF%D8%A7-%D9%88%D8%A7%D8%B3%D8%AA%D8%B4%D9%87%D8%A7%D8%AF-%D9%85%D9%88%D8%A7%D8%B7%D9%86-2;https://www.nna-leb.gov.lb/ar/news/420226/%D8%AD%D8%B5%D9%8A%D9%84%D8%A9-%D8%A3%D9%88%D9%84%D9%8A%D8%A9-%D9%84%D9%84%D8%BA%D8%A7%D8%B1%D8%A9-%D8%B9%D9%84%D9%89-%D8%A8%D9%84%D8%AF%D8%A9-%D8%B4%D8%B1%D8%AD%D8%A8%D9%8A%D9%84---%D8%B5%D9%8A%D8%AF%D8%A7-2,420180;420226,0,0,update/confirmation in 420226 | MoPH confirmation of 420180 - do not double count; injuries revised to 3 children
INC-0131,2026-03-15,طريق النبطية الفوقا (Nabatieh al-Fawqa road),طريق النبطية الفوقا,Nabatieh,Nabatieh,1,0,airstrike,shop (Express),2026-03-15T15:39:18.000+02:00,2026-03-15T15:39:18.000+02:00,1,https://www.nna-leb.gov.lb/ar/news/420287/%D8%B4%D9%87%D9%8A%D8%AF-%D8%A8%D8%A7%D9%84%D8%BA%D8%A7%D8%B1%D8%A9-%D8%B9%D9%84%D9%89-%D8%B7%D8%B1%D9%8A%D9%82-%D8%A7%D9%84%D9%86%D8%A8%D8%B7%D9%8A%D8%A9-%D8%A7%D9%84%D9%81%D9%88%D9%82%D8%A7-2,420287,0,0,
INC-0132,2026-03-15,عيتيت (Aitit),عيتيت,Nabatieh,Nabatieh,3,3,airstrike,unspecified,2026-03-15T20:35:55.000+02:00,2026-03-15T20:35:55.000+02:00,1,https://www.nna-leb.gov.lb/ar/news/420332/%D9%88%D8%B2%D8%A7%D8%B1%D8%A9-%D8%A7%D9%84%D8%B5%D8%AD%D8%A9-%D8%A7%D8%B3%D8%AA%D8%B4%D9%87%D8%A7%D8%AF-5-%D9%85%D9%88%D8%A7%D8%B7%D9%86%D9%8A%D9%86-%D9%81%D9%8A-%D8%A7%D9%84%D8%BA%D8%A7%D8%B1%D8%AA%D9%8A%D9%86-%D8%B9%D9%84%D9%89-%D9%85%D8%AC%D8%AF%D9%84-%D8%B3%D9%84%D9%85-%D9%88%D8%B9%D9%8A%D8%AA%D9%8A%D8%AA-2,420332b,0,0,"same source article as 420332; split into own row (different town) - distinct date from the March 8 Aitit strike (418322, batch 2)"
INC-0133,2026-03-15,مجدل سلم (Majdal Selem),مجدل سلم,Marjayoun,Nabatieh,2,4,airstrike,unspecified,2026-03-15T20:35:55.000+02:00,2026-03-15T20:35:55.000+02:00,1,https://www.nna-leb.gov.lb/ar/news/420332/%D9%88%D8%B2%D8%A7%D8%B1%D8%A9-%D8%A7%D9%84%D8%B5%D8%AD%D8%A9-%D8%A7%D8%B3%D8%AA%D8%B4%D9%87%D8%A7%D8%AF-5-%D9%85%D9%88%D8%A7%D8%B7%D9%86%D9%8A%D9%86-%D9%81%D9%8A-%D8%A7%D9%84%D8%BA%D8%A7%D8%B1%D8%AA%D9%8A%D9%86-%D8%B9%D9%84%D9%89-%D9%85%D8%AC%D8%AF%D9%84-%D8%B3%D9%84%D9%85-%D9%88%D8%B9%D9%8A%D8%AA%D9%8A%D8%AA-2,420332,0,0,distinct date from the March 6 (417990) and March 14 (420176b) Majdal Selem strikes
INC-0134,2026-03-16,القنطرة (Qantara),القنطرة,Marjayoun,Nabatieh,4,0,airstrike,unspecified,2026-03-16T10:05:05.000+02:00,2026-03-16T10:05:05.000+02:00,1,https://www.nna-leb.gov.lb/ar/news/420429/%D8%A7%D9%84%D8%B5%D8%AD%D8%A9-%D9%81%D9%8A-%D8%AD%D8%B5%D9%8A%D9%84%D8%A9-%D8%A3%D9%88%D9%84%D9%8A%D8%A9-%D9%84%D9%84%D8%BA%D8%A7%D8%B1%D8%A7%D8%AA-%D8%B9%D9%84%D9%89-%D8%A7%D9%84%D9%82%D9%86%D8%B7%D8%B1%D8%A9-%D8%A7%D8%B3%D8%AA%D8%B4%D9%87%D8%A7%D8%AF-%D8%A3%D8%B1%D8%A8%D8%B9%D8%A9-%D9%85%D9%88%D8%A7%D8%B7%D9%86%D9%8A%D9%86-%D9%85%D9%86-%D8%A8%D9%8A%D9%86%D9%87%D9%85-%D8%B7%D9%81%D9%84%D8%A7%D9%86-2,420429,0,0,"2 children; distinct date from the March 14 Qantara/Al-Sagheer-family strike (420167, batch 5)"
INC-0135,2026-03-16,كفرصير (Kfarsir),كفرصير,Nabatieh,Nabatieh,3,1,double-tap airstrike,"1 civilian (home) + 2 medics (Islamic Health Authority, explicit)",2026-03-16T07:03:09.000+02:00,2026-03-16T07:03:09.000+02:00,1,https://www.nna-leb.gov.lb/ar/news/420377/3-%D8%B4%D9%87%D8%AF%D8%A7%D8%A1-%D8%A8%D9%8A%D9%86%D9%87%D9%85-%D9%85%D8%B3%D8%B9%D9%81%D8%A7%D9%86-%D9%88%D8%AC%D8%B1%D9%8A%D8%AD-%D9%81%D9%8A-%D8%BA%D8%A7%D8%B1%D8%A9-%D8%B9%D9%84%D9%89-%D9%83%D9%81%D8%B1%D8%B5%D9%8A%D8%B1-2,420377,0,0,second strike hit the responding ambulance
INC-0136,2026-03-16,معركة (Maaraka junction),مفرق معركة,Tyre,South Lebanon,1,16,airstrike,apartment,2026-03-16T18:55:19.000+02:00,2026-03-16T20:56:51.000+02:00,3,https://www.nna-leb.gov.lb/ar/news/420564/%D8%B4%D9%87%D9%8A%D8%AF-%D9%885-%D8%AC%D8%B1%D8%AD%D9%89-%D9%81%D9%8A-%D8%BA%D8%A7%D8%B1%D8%A9-%D8%A7%D8%B3%D8%AA%D9%87%D8%AF%D9%81%D8%AA-%D8%B4%D9%82%D8%A9-%D8%B3%D9%83%D9%86%D9%8A%D8%A9-%D8%B9%D9%86%D8%AF-%D9%85%D9%81%D8%B1%D9%82-%D9%85%D8%B9%D8%B1%D9%83%D8%A9-2;https://www.nna-leb.gov.lb/ar/news/420574/%D8%BA%D8%A7%D8%B1%D8%A9-%D8%B9%D9%84%D9%89-%D8%B5%D8%B1%D9%8A%D9%81%D8%A7-%D9%88%D8%A7%D9%84%D8%AD%D8%B5%D9%8A%D9%84%D8%A9-%D8%A7%D9%84%D9%86%D9%87%D8%A7%D8%A6%D9%8A%D8%A9-%D9%84%D9%84%D8%BA%D8%A7%D8%B1%D8%A9-%D8%B9%D9%84%D9%89-%D9%85%D9%81%D8%B1%D9%82-%D9%85%D8%B9%D8%B1%D9%83%D8%A9---%D8%B5%D9%88%D8%B1-%D8%B4%D9%87%D9%8A%D8%AF-%D9%886-%D8%AC%D8%B1%D8%AD%D9%89-%D9%88%D9%81%D9%8A-%D8%B5%D8%B1%D9%8A%D9%81%D8%A7-%D8%B9%D8%AF%D8%AF-%D9%85%D9%86-%D8%A7%D9%84%D8%A5%D8%B5%D8%A7%D8%A8%D8%A7%D8%AA-2;https://www.nna-leb.gov.lb/ar/news/420575/%D8%AD%D8%B5%D9%8A%D9%84%D8%A9-%D8%A3%D9%88%D9%84%D9%8A%D8%A9-%D9%84%D9%84%D8%BA%D8%A7%D8%B1%D8%A9-%D8%B9%D9%84%D9%89-%D9%85%D8%B9%D8%B1%D9%83%D8%A9-%D8%B4%D9%87%D9%8A%D8%AF-%D9%8816-%D8%AC%D8%B1%D9%8A%D8%AD%D8%A7-%D8%A8%D9%8A%D9%86%D9%87%D9%85-7-%D8%B3%D9%8A%D8%AF%D8%A7%D8%AA-2,420564;420574;420575,0,0,"chain continues in 420574 (final, 6 inj.) and 420575 (MoPH, 16 inj.) - injury counts vary, deaths consistent at 1 | final toll per Tyre district health chief, update to 420564; article also mentions a same-night Srifa strike w/ injuries but no confirmed death | MoPH figure, higher injury count than 420564/420574 - flag for merge review, death count consistent"
INC-0137,2026-03-16,ياطر (Yatar),ياطر,Bint Jbeil,Nabatieh,1,0,drone strike,ambulance (named medic Mohammad Jaafar),2026-03-16T17:00:00.000+02:00,2026-03-16T18:30:43.000+02:00,2,https://www.nna-leb.gov.lb/ar/news/420532/%D8%A7%D8%B3%D8%AA%D8%B4%D9%87%D8%A7%D8%AF-%D9%85%D8%B3%D8%B9%D9%81-%D9%88%D8%AC%D8%B1%D8%AD-%D8%A2%D8%AE%D8%B1-%D8%AC%D8%B1%D8%A7%D8%A1-%D8%A7%D8%B3%D8%AA%D9%87%D8%AF%D8%A7%D9%81-%D9%85%D8%B3%D9%8A%D8%B1%D8%A9-%D9%84%D9%85%D8%B1%D9%83%D8%B2-%D9%84%D8%A7%D9%84%D9%87%D9%8A%D8%A6%D8%A9-%D8%A7%D9%84%D8%B5%D8%AD%D9%8A%D8%A9-%D8%A7%D9%84%D8%A7%D8%B3%D9%84%D8%A7%D9%85%D9%8A%D8%A9-%D9%81%D9%8A-%D9%8A%D8%A7%D8%B7%D8%B1-2;https://www.nna-leb.gov.lb/ar/news/420556/%D8%A7%D8%B3%D8%AA%D8%B4%D9%87%D8%A7%D8%AF-%D9%85%D8%B3%D8%B9%D9%81-%D9%81%D9%8A-%D8%A7%D9%84%D8%BA%D8%A7%D8%B1%D8%A9-%D8%B9%D9%84%D9%89-%D8%B3%D9%8A%D8%A7%D8%B1%D8%A9-%D8%A7%D9%84%D8%A5%D8%B3%D8%B9%D8%A7%D9%81-%D9%81%D9%8A-%D9%8A%D8%A7%D8%B7%D8%B1-2,420532;420556,0,0,"likely same incident as 420556 (named medic, ambulance struck) - do not double count | likely same incident as 420532 - do not double count"
INC-0138,2026-03-17,Aaba-Jbeshit area,بين عبا وجبشيت - قرب مدرسة التنشئة,Nabatieh,Nabatieh,1,1,drone strike,vehicle,2026-03-17T14:40:38.000+02:00,2026-03-17T14:40:38.000+02:00,1,https://www.nna-leb.gov.lb/ar/news/420778/%D8%B4%D9%87%D9%8A%D8%AF-%D9%88%D8%A7%D8%B5%D8%A7%D8%A8%D8%A9-%D9%85%D9%88%D8%A7%D8%B7%D9%86-%D9%81%D9%8A-%D8%BA%D8%A7%D8%B1%D8%A9-%D8%A8%D9%8A%D9%86-%D8%A8%D9%84%D8%AF%D8%AA%D9%8A-%D8%B9%D8%A8%D8%A7-%D9%88%D8%AC%D8%A8%D8%B4%D9%8A%D8%AA-%D9%88%D8%AA%D8%AF%D9%85%D9%8A%D8%B1-%D9%85%D8%A8%D9%86%D9%89-%D9%81%D9%8A-%D8%AA%D9%88%D9%84-2,420778,1,0,article also mentions a Tool building destroyed by a separate strike w/ no deaths given
INC-0139,2026-03-17,Zebdine-Nabatieh road,طريق زبدين - النبطية,Nabatieh,Nabatieh,2,,drone strike,"2 soldiers on a motorcycle (Lebanese Army, explicit)",2026-03-17T14:14:00.000+02:00,2026-03-17T14:14:00.000+02:00,1,https://www.nna-leb.gov.lb/ar/news/420770/%D9%82%D9%8A%D8%A7%D8%AF%D8%A9-%D8%A7%D9%84%D8%AC%D9%8A%D8%B4-%D8%A7%D8%B3%D8%AA%D8%B4%D9%87%D8%A7%D8%AF-%D8%B9%D8%B3%D9%83%D8%B1%D9%8A%D9%8E%D9%91%D9%8A%D9%86-%D9%86%D8%AA%D9%8A%D8%AC%D8%A9-%D8%BA%D8%A7%D8%B1%D8%A9-%D8%A5%D8%B3%D8%B1%D8%A7%D8%A6%D9%8A%D9%84%D9%8A%D8%A9-%D8%B9%D9%84%D9%89-%D8%B7%D8%B1%D9%8A%D9%82-%D8%B2%D8%A8%D8%AF%D9%8A%D9%86---%D8%A7%D9%84%D9%86%D8%A8%D8%B7%D9%8A%D8%A9-2,420770,1,0,Army statement (via X/Twitter); chain continues in 420801/420826
INC-0140,2026-03-17,الجميجمة (Al-Jmeijmeh),الجميجمة,Tyre,South Lebanon,2,0,airstrike,unspecified,2026-03-17T10:05:47.000+02:00,2026-03-17T10:05:47.000+02:00,1,https://www.nna-leb.gov.lb/ar/news/420682/%D8%B4%D9%87%D9%8A%D8%AF%D8%A7%D9%86-%D9%81%D9%8A-%D8%A7%D9%84%D8%AC%D9%85%D9%8A%D8%AC%D9%85%D8%A9-%D9%88%D8%A7%D8%B3%D8%AA%D9%85%D8%B1%D8%A7%D8%B1-%D8%A7%D9%84%D9%82%D8%B5%D9%81-%D9%84%D8%A8%D9%84%D8%AF%D8%AA%D9%8E%D9%8A-%D8%B2%D8%A8%D9%82%D9%8A%D9%86-%D9%88%D8%AC%D8%A8%D8%A7%D9%84-%D8%A7%D9%84%D8%A8%D8%B7%D9%85-2,420682,0,0,article also covers ongoing artillery shelling of Zebqin/Jabal al-Botm w/ no deaths
INC-0141,2026-03-17,السلطانية (Al-Sultaniyeh),السلطانية,Bint Jbeil,Nabatieh,1,0,strike on vehicle,car,2026-03-17T15:32:00.000+02:00,2026-03-17T15:32:00.000+02:00,1,https://www.nna-leb.gov.lb/ar/news/420788/%D8%B4%D9%87%D9%8A%D8%AF-%D9%81%D9%8A-%D8%BA%D8%A7%D8%B1%D8%A9-%D8%A7%D8%B3%D8%AA%D9%87%D8%AF%D9%81%D8%AA-%D8%B3%D9%8A%D8%A7%D8%B1%D8%AA%D9%87-%D9%81%D9%8A-%D8%A7%D9%84%D8%B3%D9%84%D8%B7%D8%A7%D9%86%D9%8A%D8%A9-2,420788,0,0,
INC-0142,2026-03-17,الغازية (Ghazieh),الغازية,Sidon,South Lebanon,3,5,airstrike,unspecified,2026-03-17T17:08:31.000+02:00,2026-03-17T17:08:31.000+02:00,1,https://www.nna-leb.gov.lb/ar/news/420810/%D8%B7%D9%88%D8%A7%D8%B1%D9%89%D8%A1-%D8%A7%D9%84%D8%B5%D8%AD%D8%A9-3-%D8%B4%D9%87%D8%AF%D8%A7%D8%A1-%D9%885-%D8%AC%D8%B1%D8%AD%D9%89-%D9%81%D9%8A-%D8%A7%D9%84%D8%BA%D8%A7%D8%B1%D8%A9-%D8%B9%D9%84%D9%89-%D8%A7%D9%84%D8%BA%D8%A7%D8%B2%D9%8A%D8%A9-2,420810,0,0,third distinct Ghazieh incident this study period - different date from March 8 and March 13 strikes
INC-0143,2026-03-17,بعلبك (Baalbek city - Ras al-Ain),بعلبك,Baalbek,Baalbek-Hermel,4,7,airstrike,residential building,2026-03-17T20:45:04.000+02:00,2026-03-18T09:09:43.000+02:00,3,https://www.nna-leb.gov.lb/ar/news/420855/%D8%B4%D9%87%D9%8A%D8%AF%D8%A7%D9%86-%D9%886-%D8%AC%D8%B1%D8%AD%D9%89-%D9%883-%D9%85%D9%81%D9%82%D9%88%D8%AF%D9%8A%D9%86-%D9%81%D9%8A-%D8%A7%D9%84%D8%BA%D8%A7%D8%B1%D8%A9-%D8%B9%D9%84%D9%89-%D9%85%D8%AF%D9%8A%D9%86%D8%A9-%D8%A8%D8%B9%D9%84%D8%A8%D9%83-2;https://www.nna-leb.gov.lb/ar/news/420869/%D8%B7%D9%88%D8%A7%D8%B1%D8%A6-%D8%A7%D9%84%D8%B5%D8%AD%D8%A9-4-%D8%B4%D9%87%D8%AF%D8%A7%D8%A1-%D9%887-%D8%AC%D8%B1%D8%AD%D9%89-%D9%81%D9%8A-%D8%A7%D9%84%D8%BA%D8%A7%D8%B1%D8%A9-%D8%B9%D9%84%D9%89-%D8%A8%D8%B9%D9%84%D8%A8%D9%83-2;https://www.nna-leb.gov.lb/ar/news/420947/4-%D8%B4%D9%87%D8%AF%D8%A7%D8%A1-%D9%88-7-%D8%AC%D8%B1%D8%AD%D9%89-%D8%B6%D8%AD%D8%A7%D9%8A%D8%A7-%D8%A7%D9%84%D8%BA%D8%A7%D8%B1%D8%A9-%D8%B9%D9%84%D9%89-%D9%85%D8%AF%D9%8A%D9%86%D8%A9-%D8%A8%D8%B9%D9%84%D8%A8%D9%83-2,420855;420869;420947,0,0,"2 children; 3 missing; chain continues in 420869/420947 (final: 4 dead/7 injured) | MoPH update to 420855 chain, matches final in 420947 | final toll, confirms 420869 - supersedes 420855 chain"
INC-0144,2026-03-17,بنت جبيل (Bint Jbeil city),بنت جبيل (مدينة),Bint Jbeil,Nabatieh,3,0,airstrike,unspecified,2026-03-17T08:29:21.000+02:00,2026-03-17T08:29:21.000+02:00,1,https://www.nna-leb.gov.lb/ar/news/420648/3-%D8%B4%D9%87%D8%AF%D8%A7%D8%A1-%D9%81%D9%8A-%D8%A7%D9%84%D8%BA%D8%A7%D8%B1%D8%A9-%D8%B9%D9%84%D9%89-%D8%A8%D9%86%D8%AA-%D8%AC%D8%A8%D9%8A%D9%84-%D8%B5%D8%A8%D8%A7%D8%AD%D8%A7-2,420648,0,0,fourth distinct Bint Jbeil city strike this study period - different date
INC-0145,2026-03-17,حاروف (Haroof),مجمع دغمان السكني - حاروف,Nabatieh,Nabatieh,3,,airstrike,residential complex,2026-03-17T17:08:21.000+02:00,2026-03-17T17:08:21.000+02:00,1,https://www.nna-leb.gov.lb/ar/news/420805/(*)-3-%D8%B4%D9%87%D8%AF%D8%A7%D8%A1-%D9%81%D9%8A-%D8%A7%D9%84%D8%BA%D8%A7%D8%B1%D8%A9-%D8%B9%D9%84%D9%89-%D9%85%D8%AC%D9%85%D8%B9-%D8%B3%D9%83%D9%86%D9%8A-%D9%81%D9%8A-%D8%A8%D9%84%D8%AF%D8%A9-%D8%AD%D8%A7%D8%B1%D9%88%D9%81-2,420805,0,1,"'3 so far' - recovery ongoing, count may be incomplete; referenced again (not updated) in 420918"
INC-0146,2026-03-17,طريق المطار (Airport Road),طريق المطار,Baabda,Mount Lebanon,1,9,airstrike,unspecified,2026-03-17T13:53:28.000+02:00,2026-03-17T13:53:28.000+02:00,1,https://www.nna-leb.gov.lb/ar/news/420763/%D9%88%D8%B2%D8%A7%D8%B1%D8%A9-%D8%A7%D9%84%D8%B5%D8%AD%D8%A9--%D8%A7%D8%B3%D8%AA%D8%B4%D9%87%D8%A7%D8%AF-%D9%85%D9%88%D8%A7%D8%B7%D9%86-%D9%88%D8%A5%D8%B5%D8%A7%D8%A8%D8%A9-%D8%AA%D8%B3%D8%B9%D8%A9-%D8%A2%D8%AE%D8%B1%D9%8A%D9%86-%D8%A8%D8%AC%D8%B1%D9%88%D8%AD-%D9%81%D9%8A-%D8%BA%D8%A7%D8%B1%D8%A9-%D8%A7%D9%84%D8%B9%D8%AF%D9%88-%D8%B9%D9%84%D9%89-%D8%B7%D8%B1%D9%8A%D9%82-%D8%A7%D9%84%D9%85%D8%B7%D8%A7%D8%B1-2,420763,0,0,"distinct date from the March 3 Airport Road strike (417491, batch 1)"
INC-0147,2026-03-17,قعقعية الجسر (Qaaqaait al-Jisr),قعقعية الجسر,Nabatieh,Nabatieh,1,,airstrike,"soldier (Lebanese Army, explicit)",2026-03-17T11:02:25.000+02:00,2026-03-17T11:02:25.000+02:00,1,https://www.nna-leb.gov.lb/ar/news/420708/%D8%A7%D9%84%D8%AC%D9%8A%D8%B4-%D8%A7%D8%B3%D8%AA%D8%B4%D9%87%D8%A7%D8%AF-%D8%B9%D8%B3%D9%83%D8%B1%D9%8A-%D9%85%D8%AA%D8%A3%D8%AB%D8%B1%D9%8B%D8%A7-%D8%A8%D8%AC%D8%B1%D8%A7%D8%AD%D9%87-%D8%A5%D8%AB%D8%B1-%D8%A7%D9%84%D8%BA%D8%A7%D8%B1%D8%A9-%D8%A7%D9%84%D8%A7%D8%B3%D8%B1%D8%A7%D8%A6%D9%8A%D9%84%D9%8A%D8%A9-%D8%B9%D9%84%D9%89-%D9%82%D8%B9%D9%82%D8%B9%D9%8A%D8%A9-%D8%A7%D9%84%D8%AC%D8%B3%D8%B1-2,420708,0,0,Army statement; follow-up to an earlier (not itself keyword-matched) report of 5 soldiers injured there; chain continues in 420801/420826
INC-0148,2026-03-18,القليعة (Qlaya),القليعة - مبنى اندريه الحاج,Marjayoun,Nabatieh,2,0,artillery shelling,apartment,2026-03-18T09:05:00.000+02:00,2026-03-18T09:05:00.000+02:00,1,https://www.nna-leb.gov.lb/ar/news/420944/%D8%BA%D8%A7%D8%B1%D8%A9-%D8%B9%D9%84%D9%89-%D8%AE%D8%B1%D8%A8%D8%A9-%D8%B3%D9%84%D9%85-%D9%88%D9%82%D8%B5%D9%81-%D9%84%D9%84%D9%82%D9%84%D9%8A%D8%B9%D8%A9-%D9%88%D8%AC%D8%AF%D9%8A%D8%AF%D8%A9-%D9%85%D8%B1%D8%AC%D8%B9%D9%8A%D9%88%D9%86-%D9%88%D8%A5%D8%A8%D9%84-%D8%A7%D9%84%D8%B3%D9%82%D9%8A-2,420944,0,0,"1 child; distinct incident/date/mechanism from the March 9 Qlaya priest killing (418805, batch 3); article also covers Majdal Selem/Khirbet Selm/Jdeidet Marjayoun/Ebl al-Saqi shelling w/ no deaths given here (Khirbet Selm toll appears later in 420988)"
INC-0149,2026-03-18,برج قلاويه (Burj Qalawiyeh),برج قلاويه,Bint Jbeil,Nabatieh,1,0,drone strike,unspecified,2026-03-18T07:48:00.000+02:00,2026-03-18T07:48:00.000+02:00,1,https://www.nna-leb.gov.lb/ar/news/420926/%D8%B4%D9%87%D9%8A%D8%AF-%D9%81%D9%8A-%D8%BA%D8%A7%D8%B1%D8%A9-%D8%B9%D9%84%D9%89-%D8%A8%D8%B1%D8%AC-%D9%82%D9%84%D8%A7%D9%88%D9%8A%D9%87-2,420926,0,0,"distinct date from the March 14 Burj Qalawiyeh strikes (419988/419992, batch 5)"
INC-0150,2026-03-18,بيروت (Beirut - two strikes),البسطة وزقاق البلاط,Beirut,Beirut,10,27,airstrike,unspecified,2026-03-18T04:17:00.000+02:00,2026-03-18T08:45:50.000+02:00,3,https://www.nna-leb.gov.lb/ar/news/420876/%D8%B7%D9%88%D8%A7%D8%B1%D8%A6-%D8%A7%D9%84%D8%B5%D8%AD%D8%A9-%D9%81%D9%8A-%D8%AD%D8%B5%D9%8A%D9%84%D8%A9-%D8%A3%D9%88%D9%84%D9%8A%D8%A9-%D9%84%D9%84%D8%BA%D8%A7%D8%B1%D8%AA%D9%8A%D9%86-%D8%B9%D9%84%D9%89-%D8%A8%D9%8A%D8%B1%D9%88%D8%AA-6-%D8%B4%D9%87%D8%AF%D8%A7%D8%A1-%D9%8824-%D8%AC%D8%B1%D9%8A%D8%AD%D8%A7-2;https://www.nna-leb.gov.lb/ar/news/420939/%D8%A7%D9%84%D8%B5%D8%AD%D8%A9-%D9%81%D9%8A-%D8%AD%D8%B5%D9%8A%D9%84%D8%A9-%D8%A3%D9%88%D9%84%D9%8A%D8%A9-%D9%84%D9%84%D8%BA%D8%A7%D8%B1%D8%A9-%D8%B5%D8%A8%D8%A7%D8%AD%D8%A7-%D8%B9%D9%84%D9%89-%D8%B2%D9%82%D8%A7%D9%82-%D8%A7%D9%84%D8%A8%D9%84%D8%A7%D8%B7-%D8%B4%D9%87%D9%8A%D8%AF%D8%A7%D9%86-%D9%8814-%D8%AC%D8%B1%D9%8A%D8%AD%D8%A7-2;https://www.nna-leb.gov.lb/ar/news/420942/%D8%A7%D9%84%D8%B5%D8%AD%D8%A9-%D8%A7%D8%B1%D8%AA%D9%81%D8%A7%D8%B9-%D8%AD%D8%B5%D9%8A%D9%84%D8%A9-%D8%A7%D9%84%D9%81%D8%AC%D8%B1-%D9%81%D9%8A-%D8%A8%D9%8A%D8%B1%D9%88%D8%AA-%D8%A5%D9%84%D9%89-10-%D8%B4%D9%87%D8%AF%D8%A7%D8%A1-%D9%8827-%D8%AC%D8%B1%D9%8A%D8%AD%D8%A7-2,420876;420939;420942,1,0,"combined toll for two unspecified Beirut strikes, body parts recovered pending DNA ID; locations later specified in 420939/420942 as Basta + Zuqaq al-Blat | one of the two 420876 Beirut strikes; superseded by 420942's combined final | combined final toll for both dawn Beirut strikes, supersedes 420876/420939"
INC-0151,2026-03-18,جبشيت (Jbeshit),جبشيت,Nabatieh,Nabatieh,4,0,airstrike,unspecified,2026-03-18T02:57:18.000+02:00,2026-03-18T02:57:18.000+02:00,1,https://www.nna-leb.gov.lb/ar/news/420870/%D8%A7%D9%84%D8%B5%D8%AD%D8%A9-%D9%81%D9%8A-%D8%AD%D8%B5%D9%8A%D9%84%D8%A9-%D8%A3%D9%88%D9%84%D9%8A%D8%A9-%D9%84%D9%84%D8%BA%D8%A7%D8%B1%D8%A9-%D8%B9%D9%84%D9%89-%D8%AC%D8%A8%D8%B4%D9%8A%D8%AA-4-%D8%B4%D9%87%D8%AF%D8%A7%D8%A1-%D9%85%D9%86-%D8%A7%D9%84%D8%AC%D9%86%D8%B3%D9%8A%D8%A9-%D8%A7%D9%84%D8%B3%D9%88%D8%B1%D9%8A%D8%A9-2,420870,0,0,4 Syrian nationals; distinct date from earlier Jbeshit incidents
INC-0152,2026-03-18,حبوش (Habbouch),حبوش,Nabatieh,Nabatieh,3,1,airstrike,building,2026-03-18T02:52:47.000+02:00,2026-03-18T02:52:47.000+02:00,1,https://www.nna-leb.gov.lb/ar/news/420868/%D8%A7%D9%84%D8%B5%D8%AD%D8%A9-%D9%81%D9%8A-%D8%AD%D8%B5%D9%8A%D9%84%D8%A9-%D8%A3%D9%88%D9%84%D9%8A%D8%A9-%D9%84%D9%84%D8%BA%D8%A7%D8%B1%D8%A9-%D8%B9%D9%84%D9%89-%D8%AD%D8%A8%D9%88%D8%B4-8-%D8%B4%D9%87%D8%AF%D8%A7%D8%A1-%D9%88%D8%AC%D8%B1%D9%8A%D8%AD-2,420868,0,1,"headline says '8 dead' but body says 3 dead confirmed + 8 missing (search ongoing) - internal inconsistency, use body figure"
INC-0153,2026-03-18,خربة سلم (Khirbet Selm),خربة سلم - بئر السلاسل,Bint Jbeil,Nabatieh,2,,strike on responder post,Islamic Health Authority point,2026-03-18T10:56:17.000+02:00,2026-03-18T10:56:17.000+02:00,1,https://www.nna-leb.gov.lb/ar/news/420988/%D8%B4%D9%87%D9%8A%D8%AF%D8%A7%D9%86-%D9%88%D8%B9%D8%AF%D8%AF-%D9%85%D9%86-%D8%A7%D9%84%D8%AC%D8%B1%D8%AD%D9%89-%D9%81%D9%8A-%D8%BA%D8%A7%D8%B1%D8%A9-%D8%AE%D8%B1%D8%A8%D8%A9-%D8%B3%D9%84%D9%85-2,420988,0,0,toll for the Khirbet Selm strike mentioned earlier without numbers in 420944
INC-0154,2026-03-18,دير الزهراني (Deir al-Zahrani),دير الزهراني,Zahrani,South Lebanon,2,7,airstrike,residential building,2026-03-18T10:12:00.000+02:00,2026-03-18T10:12:00.000+02:00,1,https://www.nna-leb.gov.lb/ar/news/420973/%D8%B4%D9%87%D9%8A%D8%AF%D8%A7%D9%86-%D9%887-%D8%AC%D8%B1%D8%AD%D9%89-%D8%A8%D9%8A%D9%86%D9%87%D9%85-%D8%B7%D9%81%D9%84%D8%A9-%D9%81%D9%8A-%D8%BA%D8%A7%D8%B1%D8%A9-%D8%B9%D9%84%D9%89-%D9%85%D8%A8%D9%86%D9%89-%D8%B3%D9%83%D9%86%D9%8A-%D9%81%D9%8A-%D8%AF%D9%8A%D8%B1-%D8%A7%D9%84%D8%B2%D9%87%D8%B1%D8%A7%D9%86%D9%8A-2,420973,0,0,
INC-0155,2026-03-18,سحمر (Sohmor - separate later strike),سحمر,West Bekaa,Bekaa,2,0,airstrike,residence,2026-03-18T09:37:00.000+02:00,2026-03-18T09:37:00.000+02:00,1,https://www.nna-leb.gov.lb/ar/news/420959/%D8%B4%D9%87%D9%8A%D8%AF%D8%A7%D9%86-%D9%81%D9%8A-%D8%BA%D8%A7%D8%B1%D8%A9-%D8%A7%D8%B3%D8%AA%D9%87%D8%AF%D9%81%D8%AA-%D9%85%D9%86%D8%B2%D9%84%D8%A7-%D9%81%D9%8A-%D8%B3%D8%AD%D9%85%D8%B1-%D9%81%D9%8A-%D8%A7%D9%84%D8%A8%D9%82%D8%A7%D8%B9-%D8%A7%D9%84%D8%BA%D8%B1%D8%A8%D9%8A-2,420959,0,0,"described as a fresh/further strike - possibly additional to the 420899/420936 chain rather than an update of it, flag for merge review"
INC-0156,2026-03-18,سحمر (Sohmor),سحمر,West Bekaa,Bekaa,2,6,airstrike,unspecified,2026-03-18T05:44:00.000+02:00,2026-03-18T08:21:42.000+02:00,2,https://www.nna-leb.gov.lb/ar/news/420899/4-%D8%B4%D9%87%D8%AF%D8%A7%D8%A1-%D8%A8%D8%A7%D8%B3%D8%AA%D9%87%D8%AF%D8%A7%D9%81-%D9%85%D9%86%D8%A7%D8%B2%D9%84-%D9%81%D9%8A-%D8%B3%D8%AD%D9%85%D8%B1-2;https://www.nna-leb.gov.lb/ar/news/420936/%D8%A7%D9%84%D8%B5%D8%AD%D8%A9-%D9%81%D9%8A-%D8%AD%D8%B5%D9%8A%D9%84%D8%A9-%D8%A3%D9%88%D9%84%D9%8A%D8%A9-%D9%84%D9%84%D8%BA%D8%A7%D8%B1%D8%A7%D8%AA-%D8%B9%D9%84%D9%89-%D8%B3%D8%AD%D9%85%D8%B1-%D8%B4%D9%87%D9%8A%D8%AF%D8%A7%D9%86-%D9%88%D8%B3%D8%AA%D8%A9-%D8%AC%D8%B1%D8%AD%D9%89-2,420899;420936,0,0,"MoPH update 420936 gives a lower count (2) - flag discrepancy; possibly a further, additional Sohmor strike in 420959 later same day | MoPH update to 420899 - lower count, flag discrepancy"
INC-0157,2026-03-18,شعت (Chaat),أطراف شعت لجهة يونين,Baalbek,Baalbek-Hermel,6,,airstrike,residence,2026-03-18T20:20:27.000+02:00,2026-03-18T20:44:19.000+02:00,2,https://www.nna-leb.gov.lb/ar/news/421111/4-%D8%B4%D9%87%D8%AF%D8%A7%D8%A1-%D9%81%D9%8A-%D8%A7%D9%84%D8%BA%D8%A7%D8%B1%D8%A9-%D8%B9%D9%84%D9%89-%D8%B4%D8%B9%D8%AA-%D9%88%D8%A7%D9%84%D8%A8%D8%AD%D8%AB-%D8%AC%D8%A7%D8%B1%D9%8D-%D8%B9%D9%86-%D9%85%D9%81%D9%82%D9%88%D8%AF%D9%8A%D9%86-2;https://www.nna-leb.gov.lb/ar/news/421113/%D8%A5%D8%B1%D8%AA%D9%81%D8%A7%D8%B9-%D8%AD%D8%B5%D9%8A%D9%84%D8%A9-%D8%A7%D9%84%D8%BA%D8%A7%D8%B1%D8%A9-%D8%B9%D9%84%D9%89-%D8%A3%D8%B7%D8%B1%D8%A7%D9%81-%D8%B4%D8%B9%D8%AA-%D9%84%D8%AC%D9%87%D8%A9-%D8%A8%D9%84%D8%AF%D8%A9-%D9%8A%D9%88%D9%86%D9%8A%D9%86-%D8%A5%D9%84%D9%89-6-%D8%B4%D9%87%D8%AF%D8%A7%D8%A1-2,421111;421113,0,0,"distinct date from the March 11 Chaat massacre (419357/419395, batch 4); update in 421113 (6, named family) | named: Namr family (Hussein, wife Asmaa al-Kaheel, and 4 children); update to 421111"
INC-0158,2026-03-18,صيدا (Sidon Corniche),الطريق البحرية - صيدا,Sidon,South Lebanon,2,0,strike on vehicle,driver + Civil Defense member (named: Fahmi Mohieddine al-Shamiya),2026-03-18T09:01:44.000+02:00,2026-03-18T09:27:00.000+02:00,2,https://www.nna-leb.gov.lb/ar/news/420943/%D8%A7%D9%84%D8%B5%D8%AD%D8%A9-%D8%AD%D8%B5%D9%8A%D9%84%D8%A9-%D8%A7%D9%84%D8%BA%D8%A7%D8%B1%D8%A9-%D9%84%D9%89-%D8%A7%D9%84%D9%83%D9%88%D8%B1%D9%86%D9%8A%D8%B4-%D8%A7%D9%84%D8%A8%D8%AD%D8%B1%D9%8A-%D9%81%D9%8A-%D8%B5%D9%8A%D8%AF%D8%A7-%D8%B4%D9%87%D9%8A%D8%AF%D8%A7%D9%86-%D8%A8%D9%8A%D9%86%D9%87%D9%85%D8%A7-%D9%85%D8%B3%D8%B9%D9%81-%D9%88%D8%A5%D8%B5%D8%A7%D8%A8%D8%A9-%D9%85%D9%88%D8%A7%D8%B7%D9%86-%D8%A8%D8%AC%D8%B1%D9%88%D8%AD-2;https://www.nna-leb.gov.lb/ar/news/420958/%D8%B4%D9%87%D9%8A%D8%AF%D8%A7%D9%86-%D8%A3%D8%AD%D8%AF%D9%87%D9%85%D8%A7-%D9%85%D9%86-%D8%A7%D9%84%D8%AF%D9%81%D8%A7%D8%B9-%D8%A7%D9%84%D9%85%D8%AF%D9%86%D9%8A-%D9%81%D9%8A-%D8%A7%D8%B3%D8%AA%D9%87%D8%AF%D8%A7%D9%81-%D8%A7%D9%84%D8%B3%D9%8A%D8%A7%D8%B1%D8%A9-%D9%81%D9%8A-%D8%B5%D9%8A%D8%AF%D8%A7-2,420943;420958,0,0,likely same incident as 420958 (driver + named Civil Defense member) - do not double count | likely same incident as 420943 - do not double count
INC-0159,2026-03-18,قناريت (Qanaryet),قناريت - مجمع حجازي السكني,Sidon,South Lebanon,3,0,airstrike,residential complex,2026-03-18T03:01:58.000+02:00,2026-03-18T03:01:58.000+02:00,1,https://www.nna-leb.gov.lb/ar/news/420871/%D8%B4%D9%87%D8%AF%D8%A7%D8%A1-%D9%81%D9%8A-%D8%BA%D8%A7%D8%B1%D8%A9-%D8%B9%D9%84%D9%89-%D9%85%D9%86%D8%B2%D9%84-%D9%81%D9%8A-%D9%82%D9%86%D8%A7%D8%B1%D9%8A%D8%AA-2,420871,0,0,article also mentions a warned strike on a pharmaceutical warehouse in Aaqbiyeh w/ no deaths
INC-0160,2026-03-18,ميفدون (Meifadoun - municipality building),ميفدون,Nabatieh,Nabatieh,1,9,airstrike,municipal council member + medic (explicit dual role),2026-03-18T07:37:39.000+02:00,2026-03-18T07:37:39.000+02:00,1,https://www.nna-leb.gov.lb/ar/news/420918/%D9%82%D8%B5%D9%81-%D9%84%D9%85%D8%AC%D8%B1%D9%89-%D8%A7%D9%84%D9%84%D9%8A%D8%B7%D8%A7%D9%86%D9%8A-%D9%88%D8%A7%D9%84%D8%AE%D8%B1%D8%AF%D9%84%D9%8A-%D9%88%D8%A3%D8%B7%D8%B1%D8%A7%D9%81-%D8%A7%D9%84%D9%82%D9%84%D9%8A%D8%B9%D8%A9-%D8%B5%D8%A8%D8%A7%D8%AD%D9%8B%D8%A7-%D9%88%D8%BA%D8%A7%D8%B1%D8%A7%D8%AA-%D8%AD%D8%B5%D8%AF%D8%AA-%D8%B4%D9%87%D8%AF%D8%A7%D8%A1-%D9%88%D8%AC%D8%B1%D8%AD%D9%89-%D9%81%D9%8A-%D8%A8%D9%84%D8%AF%D8%A7%D8%AA-%D8%B9%D8%AF%D8%A9-%D9%81%D9%8A-%D8%A7%D9%84%D9%86%D8%A8%D8%B7%D9%8A%D8%A9-%D9%84%D9%8A%D9%84%D9%8B%D8%A7-2,420918,0,0,"named: Hazan Mohsen Ayyash; roundup article, also covers Nabatieh Al-Maidan/Arabsalim/Al-Dawir strikes w/ no deaths given here, and references the already-covered Haroof recovery (420805)"
INC-0161,2026-03-19,البازورية (Bazouriyeh),البازورية,Tyre,South Lebanon,1,2,airstrike,unspecified,2026-03-19T10:11:37.000+02:00,2026-03-19T10:11:37.000+02:00,1,https://www.nna-leb.gov.lb/ar/news/421215/%D8%B4%D9%87%D9%8A%D8%AF-%D9%88%D8%AC%D8%B1%D9%8A%D8%AD%D8%A7%D9%86-%D9%88%D8%AF%D9%85%D8%A7%D8%B1-%D8%AD%D8%B5%D9%8A%D9%84%D8%A9-%D8%A7%D9%84%D8%BA%D8%A7%D8%B1%D8%A9-%D8%B9%D9%84%D9%89-%D8%A7%D9%84%D8%A8%D8%A7%D8%B2%D9%88%D8%B1%D9%8A%D8%A9-2,421215,0,0,
INC-0162,2026-03-19,عدلون (Adloun - outskirts),أطراف عدلون,Sidon,South Lebanon,2,0,airstrike,residence,2026-03-19T10:51:24.000+02:00,2026-03-19T10:51:24.000+02:00,1,https://www.nna-leb.gov.lb/ar/news/421236/%D8%BA%D8%A7%D8%B1%D8%A9-%D8%B9%D9%84%D9%89-%D8%A3%D8%B7%D8%B1%D8%A7%D9%81-%D8%B9%D8%AF%D9%84%D9%88%D9%86-%D8%AA%D8%B3%D9%81%D8%B1-%D8%B9%D9%86-%D8%B4%D9%87%D9%8A%D8%AF%D9%8A%D9%86-2,421236,0,0,distinct from the later March 24 Adloun-area incidents (422220/422407) - different date
INC-0163,2026-03-20,الغندورية (Al-Ghandouriyeh),الغندورية,Bint Jbeil,Nabatieh,1,2,airstrike,residence,2026-03-20T23:13:54.000+02:00,2026-03-20T23:13:54.000+02:00,1,https://www.nna-leb.gov.lb/ar/news/421608/%D8%B4%D9%87%D9%8A%D8%AF-%D9%88%D8%AC%D8%B1%D9%8A%D8%AD%D8%A7%D9%86-%D9%81%D9%8A-%D8%BA%D8%A7%D8%B1%D8%A9-%D8%B9%D9%86%D9%8A%D9%81%D8%A9-%D8%B9%D9%84%D9%89-%D8%A7%D9%84%D8%BA%D9%86%D8%AF%D9%88%D8%B1%D9%8A%D8%A9-2,421608,0,0,article also mentions renewed artillery shelling of Naqoura w/ no deaths
INC-0164,2026-03-20,بافيله (Bafiliyeh),بافيله,Tyre,South Lebanon,2,1,airstrike,residence,2026-03-20T08:17:00.000+02:00,2026-03-20T08:17:00.000+02:00,1,https://www.nna-leb.gov.lb/ar/news/421438/%D8%B4%D9%87%D9%8A%D8%AF%D8%A7%D9%86-%D9%88%D8%AC%D8%B1%D9%8A%D8%AD-%D9%81%D9%8A-%D8%BA%D8%A7%D8%B1%D8%A9-%D8%B9%D9%84%D9%89-%D9%85%D9%86%D8%B2%D9%84-%D9%81%D9%8A-%D8%A8%D8%A7%D9%81%D9%8A%D9%84%D9%87-%D9%88%D8%A7%D8%B3%D8%AA%D9%87%D8%AF%D8%A7%D9%81-%D8%A8%D9%86%D8%AA-%D8%AC%D8%A8%D9%8A%D9%84-%D9%88%D8%A7%D9%84%D8%B7%D9%8A%D8%B1%D9%8A-%D9%88%D9%83%D9%81%D8%B1%D8%AA%D8%A8%D9%86%D9%8A%D8%AA-2,421438,0,0,"article also mentions strikes on Bint Jbeil city, Al-Tiri, and a repeated Kfartebnit strike w/ no deaths given"
INC-0165,2026-03-21,زوطر الشرقية (Zawtar al-Sharqiya),زوطر الشرقية,Nabatieh,Nabatieh,1,0,airstrike,residence,2026-03-21T13:09:17.000+02:00,2026-03-21T13:09:17.000+02:00,1,https://www.nna-leb.gov.lb/ar/news/421690/%D8%BA%D8%A7%D8%B1%D8%A9-%D8%B9%D9%84%D9%89-%D9%85%D8%B1%D8%AA%D9%81%D8%B9%D8%A7%D8%AA-%D8%AC%D8%A8%D9%84-%D8%A7%D9%84%D8%B1%D9%8A%D8%AD%D8%A7%D9%86-%D9%88%D8%B4%D9%87%D9%8A%D8%AF-%D9%81%D9%8A-%D8%B2%D9%88%D8%B7%D8%B1-%D8%A7%D9%84%D8%B4%D8%B1%D9%82%D9%8A%D8%A9-2,421690,0,0,fourth distinct Zawtar al-Sharqiya incident this study period - different date; article also mentions a Jabal al-Rihan heights strike w/ no deaths
INC-0166,2026-03-22,السلطانية (Al-Sultaniyeh),السلطانية,Bint Jbeil,Nabatieh,3,3,airstrike,unspecified,2026-03-22T11:03:40.000+02:00,2026-03-22T13:12:00.000+02:00,2,https://www.nna-leb.gov.lb/ar/news/421816/3-%D8%B4%D9%87%D8%AF%D8%A7%D8%A1-%D9%81%D9%8A-%D8%BA%D8%A7%D8%B1%D8%AA%D9%8A%D9%86-%D8%B9%D9%84%D9%89-%D8%A7%D9%84%D8%B3%D9%84%D8%B7%D8%A7%D9%86%D9%8A%D8%A9-%D9%88%D8%A7%D9%84%D8%B5%D9%88%D8%A7%D9%86%D8%A9-2;https://www.nna-leb.gov.lb/ar/news/421849/%D8%B7%D9%88%D8%A7%D8%B1%D8%A6-%D8%A7%D9%84%D8%B5%D8%AD%D8%A9-%D8%A7%D8%B3%D8%AA%D8%B4%D9%87%D8%A7%D8%AF-4-%D9%88%D8%AC%D8%B1%D8%AD-7-%D9%81%D9%8A-%D8%BA%D8%A7%D8%B1%D8%AA%D9%8A-%D8%A7%D9%84%D8%B3%D9%84%D8%B7%D8%A7%D9%86%D9%8A%D8%A9-%D9%88%D8%A7%D9%84%D8%B5%D9%88%D8%A7%D9%86%D8%A9-2,421816;421849,0,1,count hedged ('وافيد'); update in 421849 (3) | MoPH update to 421816 (2->3)
INC-0167,2026-03-22,الصوانة (Al-Sawwaneh),الصوانة,Marjayoun,Nabatieh,1,4,airstrike,unspecified,2026-03-22T11:03:40.000+02:00,2026-03-22T13:12:00.000+02:00,2,https://www.nna-leb.gov.lb/ar/news/421816/3-%D8%B4%D9%87%D8%AF%D8%A7%D8%A1-%D9%81%D9%8A-%D8%BA%D8%A7%D8%B1%D8%AA%D9%8A%D9%86-%D8%B9%D9%84%D9%89-%D8%A7%D9%84%D8%B3%D9%84%D8%B7%D8%A7%D9%86%D9%8A%D8%A9-%D9%88%D8%A7%D9%84%D8%B5%D9%88%D8%A7%D9%86%D8%A9-2;https://www.nna-leb.gov.lb/ar/news/421849/%D8%B7%D9%88%D8%A7%D8%B1%D8%A6-%D8%A7%D9%84%D8%B5%D8%AD%D8%A9-%D8%A7%D8%B3%D8%AA%D8%B4%D9%87%D8%A7%D8%AF-4-%D9%88%D8%AC%D8%B1%D8%AD-7-%D9%81%D9%8A-%D8%BA%D8%A7%D8%B1%D8%AA%D9%8A-%D8%A7%D9%84%D8%B3%D9%84%D8%B7%D8%A7%D9%86%D9%8A%D8%A9-%D9%88%D8%A7%D9%84%D8%B5%D9%88%D8%A7%D9%86%D8%A9-2,421816b;421849b,0,1,"same source article as 421816; count hedged; split into own row (different town); confirmed in 421849 (1); article also covers intermittent artillery/machine-gun activity on Qantara/Beit Lif/Qawzah/Aita al-Shaab w/ no deaths | same source article as 421849; MoPH confirmation of 421816b - split into own row; note district given here as Marjayoun, differs from my Tyre guess in 421816b - use Marjayoun"
INC-0168,2026-03-22,حبوش (Habbouch),حبوش,Nabatieh,Nabatieh,1,0,airstrike,unspecified,2026-03-22T20:04:00.000+02:00,2026-03-22T20:04:00.000+02:00,1,https://www.nna-leb.gov.lb/ar/news/421924/%D8%A7%D8%B3%D8%AA%D8%B4%D9%87%D8%A7%D8%AF-%D8%B1%D8%A6%D9%8A%D8%B3-%D9%82%D8%B3%D9%85-%D8%A7%D9%84%D8%B2%D8%A8%D8%A7%D8%A6%D9%86-%D9%81%D9%8A-%D8%AF%D8%A7%D8%A6%D8%B1%D8%A9-%D8%A7%D9%84%D9%86%D8%A8%D8%B7%D9%8A%D8%A9-%D9%81%D9%8A-%D9%85%D8%A4%D8%B3%D8%B3%D8%A9-%D9%83%D9%87%D8%B1%D8%A8%D8%A7%D8%A1-%D9%84%D8%A8%D9%86%D8%A7%D9%86-2,421924,0,0,"named: Hussein Halal (customer service dept head, Electricite du Liban - explicit occupation); company condolence statement functions as primary report of this death; distinct date from the later March 24 Habbouch strike (422404)"
INC-0169,2026-03-23,الحازمية (Hazmieh),الحازمية,Baabda,Mount Lebanon,1,0,airstrike,apartment,2026-03-23T14:40:00.000+02:00,2026-03-23T14:40:00.000+02:00,1,https://www.nna-leb.gov.lb/ar/news/422053/%D9%88%D8%B2%D8%A7%D8%B1%D8%A9-%D8%A7%D9%84%D8%B5%D8%AD%D8%A9-%D8%B4%D9%87%D9%8A%D8%AF-%D9%81%D9%8A-%D8%BA%D8%A7%D8%B1%D8%A9-%D8%B9%D9%84%D9%89-%D8%B4%D9%82%D8%A9-%D9%81%D9%8A-%D8%A7%D9%84%D8%AD%D8%A7%D8%B2%D9%85%D9%8A%D8%A9-2,422053,0,0,confirmed by name by mayor Jean al-Asmar
INC-0170,2026-03-23,الحنية (Al-Haniyeh),الحنية,Tyre,South Lebanon,1,1,artillery shelling,unspecified,2026-03-23T08:08:53.000+02:00,2026-03-23T08:08:53.000+02:00,1,https://www.nna-leb.gov.lb/ar/news/421965/%D8%B4%D9%87%D9%8A%D8%AF-%D9%88%D8%AC%D8%B1%D9%8A%D8%AD-%D9%81%D9%8A-%D8%A7%D9%84%D8%BA%D8%A7%D8%B1%D8%A9-%D8%B9%D9%84%D9%89-%D8%A7%D9%84%D8%AD%D9%86%D9%8A%D8%A9---%D8%B5%D9%88%D8%B1-2,421965,0,0,"distinct from the earlier vague-count Haniyeh strike (418000, batch 2) - different date/mechanism"
INC-0171,2026-03-23,الشهابية (Al-Shihabiyeh),الشهابية,Tyre,South Lebanon,1,4,airstrike,unspecified,2026-03-23T03:30:14.000+02:00,2026-03-23T08:17:57.000+02:00,2,https://www.nna-leb.gov.lb/ar/news/421941/%D8%B4%D9%87%D9%8A%D8%AF-%D9%88%D8%AC%D8%B1%D9%8A%D8%AD-%D8%AC%D8%B1%D8%A7%D8%A1-%D8%BA%D8%A7%D8%B1%D8%A9-%D8%B9%D9%84%D9%89-%D9%85%D8%A8%D9%86%D9%89-%D9%81%D9%8A-%D8%A7%D9%84%D8%B4%D9%87%D8%A7%D8%A8%D9%8A%D8%A9-2;https://www.nna-leb.gov.lb/ar/news/421968/%D8%B4%D9%87%D9%8A%D8%AF-%D9%884-%D8%AC%D8%B1%D8%AD%D9%89-%D9%81%D9%8A-%D8%A7%D9%84%D8%BA%D8%A7%D8%B1%D8%A9-%D8%B9%D9%84%D9%89-%D8%A7%D9%84%D8%B4%D9%87%D8%A7%D8%A8%D9%8A%D8%A9-%D9%88%D8%A3%D8%B6%D8%B1%D8%A7%D8%B1-%D8%AC%D8%B3%D9%8A%D9%85%D8%A9-%D9%81%D9%8A-%D8%AD%D9%8A-%D8%B3%D9%83%D9%86%D9%8A-2,421941;421968,0,0,"distinct date from the March 11 Al-Shihabiyeh strike (419173, batch 4); possibly same-day duplicate/update of 421968 - flag for merge review | same day as 421941 - possibly the same incident restated, flag for merge review"
INC-0172,2026-03-23,عيتيت (Aitit),عيتيت,Nabatieh,Nabatieh,1,0,airstrike,residence,2026-03-23T20:26:00.000+02:00,2026-03-23T20:26:00.000+02:00,1,https://www.nna-leb.gov.lb/ar/news/422110/(%D9%85%D8%B5%D8%AD%D8%AD)-%D9%84%D8%A7-%D8%B5%D8%AD%D8%A9-%D9%84%D8%A7%D8%B3%D8%AA%D8%B4%D9%87%D8%A7%D8%AF-%D9%85%D8%B3%D8%B9%D9%81-%D9%81%D9%8A-%D8%BA%D8%A7%D8%B1%D8%A9-%D8%B9%D9%8A%D8%AA%D9%8A%D8%AA-%D8%A8%D9%84-%D9%85%D8%AF%D9%86%D9%8A-2,422110,0,0,"CORRECTION of 422103: no medic/ambulance involved, actually a home strike killing 1 civilian"
INC-0173,2026-03-23,مجدل سلم (Majdal Selem),مجدل سلم,Marjayoun,Nabatieh,1,2,drone strike,motorcycle,2026-03-23T07:51:00.000+02:00,2026-03-23T07:51:00.000+02:00,1,https://www.nna-leb.gov.lb/ar/news/421961/%D8%B4%D9%87%D9%8A%D8%AF-%D9%88%D8%AC%D8%B1%D9%8A%D8%AD%D8%A7%D9%86-%D9%81%D9%8A-%D8%A7%D9%84%D8%BA%D8%A7%D8%B1%D8%A9-%D8%B9%D9%84%D9%89-%D8%A7%D9%84%D8%AF%D8%B1%D8%A7%D8%AC%D8%A9-%D8%A7%D9%84%D9%86%D8%A7%D8%B1%D9%8A%D8%A9-%D9%81%D9%8A-%D9%85%D8%AC%D8%AF%D9%84-%D8%B3%D9%84%D9%85-2,421961,0,0,fourth distinct Majdal Selem incident this study period - different date
INC-0174,2026-03-24,Adloun-Abu al-Aswad area,بين عدلون وأبو الأسود,Sidon,South Lebanon,2,2,airstrike,unspecified,2026-03-24T10:03:27.000+02:00,2026-03-24T10:03:27.000+02:00,1,https://www.nna-leb.gov.lb/ar/news/422220/%D8%B4%D9%87%D9%8A%D8%AF%D8%A7%D9%86-%D9%88%D8%AC%D8%B1%D9%8A%D8%AD%D8%A7%D9%86-%D9%81%D9%8A-%D8%BA%D8%A7%D8%B1%D8%A9-%D8%B9%D9%84%D9%89-%D8%A7%D9%84%D9%85%D9%86%D8%B7%D9%82%D8%A9-%D8%A8%D9%8A%D9%86-%D8%B9%D8%AF%D9%84%D9%88%D9%86-%D9%88%D8%A3%D8%A8%D9%88-%D8%A7%D9%84%D8%A3%D8%B3%D9%88%D8%AF-2,422220,1,0,"same-day as 422407's Adloun report (4 dead) - possibly the same strike with a later/different count, flag for merge review"
INC-0175,2026-03-24,Burj al-Shamali road,طريق البرج الشمالي,Tyre,South Lebanon,1,0,drone strike,motorcycle,2026-03-24T07:49:00.000+02:00,2026-03-24T07:49:00.000+02:00,1,https://www.nna-leb.gov.lb/ar/news/422173/%D8%B4%D9%87%D9%8A%D8%AF-%D8%A8%D8%A7%D8%B3%D8%AA%D9%87%D8%AF%D8%A7%D9%81-%D8%AF%D8%B1%D8%A7%D8%AC%D8%A9-%D9%86%D8%A7%D8%B1%D9%8A%D8%A9-%D8%B9%D9%84%D9%89-%D8%B7%D8%B1%D9%8A%D9%82-%D8%A7%D9%84%D8%A8%D8%B1%D8%AC-%D8%A7%D9%84%D8%B4%D9%85%D8%A7%D9%84%D9%8A-2,422173,1,0,
INC-0176,2026-03-24,Habbouch-Nabatieh highway,أوتوستراد حبوش - النبطية قرب مطعم الفيروز,Nabatieh,Nabatieh,1,0,drone strike,motorcycle,2026-03-24T13:05:00.000+02:00,2026-03-24T13:05:00.000+02:00,1,https://www.nna-leb.gov.lb/ar/news/422280/%D8%BA%D8%A7%D8%B1%D8%A7%D8%AA-%D8%A5%D8%B3%D8%B1%D8%A7%D8%A6%D9%8A%D9%84%D9%8A%D8%A9-%D8%AA%D8%B3%D8%AA%D9%87%D8%AF%D9%81-%D8%A7%D9%84%D9%86%D8%A8%D8%B7%D9%8A%D8%A9-%D9%88%D8%AA%D9%88%D9%82%D8%B9-%D8%B4%D9%87%D8%AF%D8%A7%D8%A1-%D8%A8%D9%8A%D9%86%D9%87%D9%85-%D9%85%D8%B3%D8%B9%D9%81%D8%A7%D9%86-2,422280c,1,0,same source article as 422280; Syrian national; split into own row (different location). Article also mentions a Nabatieh al-Fawqa strike w/ no deaths
INC-0177,2026-03-24,Jbeshit-Nabatieh highway,أوتوستراد جبوش - النبطية قرب مبنى النافعة,Nabatieh,Nabatieh,1,1,drone strike,motorcycle,2026-03-24T13:05:00.000+02:00,2026-03-24T13:05:00.000+02:00,1,https://www.nna-leb.gov.lb/ar/news/422280/%D8%BA%D8%A7%D8%B1%D8%A7%D8%AA-%D8%A5%D8%B3%D8%B1%D8%A7%D8%A6%D9%8A%D9%84%D9%8A%D8%A9-%D8%AA%D8%B3%D8%AA%D9%87%D8%AF%D9%81-%D8%A7%D9%84%D9%86%D8%A8%D8%B7%D9%8A%D8%A9-%D9%88%D8%AA%D9%88%D9%82%D8%B9-%D8%B4%D9%87%D8%AF%D8%A7%D8%A1-%D8%A8%D9%8A%D9%86%D9%87%D9%85-%D9%85%D8%B3%D8%B9%D9%81%D8%A7%D9%86-2,422280b,1,0,same source article as 422280; split into own row (different location)
INC-0178,2026-03-24,الشبريحة (Shabriha junction),الشبريحة,Tyre,South Lebanon,1,0,strike on vehicle,pickup truck,2026-03-24T10:16:12.000+02:00,2026-03-24T10:16:12.000+02:00,1,https://www.nna-leb.gov.lb/ar/news/422226/%D8%BA%D8%A7%D8%B1%D8%A9-%D8%B9%D9%84%D9%89-%D9%82%D8%A7%D9%86%D8%A7-%D9%88%D8%A7%D8%AE%D8%B1%D9%89-%D8%AA%D8%B3%D8%AA%D9%87%D8%AF%D9%81-%D8%A8%D9%8A%D9%83-%D8%A3%D8%A8-%D9%81%D9%8A-%D8%A7%D9%84%D8%B4%D8%A8%D8%B1%D9%8A%D8%AD%D8%A9-%D9%88%D8%B3%D9%82%D9%88%D8%B7-%D8%B4%D9%87%D9%8A%D8%AF-%D8%B3%D9%88%D8%B1%D9%8A-2,422226,0,0,Syrian national; article also mentions a Qana strike w/ no death given
INC-0179,2026-03-24,النبطية (Nabatieh city - northern entrance),مدخل النبطية الشمالي,Nabatieh,Nabatieh,2,0,drone strike,"motorcycle (2 medics, Nabatieh ambulance team, explicit)",2026-03-24T13:05:00.000+02:00,2026-03-24T13:05:00.000+02:00,1,https://www.nna-leb.gov.lb/ar/news/422280/%D8%BA%D8%A7%D8%B1%D8%A7%D8%AA-%D8%A5%D8%B3%D8%B1%D8%A7%D8%A6%D9%8A%D9%84%D9%8A%D8%A9-%D8%AA%D8%B3%D8%AA%D9%87%D8%AF%D9%81-%D8%A7%D9%84%D9%86%D8%A8%D8%B7%D9%8A%D8%A9-%D9%88%D8%AA%D9%88%D9%82%D8%B9-%D8%B4%D9%87%D8%AF%D8%A7%D8%A1-%D8%A8%D9%8A%D9%86%D9%87%D9%85-%D9%85%D8%B3%D8%B9%D9%81%D8%A7%D9%86-2,422280,0,0,"named: Ali Hassan Nazar Jaber, Joud Mohammad Suleiman; same location struck again 2h later, no further casualties reported"
INC-0180,2026-03-24,بشامون (Bshamoun),بشامون,Aley,Mount Lebanon,3,4,airstrike,unspecified,2026-03-24T04:49:00.000+02:00,2026-03-24T09:25:00.000+02:00,2,https://www.nna-leb.gov.lb/ar/news/422141/%D8%A7%D9%84%D8%B5%D8%AD%D8%A9-%D8%B4%D9%87%D9%8A%D8%AF%D8%A7%D9%86-%D9%885-%D8%AC%D8%B1%D8%AD%D9%89-%D9%81%D9%8A-%D8%A7%D9%84%D8%BA%D8%A7%D8%B1%D8%A9-%D8%B9%D9%84%D9%89-%D8%A8%D8%B4%D8%A7%D9%85%D9%88%D9%86-2;https://www.nna-leb.gov.lb/ar/news/422204/%D8%A7%D9%84%D8%B5%D8%AD%D8%A9-%D8%B4%D9%87%D8%AF%D8%A7%D8%A1-%D9%88%D8%AC%D8%B1%D8%AD%D9%89-%D9%81%D9%8A-%D8%A8%D8%B4%D8%A7%D9%85%D9%88%D9%86-%D9%88%D8%A8%D9%84%D8%AF%D8%A7%D8%AA-%D9%81%D9%8A-%D9%82%D8%B6%D8%A7%D8%A1-%D8%B5%D9%88%D8%B1-%D9%85%D9%86-%D8%A8%D9%8A%D9%86%D9%87%D9%85-%D8%B7%D9%81%D9%84%D8%A9-2,422141;422204,0,0,"update in 422204 (3, incl. a 3-year-old girl) | MoPH update to 422141 (2->3), includes a 3-year-old girl"
INC-0181,2026-03-24,حبوش (Habbouch),حبوش,Nabatieh,Nabatieh,3,18,airstrike,unspecified,2026-03-24T22:32:39.000+02:00,2026-03-24T22:32:39.000+02:00,1,https://www.nna-leb.gov.lb/ar/news/422404/%D8%A7%D9%84%D8%BA%D8%A7%D8%B1%D8%A9-%D8%B9%D9%84%D9%89-%D8%AD%D8%A8%D9%88%D8%B4-3-%D8%B4%D9%87%D8%AF%D8%A7%D8%A1-%D9%8818-%D8%AC%D8%B1%D9%8A%D8%AD%D8%A7-2,422404,0,0,"distinct date from the earlier March 22 Habbouch strike (421924) and the March 18 Habbouch strike (420868, batch 6)"
INC-0182,2026-03-24,حلتا (Halta),حلتا - العرقوب,Hasbaya,Nabatieh,1,1,ground incursion/raid,15-year-old (kidnapping of another resident during the same raid),2026-03-24T05:24:00.000+02:00,2026-03-24T14:11:00.000+02:00,3,https://www.nna-leb.gov.lb/ar/news/422142/%D8%B4%D9%87%D9%8A%D8%AF-%D9%88%D8%AC%D8%B1%D8%AD%D9%89-%D9%81%D9%8A-%D9%84%D9%8A%D9%84%D8%A9-%D8%AD%D8%A7%D9%85%D9%8A%D8%A9-%D9%81%D9%8A-%D8%A7%D9%84%D9%86%D8%A8%D8%B7%D9%8A%D8%A9-%D9%88%D8%A7%D9%84%D8%B9%D8%B1%D9%82%D9%88%D8%A8-%D9%88%D9%85%D8%AD%D8%A7%D9%88%D9%84%D8%A7%D8%AA-%D8%AA%D9%88%D8%BA%D9%84-%D9%81%D9%8A-%D8%A7%D9%84%D9%82%D9%88%D8%B2%D8%AD-2;https://www.nna-leb.gov.lb/ar/news/422160/%D9%82%D9%88%D8%A9-%D8%A5%D8%B3%D8%B1%D8%A7%D8%A6%D9%8A%D9%84%D9%8A%D8%A9-%D8%A7%D9%82%D8%AA%D8%AD%D9%85%D8%AA-%D9%85%D9%86%D8%A7%D8%B2%D9%84-%D9%81%D9%8A-%D8%AD%D9%84%D8%AA%D8%A7-%D9%85%D8%B7%D9%84%D9%82%D8%A9-%D8%A7%D9%84%D9%86%D8%A7%D8%B1-%D8%B9%D9%84%D9%89-%D9%82%D8%A7%D8%B7%D9%86%D9%8A%D9%87%D8%A7-%D9%88%D8%A7%D9%84%D8%AD%D8%B5%D9%8A%D9%84%D8%A9-%D8%B4%D9%87%D9%8A%D8%AF-%D9%88%D8%AC%D8%B1%D9%8A%D8%AD-%D9%88%D8%A3%D8%B3%D9%8A%D8%B1-2;https://www.nna-leb.gov.lb/ar/news/422303/%D8%A7%D9%84%D8%B5%D8%AD%D8%A9-%D8%A7%D8%A8%D9%86-15-%D8%B9%D8%A7%D9%85%D8%A7-%D8%B4%D9%87%D9%8A%D8%AF-%D8%AE%D9%84%D8%A7%D9%84-%D8%AA%D9%88%D8%BA%D9%84-%D8%A5%D8%B3%D8%B1%D8%A7%D8%A6%D9%8A%D9%84%D9%8A-%D9%81%D9%8A-%D8%AD%D9%84%D8%AA%D8%A7-2,422142;422160;422303,0,0,"named: Mohammad Ali Hatem Abdel Aal; 4 residents also kidnapped in same raid; detail/update in 422160; article also covers Zafta (2 injured, no death), Sarbin/Hariss/Rashaf/Deir Antar/Toulin strikes and Qawzah clashes w/ no deaths given here | detail/update to 422142 - same incident, names injured (Ashraf Khalil al-Qadiri) and kidnapped (Shadi Karam Abdel Aal) - do not double count | same village and likely same broader raid as 422142/422160 but a distinct additional victim (age 15) and a separate kidnapping - flag heavily for merge review re: whether this is the same overall incident"
INC-0183,2026-03-24,سلعا (Sal'a),سلعا,Tyre,South Lebanon,2,5,airstrike,residence,2026-03-24T05:58:00.000+02:00,2026-03-24T09:25:00.000+02:00,2,https://www.nna-leb.gov.lb/ar/news/422152/4-%D8%B4%D9%87%D8%AF%D8%A7%D8%A1-%D9%884-%D8%AC%D8%B1%D8%AD%D9%89-%D9%81%D9%8A-%D8%A7%D9%84%D8%BA%D8%A7%D8%B1%D8%A9-%D8%B9%D9%84%D9%89-%D8%B3%D9%84%D8%B9%D8%A7-%D9%88%D9%82%D8%B5%D9%81-%D9%85%D8%AF%D9%81%D8%B9%D9%8A-%D9%84%D9%84%D9%86%D8%A7%D9%82%D9%88%D8%B1%D8%A9-%D9%88%D8%A3%D8%B7%D8%B1%D8%A7%D9%81-%D8%B9%D9%84%D9%85%D8%A7-%D8%A7%D9%84%D8%B4%D8%B9%D8%A8-%D9%81%D8%AC%D8%B1%D8%A7-2;https://www.nna-leb.gov.lb/ar/news/422204/%D8%A7%D9%84%D8%B5%D8%AD%D8%A9-%D8%B4%D9%87%D8%AF%D8%A7%D8%A1-%D9%88%D8%AC%D8%B1%D8%AD%D9%89-%D9%81%D9%8A-%D8%A8%D8%B4%D8%A7%D9%85%D9%88%D9%86-%D9%88%D8%A8%D9%84%D8%AF%D8%A7%D8%AA-%D9%81%D9%8A-%D9%82%D8%B6%D8%A7%D8%A1-%D8%B5%D9%88%D8%B1-%D9%85%D9%86-%D8%A8%D9%8A%D9%86%D9%87%D9%85-%D8%B7%D9%81%D9%84%D8%A9-2,422152;422204b,0,0,"article also covers Naqoura/Alma al-Shaab artillery w/ no deaths; MoPH update 422204 gives a lower count (2) - flag discrepancy | same source article as 422204; MoPH update to 422152 - lower count (4->2), flag discrepancy; split into own row"
INC-0184,2026-03-24,صريفا (Srifa),صريفا,Tyre,South Lebanon,3,0,airstrike,unspecified,2026-03-24T09:25:00.000+02:00,2026-03-24T09:25:00.000+02:00,1,https://www.nna-leb.gov.lb/ar/news/422204/%D8%A7%D9%84%D8%B5%D8%AD%D8%A9-%D8%B4%D9%87%D8%AF%D8%A7%D8%A1-%D9%88%D8%AC%D8%B1%D8%AD%D9%89-%D9%81%D9%8A-%D8%A8%D8%B4%D8%A7%D9%85%D9%88%D9%86-%D9%88%D8%A8%D9%84%D8%AF%D8%A7%D8%AA-%D9%81%D9%8A-%D9%82%D8%B6%D8%A7%D8%A1-%D8%B5%D9%88%D8%B1-%D9%85%D9%86-%D8%A8%D9%8A%D9%86%D9%87%D9%85-%D8%B7%D9%81%D9%84%D8%A9-2,422204c,0,0,"same source article as 422204; new/distinct Srifa incident this date; split into own row. Article also gives Aitit: 2 injured only (no death) - consistent w/ 422110's single-death report, not additive"
INC-0185,2026-03-24,عدلون (Adloun),عدلون,Sidon,South Lebanon,4,1,airstrike,unspecified,2026-03-24T22:42:35.000+02:00,2026-03-24T22:42:35.000+02:00,1,https://www.nna-leb.gov.lb/ar/news/422407/%D8%A7%D9%84%D8%BA%D8%A7%D8%B1%D8%A9-%D8%B9%D9%84%D9%89-%D8%B9%D8%AF%D9%84%D9%88%D9%86-4-%D8%B4%D9%87%D8%AF%D8%A7%D8%A1-%D9%88%D8%AC%D8%B1%D9%8A%D8%AD-%D9%88%D8%A7%D8%AD%D8%AF-2,422407,0,0,"same-day as 422220's Adloun-area report (2 dead) - possibly the same strike with a different/updated count, flag for merge review"
INC-0186,2026-03-24,كفرتبنيت (Kfartebnit),كفرتبنيت,Nabatieh,Nabatieh,1,0,airstrike,unspecified,2026-03-24T09:44:00.000+02:00,2026-03-24T09:44:00.000+02:00,1,https://www.nna-leb.gov.lb/ar/news/422206/%D8%BA%D8%A7%D8%B1%D8%A9-%D8%B9%D9%84%D9%89-%D8%AD%D8%A7%D8%B1%D9%88%D9%81-%D9%88%D8%A7%D8%B3%D8%AA%D8%B4%D9%87%D8%A7%D8%AF-%D8%A7%D9%84%D9%86%D8%A7%D8%B8%D8%B1-%D8%A7%D9%84%D8%B9%D8%A7%D9%85-%D9%81%D9%8A-%D9%85%D8%B9%D9%87%D8%AF-%D8%A7%D9%84%D9%86%D8%A8%D8%B7%D9%8A%D8%A9-%D8%A7%D9%84%D9%81%D9%86%D9%8A-%D8%A7%D9%84%D8%B1%D8%B3%D9%85%D9%8A-%D9%81%D9%8A-%D8%BA%D8%A7%D8%B1%D8%A9-%D8%B9%D9%84%D9%89-%D9%83%D9%81%D8%B1%D8%AA%D8%A8%D9%86%D9%8A%D8%AA-2,422206,0,0,"named: Mahmoud Hamad (school inspector, explicit occupation); article also mentions a Haroof drone strike w/ no deaths given here"
INC-0187,2026-03-24,كونين (Kounine),كونين - محلة البركة,Bint Jbeil,Nabatieh,1,0,airstrike,unspecified,2026-03-24T18:49:00.000+02:00,2026-03-24T18:49:00.000+02:00,1,https://www.nna-leb.gov.lb/ar/news/422378/%D8%B4%D9%87%D9%8A%D8%AF-%D9%81%D9%8A-%D8%BA%D8%A7%D8%B1%D8%A9-%D8%A7%D8%B3%D8%AA%D9%87%D8%AF%D9%81%D8%AA-%D9%83%D9%88%D9%86%D9%8A%D9%86-2,422378,0,0,
INC-0188,2026-03-24,محرونة (Mahrouneh),محرونة,Zahrani,South Lebanon,1,0,drone strike,motorcycle,2026-03-24T09:55:26.000+02:00,2026-03-24T09:55:26.000+02:00,1,https://www.nna-leb.gov.lb/ar/news/422216/%D9%85%D8%B3%D9%8A%D8%B1%D8%A9-%D9%85%D8%B9%D8%A7%D8%AF%D9%8A%D8%A9-%D8%AA%D8%B3%D8%AA%D9%87%D8%AF%D9%81-%D8%AF%D8%B1%D8%A7%D8%AC%D8%A9-%D9%86%D8%A7%D8%B1%D9%8A%D8%A9-%D9%81%D9%8A-%D8%A8%D9%84%D8%AF%D8%A9-%D9%85%D8%AD%D8%B1%D9%88%D9%86%D8%A9-%D9%88%D8%B3%D9%82%D9%88%D8%B7-%D8%B4%D9%87%D9%8A%D8%AF-2,422216,0,0,
INC-0189,2026-03-24,مخيم المية ومية (Mieh Mieh camp),مخيم المية ومية,Sidon,South Lebanon,2,4,airstrike,apartment,2026-03-24T09:38:00.000+02:00,2026-03-24T22:38:18.000+02:00,3,https://www.nna-leb.gov.lb/ar/news/422210/3-%D8%B4%D9%87%D8%AF%D8%A7%D8%A1-%D9%81%D9%8A-%D8%A7%D9%84%D8%BA%D8%A7%D8%B1%D8%A9-%D8%B9%D9%84%D9%89-%D9%85%D9%86%D8%B2%D9%84-%D9%81%D9%8A-%D8%A7%D9%84%D9%85%D9%8A%D8%A9-%D9%88%D9%85%D9%8A%D8%A9-2;https://www.nna-leb.gov.lb/ar/news/422236/(%D9%85%D8%B5%D8%AD%D8%AD)-%D8%B4%D9%87%D9%8A%D8%AF%D8%A7%D9%86-%D9%88%D8%AC%D8%B1%D9%8A%D8%AD-%D9%81%D9%8A-%D8%BA%D8%A7%D8%B1%D8%A9-%D9%85%D8%AE%D9%8A%D9%85-%D8%A7%D9%84%D9%85%D9%8A%D8%A9-%D9%88%D9%85%D9%8A%D8%A9-%D9%81%D9%8A-%D8%B5%D9%8A%D8%AF%D8%A7-2;https://www.nna-leb.gov.lb/ar/news/422406/%D8%A7%D9%84%D8%BA%D8%A7%D8%B1%D8%A9-%D8%B9%D9%84%D9%89-%D8%A7%D9%84%D9%85%D9%8A%D8%A9-%D9%88%D9%85%D9%8A%D8%A9-%D8%B4%D9%87%D9%8A%D8%AF%D8%A7%D9%86-%D8%A7%D8%AB%D9%86%D8%A7%D9%86-%D9%884-%D8%AC%D8%B1%D8%AD%D9%89-2,422210;422236;422406,0,0,corrected down to 2 in 422236/422406 (named: Al-Kaoush + wife; son injured) - use 2 | CORRECTION of 422210 (3->2); named: Al-Kaoush + wife; confirmed in 422406 | MoPH confirmation of the corrected 422236 chain - do not double count
INC-0190,2026-03-25,Zawtar al-Sharqiya/al-Gharbiya area,بين زوطر الشرقية وزوطر الغربية,Nabatieh,Nabatieh,2,0,airstrike,residence,2026-03-25T08:00:52.000+02:00,2026-03-25T08:00:52.000+02:00,1,https://www.nna-leb.gov.lb/ar/news/422441/%D8%B4%D9%87%D9%8A%D8%AF%D8%A7%D9%86-%D9%81%D9%8A-%D8%A7%D9%84%D8%BA%D8%A7%D8%B1%D8%A9-%D8%B9%D9%84%D9%89-%D9%85%D9%86%D8%B2%D9%84-%D8%A8%D9%8A%D9%86-%D8%A8%D9%84%D8%AF%D8%AA%D9%8A-%D8%B2%D9%88%D8%B7%D8%B1-%D8%A7%D9%84%D8%B4%D8%B1%D9%82%D9%8A%D8%A9-%D9%88%D8%B2%D9%88%D8%B7%D8%B1-%D8%A7%D9%84%D8%BA%D8%B1%D8%A8%D9%8A%D8%A9-2,422441,1,0,
INC-0191,2026-03-25,البيسارية (Beisariyeh),البيسارية,Nabatieh,Nabatieh,2,,airstrike,residence,2026-03-25T17:29:20.000+02:00,2026-03-25T17:29:20.000+02:00,1,https://www.nna-leb.gov.lb/ar/news/422527/%D8%B4%D9%87%D8%AF%D8%A7%D8%A1-%D9%88%D8%AC%D8%B1%D8%AD%D9%89-%D9%81%D9%8A-%D8%BA%D8%A7%D8%B1%D8%A7%D8%AA-%D9%85%D9%83%D8%AB%D9%81%D8%A9-%D9%88%D9%82%D8%B5%D9%81-%D9%85%D8%AF%D9%81%D8%B9%D9%8A-%D9%85%D8%B9%D8%A7%D8%AF-%D8%A8%D8%B9%D8%AF-%D8%A7%D9%84%D8%B8%D9%87%D8%B1-2,422527,0,0,"district uncertain, verify; roundup article covers many other same-afternoon strikes/shelling (Bint Jbeil city, Bayyada, Naqoura, Qaaqaait al-Sanawbar, Tibnine, Yatar, Khiam, Majdal Zoun, Deir Siryan x5, Khiam house demolitions, empty homes in Majadel/Joya) w/ no deaths reported for any of those"
INC-0192,2026-03-25,باتوليه (Batouliyeh),باتوليه,Tyre,South Lebanon,1,1,airstrike,residence,2026-03-25T05:58:14.000+02:00,2026-03-25T05:58:14.000+02:00,1,https://www.nna-leb.gov.lb/ar/news/422420/%D8%A7%D8%B3%D8%AA%D8%B4%D9%87%D8%A7%D8%AF-%D8%B4%D8%AE%D8%B5-%D9%88%D8%AC%D8%B1%D8%AD-%D8%A2%D8%AE%D8%B1-%D9%81%D9%8A-%D8%A7%D9%84%D8%BA%D8%A7%D8%B1%D8%A9-%D8%B9%D9%84%D9%89-%D9%85%D9%86%D8%B2%D9%84-%D8%A8%D8%A7%D8%AA%D9%88%D9%84%D9%8A%D9%87-2,422420,0,0,
INC-0193,2026-03-25,حاروف (Haroof),حاروف,Nabatieh,Nabatieh,2,8,airstrike,residence,2026-03-25T18:22:11.000+02:00,2026-03-25T22:03:57.000+02:00,2,https://www.nna-leb.gov.lb/ar/news/422535/%D8%B4%D9%87%D9%8A%D8%AF%D8%A7%D9%86-%D9%81%D9%8A-%D8%BA%D8%A7%D8%B1%D8%A9-%D8%B9%D9%84%D9%89-%D8%AD%D8%A7%D8%B1%D9%88%D9%81-2;https://www.nna-leb.gov.lb/ar/news/422584/%D8%B7%D9%88%D8%A7%D8%B1%D8%A6-%D8%A7%D9%84%D8%B5%D8%AD%D8%A9-%D8%A7%D8%B3%D8%AA%D8%B4%D9%87%D8%A7%D8%AF-%D8%A7%D8%AB%D9%86%D9%8A%D9%86-%D9%88%D8%AC%D8%B1%D8%AD-8-%D9%81%D9%8A-%D8%BA%D8%A7%D8%B1%D8%A9-%D8%AD%D8%A7%D8%B1%D9%88%D9%81-2,422535;422584,0,0,named: Sheikh Hussein al-Naji + wife; confirmed in 422584 | MoPH confirmation of 422535 - do not double count
INC-0194,2026-03-25,كونين (Kounine),كونين,Bint Jbeil,Nabatieh,3,4,airstrike,unspecified,2026-03-25T21:35:41.000+02:00,2026-03-25T21:35:41.000+02:00,1,https://www.nna-leb.gov.lb/ar/news/422579/%D8%B7%D9%88%D8%A7%D8%B1%D8%A6-%D8%A7%D9%84%D8%B5%D8%AD%D8%A9-%D8%A7%D8%B3%D8%AA%D8%B4%D9%87%D8%A7%D8%AF-3-%D9%88%D8%AC%D8%B1%D8%AD-11-%D9%81%D9%8A-%D8%BA%D8%A7%D8%B1%D8%AA%D9%8A%D9%86-%D8%B9%D9%84%D9%89-%D8%AA%D9%88%D9%84%D9%8A%D9%86-%D9%88%D9%83%D9%88%D9%86%D9%8A%D9%86-2,422579,0,0,"distinct date from the March 24 Kounine strike (422378, batch 7); same-article Toulin strike had injuries only, no death"
INC-0195,2026-03-26,بنت جبيل (Bint Jbeil - Saf al-Hawa area),بنت جبيل - صف الهوا,Bint Jbeil,Nabatieh,3,0,airstrike,unspecified,2026-03-26T09:52:17.000+02:00,2026-03-26T09:52:17.000+02:00,1,https://www.nna-leb.gov.lb/ar/news/422642/3-%D8%B4%D9%87%D8%AF%D8%A7%D8%A1-%D9%81%D9%8A-%D8%BA%D8%A7%D8%B1%D8%A9-%D8%B9%D9%84%D9%89-%D9%85%D8%AD%D9%84%D8%A9-%D8%B5%D9%81-%D8%A7%D9%84%D9%87%D9%88%D8%A7-%D9%81%D9%8A-%D9%85%D8%AF%D9%8A%D9%86%D8%A9-%D8%A8%D9%86%D8%AA-%D8%AC%D8%A8%D9%8A%D9%84-2,422642,0,0,second distinct Saf al-Hawa strike this study period - different date from 419162 (batch 4)
INC-0196,2026-03-26,كفررمان (Kfarremen),كفررمان,Bint Jbeil,Nabatieh,2,8,airstrike,residential/commercial building,2026-03-26T09:58:14.000+02:00,2026-03-26T21:42:35.000+02:00,2,https://www.nna-leb.gov.lb/ar/news/422645/%D8%B4%D9%87%D9%8A%D8%AF%D8%A7%D9%86-%D9%88%D8%AA%D8%AF%D9%85%D9%8A%D8%B1-%D9%85%D8%A8%D9%86%D9%89-%D8%B3%D9%83%D9%86%D9%8A-%D9%88%D8%AA%D8%AC%D8%A7%D8%B1%D9%8A-%D9%81%D9%8A-%D8%AD%D9%8A-%D8%A7%D9%84%D9%85%D8%B9%D8%A7%D9%82%D9%8A%D9%84-%D9%81%D9%8A-%D9%83%D9%81%D8%B1%D8%B1%D9%85%D8%A7%D9%86-2;https://www.nna-leb.gov.lb/ar/news/422813/%D8%A7%D9%84%D8%BA%D8%A7%D8%B1%D8%A9-%D8%B9%D9%84%D9%89-%D9%83%D9%81%D8%B1%D8%B1%D9%85%D8%A7%D9%86-%D8%B4%D9%87%D9%8A%D8%AF%D8%A7%D9%86-%D8%A7%D8%AB%D9%86%D8%A7%D9%86-%D9%888-%D8%AC%D8%B1%D8%AD%D9%89-2,422645;422813,0,0,update/confirmation in 422813 (2/8 injured) | MoPH confirmation of 422645 - do not double count
INC-0197,2026-03-27,Kfartebnit-Arnoun-Nabatieh roundabout,دوار كفرتبنيت - ارنون - النبطية,Nabatieh,Nabatieh,2,,strike on responder post,"Islamic Health Authority point (medics, explicit)",2026-03-28T06:10:47.000+02:00,2026-03-28T06:10:47.000+02:00,1,https://www.nna-leb.gov.lb/ar/news/423086/%D8%A7%D8%B3%D8%AA%D8%B4%D9%87%D8%A7%D8%AF-%D9%85%D8%B3%D8%B9%D9%81%D9%8A%D9%86-%D8%A8%D8%BA%D8%A7%D8%B1%D8%A9-%D8%B9%D9%86%D8%AF-%D8%AF%D9%88%D8%A7%D8%B1-%D9%83%D9%81%D8%B1%D8%AA%D8%A8%D9%86%D9%8A%D8%AA--%D8%A7%D8%B1%D9%86%D9%88%D9%86--%D8%A7%D9%84%D9%86%D8%A8%D8%B7%D9%8A%D8%A9-%D9%88%D8%BA%D8%A7%D8%B1%D8%A7%D8%AA-%D8%B9%D9%84%D9%89-%D8%A7%D9%84%D8%AF%D9%88%D9%8A%D8%B1-%D9%88%D8%AD%D8%A7%D8%B1%D9%88%D9%81-%D9%88%D9%83%D9%81%D8%B1%D8%B5%D9%8A%D8%B1-%D9%88%D8%B9%D8%B1%D8%A8%D8%B5%D8%A7%D9%84%D9%8A%D9%85-%D9%88%D9%82%D8%B5%D9%81-%D9%84%D9%8A%D8%AD%D9%85%D8%B1-%D8%A7%D9%84%D8%B4%D9%82%D9%8A%D9%81-%D9%88%D8%A7%D8%B1%D9%86%D9%88%D9%86-2,423086,1,0,"event_date corrected from Mar 28 (publish date) to Mar 27 per explicit 'ليل الخميس-الجمعة' (Thu-Fri night) text - validation audit fix; this pushes it off 423091's Mar 28 date, so no longer treated as the same incident (previously merged as a likely-discrepant duplicate) - now standalone, flag for user review whether still related; article also covers Al-Dawir/Haroof/Kfarsir/Arabsalim strikes and Yohmor al-Shaqif/Arnoun shelling w/ no deaths given here"
INC-0198,2026-03-27,البزالية (Bzaaliyeh),البزالية,Baalbek,Baalbek-Hermel,1,7,airstrike,residence,2026-03-27T11:25:00.000+02:00,2026-03-27T15:08:08.000+02:00,2,https://www.nna-leb.gov.lb/ar/news/422925/%D8%B4%D9%87%D9%8A%D8%AF-%D9%81%D9%8A-%D8%BA%D8%A7%D8%B1%D8%A9-%D8%B9%D9%84%D9%89-%D8%A8%D9%84%D8%AF%D8%A9-%D8%A7%D9%84%D8%A8%D8%B2%D8%A7%D9%84%D9%8A%D8%A9-2;https://www.nna-leb.gov.lb/ar/news/422997/%D8%A7%D9%84%D8%B5%D8%AD%D8%A9--%D8%B4%D9%87%D9%8A%D8%AF%D8%A9-%D8%AD%D8%A7%D9%85%D9%84-%D8%A8%D8%AA%D9%88%D8%A3%D9%85-%D9%81%D9%8A-%D8%A7%D9%84%D8%BA%D8%A7%D8%B1%D8%A9-%D8%B9%D9%84%D9%89-%D8%A7%D9%84%D8%A8%D8%B2%D8%A7%D9%84%D9%8A%D8%A9-2,422925;422997,0,0,"victim identified as a pregnant woman carrying twins in update 422997 | detail/update to 422925 - same victim (pregnant woman w/ twins), not additive"
INC-0199,2026-03-27,السكسكية (Al-Suksukiyeh),السكسكية,Sidon,South Lebanon,6,17,airstrike,populated residence,2026-03-27T12:32:22.000+02:00,2026-03-27T16:21:00.000+02:00,2,https://www.nna-leb.gov.lb/ar/news/422950/%D8%A7%D9%84%D8%B5%D8%AD%D8%A9-%D9%81%D9%8A-%D8%AD%D8%B5%D9%8A%D9%84%D8%A9-%D8%A3%D9%88%D9%84%D9%8A%D8%A9-%D9%84%D9%84%D8%BA%D8%A7%D8%B1%D8%A9-%D8%B9%D9%84%D9%89-%D8%A7%D9%84%D8%B3%D9%83%D8%B3%D9%83%D9%8A%D8%A9-4-%D8%B4%D9%87%D8%AF%D8%A7%D8%A1-%D9%88%D8%AB%D9%85%D8%A7%D9%86%D9%8A%D8%A9-%D8%AC%D8%B1%D8%AD%D9%89-2;https://www.nna-leb.gov.lb/ar/news/423013/%D8%B7%D9%88%D8%A7%D8%B1%D9%89%D8%A1-%D8%A7%D9%84%D8%B5%D8%AD%D8%A9-6-%D8%B4%D9%87%D8%AF%D8%A7%D8%A1-%D8%A8%D9%8A%D9%86%D9%87%D9%85-3-%D8%A7%D8%B7%D9%81%D8%A7%D9%84-%D9%8817-%D8%AC%D8%B1%D9%8A%D8%AD%D8%A7-%D8%A8%D8%A8%D9%86%D9%87%D9%85-7-%D8%A7%D8%B7%D9%81%D8%A7%D9%84-2,422950;423013,0,0,"update in 423013 (two combined strikes, final: 6 incl. 3 children) | MoPH update to 422950 chain (two combined strikes: 4->6, incl. 3 children)"
INC-0200,2026-03-27,الصرفند (Al-Sarafand),الصرفند,Sidon,South Lebanon,1,17,airstrike,unspecified,2026-03-27T20:54:02.000+02:00,2026-03-27T20:54:02.000+02:00,1,https://www.nna-leb.gov.lb/ar/news/423063/%D8%A7%D9%84%D8%BA%D8%A7%D8%B1%D8%A9-%D8%B9%D9%84%D9%89-%D8%A7%D9%84%D8%B5%D8%B1%D9%81%D9%86%D8%AF-%D8%B4%D9%87%D9%8A%D8%AF-%D9%8817-%D8%AC%D8%B1%D9%8A%D8%AD%D8%A7-2,423063,0,0,
INC-0201,2026-03-27,تحويطة الغدير (Tahwitat al-Ghadir),تحويطة الغدير,Baabda,Mount Lebanon,2,0,airstrike,unspecified,2026-03-27T10:49:14.000+02:00,2026-03-27T10:49:14.000+02:00,1,https://www.nna-leb.gov.lb/ar/news/422909/%D8%A7%D9%84%D8%B5%D8%AD%D8%A9-%D8%B4%D9%87%D9%8A%D8%AF%D8%A7%D9%86-%D9%81%D9%8A-%D8%A7%D9%84%D8%BA%D8%A7%D8%B1%D8%A9-%D8%B9%D9%84%D9%89-%D8%AA%D8%AD%D9%88%D9%8A%D8%B7%D8%A9-%D8%A7%D9%84%D8%BA%D8%AF%D9%8A%D8%B1-%D9%81%D8%AC%D8%B1%D8%A7-2,422909,0,0,
INC-0202,2026-03-27,زوطر الشرقية (Zawtar al-Sharqiya),زوطر الشرقية,Nabatieh,Nabatieh,2,0,airstrike,residence,2026-03-27T12:47:57.000+02:00,2026-03-27T12:47:57.000+02:00,1,https://www.nna-leb.gov.lb/ar/news/422956/%D8%BA%D8%A7%D8%B1%D8%A7%D8%AA-%D8%A5%D8%B3%D8%B1%D8%A7%D8%A6%D9%8A%D9%84%D9%8A%D8%A9-%D8%B9%D9%84%D9%89-%D8%B2%D9%88%D8%B7%D8%B1-%D8%A7%D9%84%D8%B4%D8%B1%D9%82%D9%8A%D8%A9-%D9%88%D8%A7%D9%84%D8%BA%D8%B1%D8%A8%D9%8A%D8%A9-%D8%AA%D8%B3%D9%82%D8%B7-%D8%B4%D9%87%D9%8A%D8%AF%D9%8A%D9%86-%D9%88%D8%AA%D8%AF%D9%85%D9%91%D8%B1-%D9%85%D9%86%D8%B2%D9%84%D9%8B%D8%A7-2,422956,0,0,fifth distinct Zawtar al-Sharqiya incident this study period - different date; article also mentions a second strike on open land and a Zawtar al-Gharbiya strike w/ no deaths
INC-0203,2026-03-28,Al-Awainat (between Rmeish and Debel),العوينات بين رميش ودبل,Bint Jbeil,Nabatieh,2,0,direct gunfire,civilian car (father + son),2026-03-28T11:05:00.000+02:00,2026-03-28T11:05:00.000+02:00,1,https://www.nna-leb.gov.lb/ar/news/423133/%D8%A7%D8%B3%D8%AA%D8%B4%D9%87%D8%A7%D8%AF-%D8%A7%D8%AB%D9%86%D9%8A%D9%86-%D8%A8%D8%B1%D8%B5%D8%A7%D8%B5-%D9%81%D9%8A-%D8%AF%D8%A8%D9%84-%D9%88%D8%BA%D8%A7%D8%B1%D8%A7%D8%AA-%D8%B9%D9%84%D9%89-%D9%8A%D8%A7%D8%B7%D8%B1-%D9%88%D8%A8%D9%8A%D8%AA-%D9%8A%D8%A7%D8%AD%D9%88%D9%86-%D9%88%D8%B5%D8%A7%D8%B1%D9%88%D8%AE-%D9%84%D9%85-%D9%8A%D9%86%D9%81%D8%AC%D8%B1-%D8%B9%D9%84%D9%89-%D9%85%D8%B9%D8%B1%D9%83%D8%A9-2,423133,1,0,"district uncertain (Rmeish/Debel border area), verify; distinct attack_type - small-arms fire, not airstrike/artillery/drone; article also mentions Yatar/Beit Yahoun strikes and an unexploded rocket on Maaraka w/ no deaths"
INC-0204,2026-03-28,Kfartebnit (Kawthar school road),طريق مدرسة الكوثر - كفرتبنيت,Nabatieh,Nabatieh,1,0,drone strike,unspecified,2026-03-28T14:24:54.000+02:00,2026-03-28T14:24:54.000+02:00,1,https://www.nna-leb.gov.lb/ar/news/423197/%D8%BA%D8%A7%D8%B1%D8%AA%D8%A7%D9%86-%D8%B9%D9%84%D9%89-%D9%85%D9%8A%D9%81%D8%AF%D9%88%D9%86-%D9%88%D9%83%D9%81%D8%B1%D8%AA%D8%A8%D9%86%D9%8A%D8%AA-%D9%88%D8%B3%D9%82%D9%88%D8%B7-%D8%B4%D9%87%D9%8A%D8%AF-2,423197,1,0,article also mentions a separate Meifadoun strike w/ no deaths given
INC-0205,2026-03-28,Zawtar al-Sharqiya road,طريق زوطر الشرقية,Nabatieh,Nabatieh,,,drone strike,"medics, Islamic Resalah Scouts (explicit)",2026-03-28T07:20:31.000+02:00,2026-03-28T07:20:31.000+02:00,1,https://www.nna-leb.gov.lb/ar/news/423095/%D8%B3%D9%82%D9%88%D8%B7-%D8%B4%D9%87%D8%AF%D8%A7%D8%A1-%D9%85%D9%86-%D9%85%D8%B3%D8%B9%D9%81%D9%8A-%D9%83%D8%B4%D8%A7%D9%81%D8%A9-%D8%A7%D9%84%D8%B1%D8%B3%D8%A7%D9%84%D8%A9-%D8%A8%D8%BA%D8%A7%D8%B1%D8%A9-%D8%B9%D9%84%D9%89-%D8%B7%D8%B1%D9%8A%D9%82-%D8%B2%D9%88%D8%B7%D8%B1-%D8%A7%D9%84%D8%B4%D8%B1%D9%82%D9%8A%D8%A9-2,423095,0,1,"plural 'martyrs', no number given"
INC-0206,2026-03-28,الحنية (Al-Haniyeh),الحنية,Tyre,South Lebanon,7,9,airstrike,unspecified,2026-03-28T06:22:21.000+02:00,2026-03-28T18:57:16.000+02:00,4,https://www.nna-leb.gov.lb/ar/news/423088/%D8%BA%D8%A7%D8%B1%D8%AA%D8%A7%D9%86-%D8%B9%D9%84%D9%89-%D8%AA%D9%88%D9%84%D9%8A%D9%86-%D9%88%D8%A7%D9%84%D8%AD%D9%86%D9%8A%D8%A9-%D9%88%D9%88%D9%82%D9%88%D8%B9-%D8%A5%D8%B5%D8%A7%D8%A8%D8%A7%D8%AA-%D9%88%D9%82%D8%B5%D9%81-%D9%84%D8%A3%D8%B7%D8%B1%D8%A7%D9%81-%D8%A8%D9%84%D8%AF%D8%A9-%D8%A7%D9%84%D8%A8%D8%B3%D8%AA%D8%A7%D9%86-2;https://www.nna-leb.gov.lb/ar/news/423103/%D8%A7%D8%B3%D8%AA%D9%87%D8%AF%D8%A7%D9%81-%D8%A8%D9%8A%D8%AA-%D8%A7%D9%84%D8%B3%D9%8A%D8%A7%D8%AF-%D9%88%D8%A7%D9%84%D9%85%D9%86%D8%B5%D9%88%D8%B1%D9%8A-%D9%88%D8%A7%D9%84%D9%82%D9%84%D9%8A%D9%84%D8%A9-%D9%88%D8%B4%D9%87%D8%AF%D8%A7%D8%A1-%D9%88%D8%AC%D8%B1%D8%AD%D9%89-%D9%81%D9%8A-%D8%BA%D8%A7%D8%B1%D8%A9-%D8%A7%D9%84%D8%AD%D9%86%D9%8A%D8%A9-2;https://www.nna-leb.gov.lb/ar/news/423112/%D8%A7%D9%86%D8%AA%D8%B4%D8%A7%D9%84-%D8%AC%D8%AB%D8%AB-5-%D8%B4%D9%87%D8%AF%D8%A7%D8%A1-%D8%B3%D9%88%D8%B1%D9%8A%D9%8A%D9%86-%D9%88%D8%A5%D8%B3%D8%B9%D8%A7%D9%81-8-%D9%85%D8%B5%D8%A7%D8%A8%D9%8A%D9%86-%D9%81%D9%8A-%D8%BA%D8%A7%D8%B1%D8%A9-%D8%A7%D9%84%D8%AD%D9%86%D9%8A%D8%A9-2;https://www.nna-leb.gov.lb/ar/news/423276/%D8%A7%D9%84%D8%BA%D8%A7%D8%B1%D8%A9-%D8%B9%D9%84%D9%89-%D8%A7%D9%84%D8%AD%D9%86%D9%8A%D8%A9---%D8%B5%D9%88%D8%B1-%D8%A7%D8%B3%D8%AA%D8%B4%D9%87%D8%A7%D8%AF-7-%D8%A7%D8%B4%D8%AE%D8%A7%D8%B5-2,423088;423103;423112;423276,0,1,"'between dead and wounded', all Syrian nationals, no number given; chain continues in 423103/423112/423276 (final: 7) | continuation of the 423088 chain, still no firm number here; article also covers Beit Siyad/Al-Mansouri strikes and Qlaile artillery w/ no deaths given here | quantifies the 423088/423103 chain (5 Syrian bodies recovered); further updated to 7 in 423276 (final); article also mentions Ain Qana cemetery-area drone strike and Kfarsir/Arnoun strikes w/ no deaths given here | FINAL MoPH toll for the 423088/423103/423112 chain (6 Syrian incl. 1 child + 1 Lebanese)"
INC-0207,2026-03-28,العيشية (Al-Eishiyeh),العيشية,Jezzine,South Lebanon,2,0,drone strike,unspecified,2026-03-28T16:29:00.000+02:00,2026-03-28T16:29:00.000+02:00,1,https://www.nna-leb.gov.lb/ar/news/423240/3-%D8%B4%D9%87%D8%AF%D8%A7%D8%A1-%D9%88%D8%AC%D8%B1%D9%8A%D8%AD-%D9%81%D9%8A-%D8%BA%D8%A7%D8%B1%D8%AA%D9%8A%D9%86-%D8%B9%D9%84%D9%89-%D9%85%D8%B9%D8%B1%D9%83%D8%A9-%D9%88%D8%A7%D9%84%D8%B9%D9%8A%D8%B4%D9%8A%D8%A9-%D9%88%D9%82%D8%B5%D9%81-%D9%84%D8%A8%D9%84%D8%AF%D8%AA%D9%8A-%D8%A7%D9%84%D9%87%D8%A8%D8%A7%D8%B1%D9%8A%D8%A9-%D9%88-%D8%A7%D9%84%D9%81%D8%B1%D8%AF%D9%8A%D8%B3-2,423240b,0,0,same source article as 423240; split into own row (different town)
INC-0208,2026-03-28,جويا (Joya),جويا,Tyre,South Lebanon,1,0,airstrike,unspecified,2026-03-28T18:26:08.000+02:00,2026-03-28T18:26:08.000+02:00,1,https://www.nna-leb.gov.lb/ar/news/423270/%D8%A7%D8%B3%D8%AA%D8%B4%D9%87%D8%A7%D8%AF-%D8%A7%D9%85%D8%B1%D8%A3%D8%A9-%D9%81%D9%8A-%D8%A7%D9%84%D8%BA%D8%A7%D8%B1%D8%A9-%D8%B9%D9%84%D9%89-%D8%AC%D9%88%D9%8A%D8%A7-2,423270,0,0,"a further, distinct Joya incident this study period - different date from prior Joya strikes"
INC-0209,2026-03-28,حداثا (Hidatha),حداثا,Tyre,South Lebanon,1,0,drone strike,motorcycle,2026-03-28T07:05:33.000+02:00,2026-03-28T07:05:33.000+02:00,1,https://www.nna-leb.gov.lb/ar/news/423093/%D8%A7%D8%B3%D8%AA%D9%87%D8%AF%D8%A7%D9%81-%D8%B4%D9%85%D8%B9-%D9%88%D9%8A%D8%A7%D8%B7%D8%B1-%D9%88%D8%B7%D9%8A%D8%B1-%D8%AD%D8%B1%D9%81%D8%A7-%D9%88%D8%B4%D9%82%D8%B1%D8%A7-%D9%88%D8%A7%D9%84%D9%82%D8%B7%D8%A7%D8%B9-%D8%A7%D9%84%D8%BA%D8%B1%D8%A8%D9%8A-%D9%88%D8%B3%D9%82%D9%88%D8%B7-%D8%B4%D9%87%D9%8A%D8%AF-%D9%81%D9%8A-%D8%BA%D8%A7%D8%B1%D8%A9-%D8%AD%D8%AF%D8%A7%D8%AB%D8%A7-2,423093,0,0,article also covers Shamaa/Yatar/Tair Harfa/Shaqra strikes and western-sector artillery w/ no deaths given here
INC-0210,2026-03-28,دير الزهراني (Deir al-Zahrani),دير الزهراني,Zahrani,South Lebanon,7,8,airstrike,unspecified,2026-03-28T07:31:55.000+02:00,2026-03-28T21:13:39.000+02:00,3,https://www.nna-leb.gov.lb/ar/news/423099/%D8%B4%D9%87%D8%AF%D8%A7%D8%A1-%D9%81%D9%8A-%D8%BA%D8%A7%D8%B1%D8%A9-%D8%AF%D9%8A%D8%B1-%D8%A7%D9%84%D8%B2%D9%87%D8%B1%D8%A7%D9%86%D9%8A-2;https://www.nna-leb.gov.lb/ar/news/423199/%D9%82%D9%8A%D8%A7%D8%AF%D8%A9-%D8%A7%D9%84%D8%AC%D9%8A%D8%B4-%D9%86%D8%B9%D8%AA-%D8%A7%D9%84%D8%B9%D8%B1%D9%8A%D9%81-%D8%A7%D9%84%D8%B4%D9%87%D9%8A%D8%AF-%D9%85%D8%AD%D9%85%D8%AF-%D9%85%D9%81%D9%8A%D8%AF-%D8%B7%D9%81%D9%8A%D9%84%D9%8A-2;https://www.nna-leb.gov.lb/ar/news/423304/%D8%A7%D9%84%D8%BA%D8%A7%D8%B1%D8%A9-%D8%B9%D9%84%D9%89-%D8%AF%D9%8A%D8%B1-%D8%A7%D9%84%D8%B2%D9%87%D8%B1%D8%A7%D9%86%D9%8A-%D8%A7%D8%B3%D8%AA%D8%B4%D9%87%D8%A7%D8%AF-7-%D9%85%D9%88%D8%A7%D8%B7%D9%86%D9%8A%D9%86-%D9%88%D8%A5%D8%B5%D8%A7%D8%A8%D8%A9-%D8%AB%D9%85%D8%A7%D9%86%D9%8A%D8%A9-%D8%A8%D8%AC%D8%B1%D9%88%D8%AD-2,423099;423199;423304,0,1,"plural 'martyrs', no number given; at least one identified by name in 423199 (soldier) | Army eulogy naming Cpl. Mohammad Mufid Tfeili - the only quantified data point for 423099's otherwise vague 'martyrs' report, treated as contributing new information rather than pure commemoration | MoPH final toll, quantifies the vague 423099 report; matches the soldier named in 423199"
INC-0211,2026-03-28,طريق جزين (Jezzine road),طريق جزين,Jezzine,South Lebanon,4,0,strike on vehicle,press/media vehicle (Al-Manar team),2026-03-28T10:30:00.000+02:00,2026-03-28T11:45:00.000+02:00,2,https://www.nna-leb.gov.lb/ar/news/423127/%D8%B4%D9%87%D8%AF%D8%A7%D8%A1-%D8%A8%D9%8A%D9%86%D9%87%D9%85-%D8%A7%D9%85%D8%B1%D8%A3%D8%A9-%D9%81%D9%8A-%D8%BA%D8%A7%D8%B1%D8%A9-%D8%AC%D8%B2%D9%8A%D9%86-%D9%88%D8%A7%D8%B3%D8%AA%D9%87%D8%AF%D8%A7%D9%81-%D9%84%D8%AA%D9%88%D9%84%D9%8A%D9%86-%D9%88%D9%81%D8%B1%D9%88%D9%86-2;https://www.nna-leb.gov.lb/ar/news/423138/%D8%A7%D8%B3%D8%AA%D8%B4%D9%87%D8%A7%D8%AF-%D8%A7%D9%84%D8%A5%D8%B9%D9%84%D8%A7%D9%85%D9%8A%D9%8A%D9%86-%D8%B9%D9%84%D9%8A-%D8%B4%D8%B9%D9%8A%D8%A8-%D9%88%D9%81%D8%A7%D8%B7%D9%85%D8%A9-%D9%81%D8%AA%D9%88%D9%86%D9%8A-%D9%81%D9%8A-%D8%BA%D8%A7%D8%B1%D8%A9-%D8%AC%D8%B2%D9%8A%D9%86-2,423127;423138,0,1,"plural 'martyrs', no number given - likely the same strike detailed in 423138 (journalists killed, one of whom is a woman) - flag as probable duplicate, use 423138's fuller figure (4) | named: journalists Ali Shoeib (Al-Manar) and Fatima Fatouni (Al-Mayadeen) + 2 others; likely same incident as 423127 - do not double count, this is the fuller/more specific report"
INC-0212,2026-03-28,كفرتبنيت (Kfartebnit),كفرتبنيت,Nabatieh,Nabatieh,1,4,strike on responder team,"civil defense/health ambulance (medic, explicit)",2026-03-28T06:34:00.000+02:00,2026-03-28T06:34:00.000+02:00,1,https://www.nna-leb.gov.lb/ar/news/423091/%D8%B7%D9%88%D8%A7%D8%B1%D8%A6-%D8%A7%D9%84%D8%B5%D8%AD%D8%A9-%D8%A7%D8%B3%D8%AA%D8%B4%D9%87%D8%A7%D8%AF-%D9%85%D8%B3%D8%B9%D9%81-%D9%88%D8%A5%D8%B5%D8%A7%D8%A8%D8%A9-4-%D8%A8%D8%AC%D8%B1%D9%88%D8%AD-%D8%BA%D8%A7%D8%B1%D8%A9-%D9%81%D9%8A-%D9%83%D9%81%D8%B1%D8%AA%D8%A8%D9%86%D9%8A%D8%AA-2,423091,0,0,"no retrospective-language marker in this article's own text, kept at its publish date (Mar 28); 423086 (previously treated as the same incident) has been re-dated to Mar 27 per validation audit - these are now standalone incidents, possibly the same underlying event reported a day apart by different sources, flag for user review"
INC-0213,2026-03-28,معركة (Maaraka),معركة,Tyre,South Lebanon,1,1,airstrike,unspecified,2026-03-28T16:29:00.000+02:00,2026-03-28T16:29:00.000+02:00,1,https://www.nna-leb.gov.lb/ar/news/423240/3-%D8%B4%D9%87%D8%AF%D8%A7%D8%A1-%D9%88%D8%AC%D8%B1%D9%8A%D8%AD-%D9%81%D9%8A-%D8%BA%D8%A7%D8%B1%D8%AA%D9%8A%D9%86-%D8%B9%D9%84%D9%89-%D9%85%D8%B9%D8%B1%D9%83%D8%A9-%D9%88%D8%A7%D9%84%D8%B9%D9%8A%D8%B4%D9%8A%D8%A9-%D9%88%D9%82%D8%B5%D9%81-%D9%84%D8%A8%D9%84%D8%AF%D8%AA%D9%8A-%D8%A7%D9%84%D9%87%D8%A8%D8%A7%D8%B1%D9%8A%D8%A9-%D9%88-%D8%A7%D9%84%D9%81%D8%B1%D8%AF%D9%8A%D8%B3-2,423240,0,0,article also covers Habbariyeh/Ferdaws artillery and a Khiam strike w/ no deaths given here
INC-0214,2026-03-29,بنت جبيل (Bint Jbeil - hospital area),مستشفى بنت جبيل - محيط,Bint Jbeil,Nabatieh,2,0,strike on responder post,"2 medics, Islamic Health Authority (explicit)",2026-03-29T06:45:00.000+02:00,2026-03-29T07:09:00.000+02:00,2,https://www.nna-leb.gov.lb/ar/news/423331/%D8%BA%D8%A7%D8%B1%D8%AA%D8%A7%D9%86-%D8%B9%D9%84%D9%89-%D9%85%D8%B1%D9%83%D8%B2-%D9%84%D9%84%D9%87%D9%8A%D8%A6%D8%A9-%D8%A7%D9%84%D8%B5%D8%AD%D9%8A%D8%A9-%D8%A8%D8%A7%D9%84%D9%82%D8%B1%D8%A8-%D9%85%D9%86-%D9%85%D8%B3%D8%AA%D8%B4%D9%81%D9%89-%D8%A8%D9%86%D8%AA-%D8%AC%D8%A8%D9%8A%D9%84-%D9%88%D8%B3%D9%82%D9%88%D8%B7-%D8%B4%D9%87%D8%AF%D8%A7%D8%A1-%D9%88%D8%AC%D8%B1%D8%AD%D9%89-2;https://www.nna-leb.gov.lb/ar/news/423333/%D8%A7%D8%B3%D8%AA%D8%B4%D9%87%D8%A7%D8%AF-%D9%85%D8%B3%D8%B9%D9%81%D9%8A%D9%86-%D9%81%D9%8A-%D8%A7%D9%84%D8%BA%D8%A7%D8%B1%D8%A9-%D8%B9%D9%84%D9%89-%D9%85%D8%B1%D9%83%D8%B2-%D8%A7%D9%84%D9%87%D9%8A%D8%A6%D8%A9-%D8%A7%D9%84%D8%B5%D8%AD%D8%A9-%D9%81%D9%8A-%D9%85%D8%AD%D9%8A%D8%B7-%D9%85%D8%B3%D8%AA%D8%B4%D9%81%D9%89-%D8%A8%D9%86%D8%AA-%D8%AC%D8%A8%D9%8A%D9%84-2,423331;423333,0,1,vague count ('info about deaths and injuries'); quantified in 423333 (2 medics); article also mentions a Deir Kifa health-center strike w/ no injuries | update/quantification of 423331
INC-0215,2026-03-29,بنت جبيل (Bint Jbeil city),بنت جبيل (مدينة),Bint Jbeil,Nabatieh,1,0,strike on ambulance,medic (explicit),2026-03-29T12:51:46.000+02:00,2026-03-29T12:51:46.000+02:00,1,https://www.nna-leb.gov.lb/ar/news/423422/%D9%88%D8%B2%D8%A7%D8%B1%D8%A9-%D8%A7%D9%84%D8%B5%D8%AD%D8%A9-%D8%AC%D8%B1%D9%8A%D9%85%D8%A9-%D9%85%D8%B2%D8%AF%D9%88%D8%AC%D8%A9-%D8%B6%D8%AF-%D8%A7%D9%84%D9%82%D8%B7%D8%A7%D8%B9-%D8%A7%D9%84%D8%B5%D8%AD%D9%8A-%D9%81%D9%8A-%D8%A8%D9%86%D8%AA-%D8%AC%D8%A8%D9%8A%D9%84-%D8%A7%D9%84%D9%8A%D9%88%D9%85-2,423422,0,0,"MoPH statement, possibly overlapping with the 423331/423333 Bint Jbeil hospital-area health-center strike (same day) - flag heavily for merge review re: whether additive to that 2-medic total or a distinct third"
INC-0216,2026-03-29,جويا (Joya),جويا,Tyre,South Lebanon,2,3,airstrike,unspecified,2026-03-29T05:12:00.000+02:00,2026-03-29T05:12:00.000+02:00,1,https://www.nna-leb.gov.lb/ar/news/423318/%D9%82%D8%B5%D9%81-%D9%82%D8%B1%D9%89-%D9%81%D9%8A-%D8%B5%D9%88%D8%B1-%D9%88%D8%B3%D9%82%D9%88%D8%B7-9-%D8%B4%D9%87%D8%AF%D8%A7%D8%A1-%D9%81%D9%8A-%D8%A7%D9%84%D8%BA%D8%A7%D8%B1%D8%AA%D9%8A%D9%86-%D8%A7%D9%84%D9%85%D8%B9%D8%A7%D8%AF%D9%8A%D8%AA%D9%8A%D9%86-%D8%B9%D9%84%D9%89-%D8%A7%D9%84%D8%AD%D9%86%D9%8A%D8%A9-%D9%88%D8%AC%D9%88%D9%8A%D8%A7-2,423318,0,0,article also restates a 7-dead Al-Haniyeh toll that likely duplicates the March 28 final toll (423276) rather than being a new incident - not counted separately; also mentions Deb'aal/Batouliyeh/Deir Qanoun Ras al-Ain/Bayyada/Bint Jbeil activity w/ no new deaths given here
INC-0217,2026-03-29,شقرا (Shaqra),شقرا,Bint Jbeil,Nabatieh,5,2,airstrike,unspecified,2026-03-29T12:54:44.000+02:00,2026-03-29T20:34:06.000+02:00,2,https://www.nna-leb.gov.lb/ar/news/423421/%D9%82%D8%B5%D9%81-%D9%85%D8%B9%D8%A7%D8%AF-%D9%84%D8%A8%D9%84%D8%AF%D8%AA%D9%8A-%D8%B4%D9%82%D8%B1%D8%A7-%D9%88%D8%B7%D9%8A%D8%B1%D8%AD%D8%B1%D9%81%D8%A7-2;https://www.nna-leb.gov.lb/ar/news/423494/%D9%88%D8%B2%D8%A7%D8%B1%D8%A9-%D8%A7%D9%84%D8%B5%D8%AD%D8%A9-5-%D8%B4%D9%87%D8%AF%D8%A7%D8%A1-%D9%81%D9%8A-%D8%A7%D9%84%D8%BA%D8%A7%D8%B1%D8%A9-%D8%B9%D9%84%D9%89-%D8%B4%D9%82%D8%B1%D8%A7-2,423421;423494,0,0,during ongoing artillery shelling of the area; update in 423494 (5); article also mentions Tair Harfa shelling w/ no deaths | MoPH update to 423421 (4->5)
INC-0218,2026-03-29,عبا (Aaba),عبا,Nabatieh,Nabatieh,2,0,airstrike,residence,2026-03-29T07:20:13.000+02:00,2026-03-29T07:20:13.000+02:00,1,https://www.nna-leb.gov.lb/ar/news/423335/%D8%A7%D8%B3%D8%AA%D8%B4%D9%87%D8%A7%D8%AF-%D8%B4%D8%AE%D8%B5%D9%8A%D9%86-%D9%81%D9%8A-%D8%A7%D9%84%D8%BA%D8%A7%D8%B1%D8%A9-%D8%B9%D9%84%D9%89-%D8%A8%D9%84%D8%AF%D8%A9-%D8%B9%D8%A8%D8%A7-%D9%88%D8%AF%D9%85%D8%A7%D8%B1-%D9%83%D8%A8%D9%8A%D8%B1-%D9%81%D9%8A-%D8%B3%D9%86%D8%AA%D8%B1-%D8%AA%D8%AC%D8%A7%D8%B1%D9%8A-%D9%81%D9%8A-%D8%A7%D9%84%D9%86%D8%A8%D8%B7%D9%8A%D8%A9-2,423335,0,0,"distinct date from other Aaba incidents this study period; article also references damage to a Nabatieh city commercial center from a prior night's strike, no deaths given"
INC-0219,2026-03-30,Al-Aamriyeh checkpoint (Qlaile-Tyre road),حاجز العامرية - طريق القليلة - صور,Tyre,South Lebanon,1,5,direct attack on military checkpoint,soldier + officer among injured (explicit),2026-03-30T09:39:45.000+02:00,2026-03-30T15:44:00.000+02:00,2,https://www.nna-leb.gov.lb/ar/news/423579/%D9%82%D9%8A%D8%A7%D8%AF%D8%A9-%D8%A7%D9%84%D8%AC%D9%8A%D8%B4-%D8%A7%D8%B3%D8%AA%D8%B4%D9%87%D8%A7%D8%AF-%D8%AC%D9%86%D8%AF%D9%8A-%D9%88%D8%A5%D8%B5%D8%A7%D8%A8%D8%A9-%D8%A2%D8%AE%D8%B1%D9%8A%D9%86-%D8%A8%D8%A7%D8%B9%D8%AA%D8%AF%D8%A7%D8%A1-%D8%A5%D8%B3%D8%B1%D8%A7%D8%A6%D9%8A%D9%84%D9%8A-%D9%84%D8%AD%D8%A7%D8%AC%D8%B2-%D8%A7%D9%84%D8%AC%D9%8A%D8%B4-%D9%81%D9%8A-%D8%A7%D9%84%D8%B9%D8%A7%D9%85%D8%B1%D9%8A%D8%A9-2;https://www.nna-leb.gov.lb/ar/news/423672/%D8%A7%D9%84%D8%AC%D9%8A%D8%B4-%D8%B4%D9%87%D9%8A%D8%AF-%D9%885-%D8%AC%D8%B1%D8%AD%D9%89-%D9%85%D9%86-%D8%A8%D9%8A%D9%86%D9%87%D9%85-%D8%B6%D8%A7%D8%A8%D8%B7-%D9%81%D9%8A-%D8%A7%D8%B9%D8%AA%D8%AF%D8%A7%D8%A1-%D8%A5%D8%B3%D8%B1%D8%A7%D8%A6%D9%8A%D9%84%D9%8A-%D9%85%D8%A8%D8%A7%D8%B4%D8%B1-%D8%B9%D9%84%D9%89-%D8%AD%D8%A7%D8%AC%D8%B2-%D9%84%D9%84%D8%AC%D9%8A%D8%B4-%D9%81%D9%8A-%D8%A7%D9%84%D8%B9%D8%A7%D9%85%D8%B1%D9%8A%D8%A9-2,423579;423672,0,0,"Army statement; detail/update in 423672 (same incident, 1 dead + 5 injured incl. an officer) | Army statement, update/detail to 423579 - do not double count"
INC-0220,2026-03-30,"الرحاب (Al-Rihab, Beirut southern suburb)",الرحاب - الضاحية الجنوبية,Baabda,Mount Lebanon,1,17,airstrike,unspecified,2026-03-30T13:01:00.000+02:00,2026-03-30T13:01:00.000+02:00,1,https://www.nna-leb.gov.lb/ar/news/423630/%D9%85%D8%B1%D9%83%D8%B2-%D8%B9%D9%85%D9%84%D9%8A%D8%A7%D8%AA-%D8%B7%D9%88%D8%A7%D8%B1%D8%A6-%D8%A7%D9%84%D8%B5%D8%AD%D8%A9-%D8%A7%D8%B3%D8%AA%D8%B4%D9%87%D8%A7%D8%AF-%D9%85%D9%88%D8%A7%D8%B7%D9%86-%D9%88%D8%A5%D8%B5%D8%A7%D8%A8%D8%A9-17-%D8%A2%D8%AE%D8%B1%D9%8A%D9%86-%D8%A8%D8%AC%D8%B1%D9%88%D8%AD-%D9%81%D9%8A-%D8%BA%D8%A7%D8%B1%D8%A9-%D8%A7%D9%84%D8%B9%D8%AF%D9%88-%D8%B9%D9%84%D9%89-%D9%85%D9%86%D8%B7%D9%82%D8%A9-%D8%A7%D9%84%D8%B1%D8%AD%D8%A7%D8%A8-2,423630,0,0,
INC-0221,2026-03-30,الشهابية (Al-Shihabiyeh),الشهابية,Tyre,South Lebanon,4,,airstrike,residence,2026-03-30T16:20:36.000+02:00,2026-03-30T16:20:36.000+02:00,1,https://www.nna-leb.gov.lb/ar/news/423679/4-%D8%B4%D9%87%D8%AF%D8%A7%D8%A1-%D9%88%D8%AC%D8%B1%D8%AD%D9%89-%D9%81%D9%8A-%D8%BA%D8%A7%D8%B1%D8%A9-%D8%B9%D9%84%D9%89-%D9%85%D9%86%D8%B2%D9%84-%D9%81%D9%8A-%D8%A7%D9%84%D8%B4%D9%87%D8%A7%D8%A8%D9%8A%D8%A9-2,423679,0,0,a further distinct Al-Shihabiyeh incident this study period - different date
INC-0222,2026-03-30,برعشيت (Bar'ashit),برعشيت,Bint Jbeil,Nabatieh,1,1,airstrike,unspecified,2026-03-30T07:44:00.000+02:00,2026-03-30T07:44:00.000+02:00,1,https://www.nna-leb.gov.lb/ar/news/423544/%D8%B4%D9%87%D9%8A%D8%AF-%D9%88%D8%AC%D8%B1%D9%8A%D8%AD-%D9%81%D9%8A-%D8%BA%D8%A7%D8%B1%D8%A9-%D8%B9%D9%84%D9%89-%D8%A8%D8%B1%D8%B9%D8%B4%D9%8A%D8%AA-2,423544,0,0,
INC-0223,2026-03-30,بنت جبيل (Bint Jbeil city - market),بنت جبيل (مدينة) - السوق التجاري,Bint Jbeil,Nabatieh,4,0,airstrike,commercial market,2026-03-30T14:31:00.000+02:00,2026-03-30T14:31:00.000+02:00,1,https://www.nna-leb.gov.lb/ar/news/423651/%D8%A7%D8%B3%D8%AA%D8%B4%D9%87%D8%A7%D8%AF-4-%D9%85%D9%88%D8%A7%D8%B7%D9%86%D9%8A%D9%86-%D8%AC%D8%B1%D8%A7%D8%A1-%D8%A7%D9%84%D8%BA%D8%A7%D8%B1%D8%A9-%D8%B9%D9%84%D9%89-%D9%85%D8%AF%D9%8A%D9%86%D8%A9-%D8%A8%D9%86%D8%AA-%D8%AC%D8%A8%D9%8A%D9%84-2,423651,0,0,a further distinct Bint Jbeil city strike this study period - different date
INC-0224,2026-03-30,حناويه (Hanawiyeh),حناويه,Tyre,South Lebanon,,,airstrike,unspecified,2026-03-30T07:50:00.000+02:00,2026-03-30T07:50:00.000+02:00,1,https://www.nna-leb.gov.lb/ar/news/423546/%D8%B4%D9%87%D8%AF%D8%A7%D8%A1-%D9%81%D9%8A-%D8%BA%D8%A7%D8%B1%D8%A7%D8%AA-%D8%A5%D8%B3%D8%B1%D8%A7%D8%A6%D9%8A%D9%84%D9%8A%D8%A9-%D9%85%D8%AA%D8%AC%D8%AF%D8%AF%D8%A9-%D8%B9%D9%84%D9%89-%D8%AD%D9%86%D8%A7%D9%88%D9%8A%D9%87-2,423546,0,1,"'a number of martyrs', no figure given; distinct date from the March 10 Hanawiyeh double-tap strike (419097, batch 4)"
INC-0225,2026-03-31,Ain al-Mazraab road (Tibnine),طريق عين المزراب - تبنين,Bint Jbeil,Nabatieh,1,0,drone strike,vehicle,2026-03-31T17:53:00.000+02:00,2026-03-31T17:53:00.000+02:00,1,https://www.nna-leb.gov.lb/ar/news/423940/%D8%B4%D9%87%D9%8A%D8%AF-%D9%81%D9%8A-%D8%A7%D8%B3%D8%AA%D9%87%D8%AF%D8%A7%D9%81-%D8%B3%D9%8A%D8%A7%D8%B1%D8%A9-%D8%B9%D9%84%D9%89-%D8%B7%D8%B1%D9%8A%D9%82-%D9%85%D8%AD%D9%84%D8%A9-%D8%B9%D9%8A%D9%86-%D8%A7%D9%84%D9%85%D8%B2%D8%B1%D8%A7%D8%A8-%D9%81%D9%8A-%D8%AA%D8%A8%D9%86%D9%8A%D9%86-%D9%88%D8%BA%D8%A7%D8%B1%D8%A7%D8%AA-%D8%B9%D9%84%D9%89-%D8%AD%D8%A7%D8%B1%D9%88%D9%81-%D9%88%D8%A8%D8%B1%D8%B9%D8%B4%D9%8A%D8%AA-2,423940,1,0,article also mentions Haroof/Bar'ashit strikes w/ no deaths given here
INC-0226,2026-03-31,القاسمية (Qasimiyeh),القاسمية,Tyre,South Lebanon,2,3,drone strike,car (Rapid),2026-03-31T08:37:00.000+02:00,2026-03-31T09:05:04.000+02:00,2,https://www.nna-leb.gov.lb/ar/news/423788/4-%D8%B4%D9%87%D8%AF%D8%A7%D8%A1-%D9%81%D9%8A-%D8%BA%D8%A7%D8%B1%D8%AA%D9%8A%D9%86-%D8%B9%D9%84%D9%89-%D8%AF%D9%8A%D8%B1-%D9%83%D9%8A%D9%81%D8%A7-%D9%88%D8%A7%D9%84%D9%82%D8%A7%D8%B3%D9%85%D9%8A%D8%A9-2;https://www.nna-leb.gov.lb/ar/news/423796/%D8%B4%D9%87%D9%8A%D8%AF%D8%A7%D9%86-%D9%883-%D8%AC%D8%B1%D8%AD%D9%89-%D9%81%D9%8A-%D8%BA%D8%A7%D8%B1%D8%A9-%D8%B9%D9%84%D9%89-%D8%A7%D9%84%D9%82%D8%A7%D8%B3%D9%85%D9%8A%D8%A9-%D9%88%D8%BA%D8%A7%D8%B1%D8%A9-%D8%A5%D8%B3%D8%B1%D8%A7%D8%A6%D9%8A%D9%84%D9%8A%D8%A9-%D8%AA%D8%B3%D8%AA%D9%87%D8%AF%D9%81-%D8%A7%D9%84%D9%82%D9%86%D8%B7%D8%B1%D8%A9-2,423788;423796,0,0,update/confirmation in 423796 (2/3 injured) | MoPH confirmation of 423788 - do not double count; article also mentions a Qantara strike w/ no deaths given here
INC-0227,2026-03-31,النجارية (Najariyeh),النجارية,Sidon,South Lebanon,4,,airstrike,residence,2026-03-31T19:19:23.000+02:00,2026-03-31T20:20:01.000+02:00,2,https://www.nna-leb.gov.lb/ar/news/423948/%D8%A3%D9%83%D8%AB%D8%B1-%D9%85%D9%86-5-%D8%B4%D9%87%D8%AF%D8%A7%D8%A1-%D9%81%D9%8A-%D8%A7%D9%84%D8%BA%D8%A7%D8%B1%D8%A9-%D8%B9%D9%84%D9%89-%D8%A7%D9%84%D9%86%D8%AC%D8%A7%D8%B1%D9%8A%D8%A9-%D9%88%D9%81%D9%82-%D8%A7%D9%84%D9%85%D8%B9%D9%84%D9%88%D9%85%D8%A7%D8%AA-%D8%A7%D9%84%D8%A3%D9%88%D9%84%D9%8A%D8%A9-2;https://www.nna-leb.gov.lb/ar/news/423955/%D8%AD%D8%B5%D9%8A%D9%84%D8%A9-%D8%A3%D9%88%D9%84%D9%8A%D8%A9-%D9%84%D9%84%D8%BA%D8%A7%D8%B1%D8%A9-%D8%B9%D9%84%D9%89-%D8%A7%D9%84%D9%86%D8%AC%D8%A7%D8%B1%D9%8A%D8%A9-4-%D8%B4%D9%87%D8%AF%D8%A7%D8%A1-%D8%A8%D9%8A%D9%86%D9%87%D9%85-%D8%B3%D9%8A%D8%AF%D8%AA%D8%A7%D9%86-2,423948;423955,0,1,"'more than 5' per initial info; MoPH update 423955 gives a lower count (4) - flag discrepancy | MoPH figure for 423948 chain, lower than the '5+' initial estimate - flag discrepancy; 2 of 4 dead are women"
INC-0228,2026-03-31,جبشيت (Jbeshit),جبشيت,Nabatieh,Nabatieh,2,0,airstrike,residence,2026-03-31T19:35:21.000+02:00,2026-03-31T19:35:21.000+02:00,1,https://www.nna-leb.gov.lb/ar/news/423950/%D8%A5%D8%B3%D8%AA%D8%B4%D9%87%D8%A7%D8%AF-%D8%B4%D8%A7%D8%A8-%D9%88%D8%B2%D9%88%D8%AC%D8%AA%D9%87-%D9%88%D8%AC%D9%86%D9%8A%D9%86%D9%87%D8%A7-%D9%81%D9%8A-%D8%A7%D9%84%D8%BA%D8%A7%D8%B1%D8%A9-%D8%B9%D9%84%D9%89-%D8%AC%D8%A8%D8%B4%D9%8A%D8%AA-%D9%88%D8%B4%D9%87%D9%8A%D8%AF%D8%A7%D9%86-%D8%A7%D8%AB%D9%86%D8%A7%D9%86-%D9%81%D9%8A-%D8%A7%D9%84%D8%BA%D8%A7%D8%B1%D8%A9-%D8%B9%D9%84%D9%89-%D9%83%D9%81%D8%B1%D8%A7-2,423950,0,0,named: Akram al-Ibrahimi + pregnant wife Alaa Naimi Bahmad
INC-0229,2026-03-31,خلدة (Khaldeh),خلدة,Chouf,Mount Lebanon,2,3,strike on vehicle,car,2026-03-31T21:51:46.000+02:00,2026-03-31T22:19:00.000+02:00,2,https://www.nna-leb.gov.lb/ar/news/423971/%D8%B4%D9%87%D9%8A%D8%AF%D8%A7%D9%86-%D9%81%D9%8A-%D8%A7%D9%84%D8%A7%D8%B3%D8%AA%D9%87%D8%AF%D8%A7%D9%81-%D8%A7%D9%84%D8%A7%D8%B3%D8%B1%D8%A7%D8%A6%D9%8A%D9%84%D9%8A-%D9%84%D8%B3%D9%8A%D8%A7%D8%B1%D8%A9-%D8%B9%D9%84%D9%89-%D8%A7%D9%88%D8%AA%D9%88%D8%B3%D8%AA%D8%B1%D8%A7%D8%AF-%D8%AE%D9%84%D8%AF%D8%A9-2;https://www.nna-leb.gov.lb/ar/news/423973/%D8%A7%D9%84%D8%B5%D8%AD%D8%A9-%D8%B4%D9%87%D9%8A%D8%AF%D8%A7%D9%86-%D9%88%D8%AB%D9%84%D8%A7%D8%AB%D8%A9-%D8%AC%D8%B1%D8%AD%D9%89-%D9%81%D9%8A-%D8%A7%D9%84%D8%BA%D8%A7%D8%B1%D8%A9-%D8%B9%D9%84%D9%89-%D8%AE%D9%84%D8%AF%D8%A9-%D9%88%D9%84%D8%A7-%D8%A5%D8%AE%D9%84%D8%A7%D8%A1-%D9%81%D9%8A-%D8%A7%D9%84%D8%B2%D9%87%D8%B1%D8%A7%D8%A1-2,423971;423973,0,0,"district uncertain, verify; update/confirmation in 423973 | MoPH confirmation of 423971 - do not double count; article separately clarifies (fact-check) that no patient evacuation occurred at Al-Zahraa hospital re: an unrelated Jnah-area rumor - not an incident"
INC-0230,2026-03-31,دير كيفا (Deir Kifa),دير كيفا,Bint Jbeil,Nabatieh,2,0,airstrike,unspecified,2026-03-31T08:37:00.000+02:00,2026-03-31T08:37:00.000+02:00,1,https://www.nna-leb.gov.lb/ar/news/423788/4-%D8%B4%D9%87%D8%AF%D8%A7%D8%A1-%D9%81%D9%8A-%D8%BA%D8%A7%D8%B1%D8%AA%D9%8A%D9%86-%D8%B9%D9%84%D9%89-%D8%AF%D9%8A%D8%B1-%D9%83%D9%8A%D9%81%D8%A7-%D9%88%D8%A7%D9%84%D9%82%D8%A7%D8%B3%D9%85%D9%8A%D8%A9-2,423788b,0,0,same source article as 423788; split into own row (different town) - distinct from 423331's earlier no-injury Deir Kifa health-center strike
INC-0231,2026-03-31,صريفا (Srifa),صريفا,Tyre,South Lebanon,3,19,airstrike,unspecified,2026-03-31T12:28:15.000+02:00,2026-03-31T19:40:00.000+02:00,2,https://www.nna-leb.gov.lb/ar/news/423850/%D8%B4%D9%87%D9%8A%D8%AF%D8%A7%D9%86-%D9%88-%D8%AB%D9%84%D8%A7%D8%AB%D8%A9-%D8%AC%D8%B1%D8%AD%D9%89-%D8%AC%D8%B1%D8%A7%D8%A1-%D8%A7%D9%84%D8%BA%D8%A7%D8%B1%D8%A9-%D8%B9%D9%84%D9%89-%D8%B5%D8%B1%D9%8A%D9%81%D8%A7-2;https://www.nna-leb.gov.lb/ar/news/423952/%D8%BA%D8%A7%D8%B1%D8%A9-%D8%B9%D9%84%D9%89-%D9%85%D9%86%D8%B2%D9%84-%D9%81%D9%8A-%D8%B5%D8%B1%D9%8A%D9%81%D8%A7-2,423850;423952,0,0,third distinct Srifa incident this study period - different date; update in 423952 (3/19 injured) | MoPH update to 423850 (2->3)
INC-0232,2026-03-31,عبا (Aaba),عبا,Nabatieh,Nabatieh,1,0,airstrike,residence,2026-03-31T05:37:52.000+02:00,2026-03-31T05:37:52.000+02:00,1,https://www.nna-leb.gov.lb/ar/news/423746/%D8%B4%D9%87%D9%8A%D8%AF-%D9%81%D9%8A-%D8%B9%D8%A8%D8%A7-%D9%88%D8%BA%D8%A7%D8%B1%D8%A7%D8%AA-%D8%B9%D9%84%D9%89-%D9%82%D8%B1%D9%89-%D9%81%D9%8A-%D8%A7%D9%84%D9%86%D8%A8%D8%B7%D9%8A%D8%A9-2,423746,0,0,named: Shadi Hassan Moallem; distinct date from 423335's Aaba strike; article also mentions Al-Dawir/Samouqa/Deir al-Zahrani strikes w/ no deaths given here
INC-0233,2026-03-31,كفرا (Kfarra - separate responder-point strike),كفرا,Bint Jbeil,Nabatieh,1,2,strike on responder gathering point,"medic, Islamic Resalah Scouts (explicit)",2026-03-31T19:43:00.000+02:00,2026-03-31T19:43:00.000+02:00,1,https://www.nna-leb.gov.lb/ar/news/423953/%D8%A5%D8%B3%D8%AA%D9%87%D8%AF%D8%A7%D9%81-%D9%86%D9%82%D8%B7%D8%A9-%D8%AA%D8%AC%D9%85%D8%B9-%D9%84%D9%83%D8%B4%D8%A7%D9%81%D8%A9-%D8%A7%D9%84%D8%B1%D8%B3%D8%A7%D9%84%D8%A9-%D9%81%D9%8A-%D9%83%D9%81%D8%B1%D8%A7-2,423953,0,0,possibly the same or an overlapping strike as 423950b's 2-dead Kfarra report (same day) - flag heavily for merge review; +11 civilians injured
INC-0234,2026-03-31,كفرا (Kfarra),كفرا,Bint Jbeil,Nabatieh,2,0,airstrike,unspecified,2026-03-31T19:35:21.000+02:00,2026-03-31T19:35:21.000+02:00,1,https://www.nna-leb.gov.lb/ar/news/423950/%D8%A5%D8%B3%D8%AA%D8%B4%D9%87%D8%A7%D8%AF-%D8%B4%D8%A7%D8%A8-%D9%88%D8%B2%D9%88%D8%AC%D8%AA%D9%87-%D9%88%D8%AC%D9%86%D9%8A%D9%86%D9%87%D8%A7-%D9%81%D9%8A-%D8%A7%D9%84%D8%BA%D8%A7%D8%B1%D8%A9-%D8%B9%D9%84%D9%89-%D8%AC%D8%A8%D8%B4%D9%8A%D8%AA-%D9%88%D8%B4%D9%87%D9%8A%D8%AF%D8%A7%D9%86-%D8%A7%D8%AB%D9%86%D8%A7%D9%86-%D9%81%D9%8A-%D8%A7%D9%84%D8%BA%D8%A7%D8%B1%D8%A9-%D8%B9%D9%84%D9%89-%D9%83%D9%81%D8%B1%D8%A7-2,423950b,0,0,"same source article as 423950; split into own row (different town) - possibly overlaps with 423953's Kfarra responder-point strike (same day), flag for merge review"
