incident_id,article_id,article_url,lastmod,deaths_reported,injuries_reported,preliminary_or_final,notes
INC-0001,416998,https://www.nna-leb.gov.lb/ar/news/416998/%D8%B4%D9%87%D9%8A%D8%AF%D8%A7%D9%86-%D9%85%D9%86-%D8%A7%D9%84%D9%87%D9%8A%D8%A6%D8%A9-%D8%A7%D9%84%D8%B5%D8%AD%D9%8A%D8%A9-%D8%A7%D9%84%D8%A5%D8%B3%D9%84%D8%A7%D9%85%D9%8A%D8%A9-%D9%81%D9%8A-%D8%A7%D9%84%D8%BA%D8%A7%D8%B1%D8%A9-%D8%A7%D9%84%D8%AB%D8%A7%D9%86%D9%8A%D8%A9-%D8%B9%D9%84%D9%89-%D8%B5%D8%AF%D9%8A%D9%82%D9%8A%D9%86-2,2026-03-03T11:45:06.000+02:00,2,0,preliminary,district uncertain - verify Siddiqine's caza
INC-0002,417044,https://www.nna-leb.gov.lb/ar/news/417044/%D8%B4%D9%87%D9%8A%D8%AF%D8%A7%D9%86-%D9%88%D8%A7%D8%B5%D8%A7%D8%A8%D8%A9-%D8%B4%D8%AE%D8%B5%D9%8A%D9%86-%D9%81%D9%8A-%D8%A7%D9%84%D8%BA%D8%A7%D8%B1%D8%A9-%D8%B9%D9%84%D9%89-%D8%A7%D9%84%D8%AF%D8%B1%D8%A7%D8%AC%D8%A9-%D8%A7%D9%84%D9%86%D8%A7%D8%B1%D9%8A%D8%A9-%D9%81%D9%8A-%D9%82%D8%A8%D8%B1%D9%8A%D8%AD%D8%A7-2,2026-03-03T14:01:02.000+02:00,2,2,preliminary,
INC-0003,417153,https://www.nna-leb.gov.lb/ar/news/417153/%D8%A7%D8%B3%D8%AA%D9%87%D8%AF%D8%A7%D9%81-%D9%85%D8%AC%D9%85%D8%B9-%D8%B3%D9%83%D9%86%D9%8A-%D9%81%D9%8A-%D9%85%D8%AF%D9%8A%D9%86%D8%A9-%D8%A8%D8%B9%D9%84%D8%A8%D9%83-%D9%81%D8%AC%D8%B1%D9%8B%D8%A7-2,2026-03-04T02:13:00.000+02:00,4,6,preliminary,first report in chain w/ 417170 417196 - toll rises to 5 then 6
INC-0003,417170,https://www.nna-leb.gov.lb/ar/news/417170/%D8%A7%D8%B1%D8%AA%D9%81%D8%A7%D8%B9-%D8%B6%D8%AD%D8%A7%D9%8A%D8%A7-%D8%A7%D9%84%D8%BA%D8%A7%D8%B1%D8%A9-%D8%B9%D9%84%D9%89-%D8%A7%D9%84%D9%85%D8%AC%D9%85%D8%B9-%D8%A7%D9%84%D8%B3%D9%83%D9%86%D9%8A-%D9%81%D9%8A-%D8%A8%D8%B9%D9%84%D8%A8%D9%83-%D8%A5%D9%84%D9%89-5-%D8%B4%D9%87%D8%AF%D8%A7%D8%A1-%D9%8815-%D8%AC%D8%B1%D9%8A%D8%AD%D9%8B%D8%A7-%D9%883-%D9%85%D9%81%D9%82%D9%88%D8%AF%D9%8A%D9%86-2,2026-03-04T04:28:00.000+02:00,5,15,preliminary,update to 417153 chain; 3 missing
INC-0003,417196,https://www.nna-leb.gov.lb/ar/news/417196/%D8%AD%D8%B5%D9%8A%D9%84%D8%A9-%D9%85%D8%AC%D8%B2%D8%B1%D8%A9-%D8%A8%D8%B9%D9%84%D8%A8%D9%83-6-%D8%B4%D9%87%D8%AF%D8%A7%D8%A1-%D9%8815-%D8%AC%D8%B1%D9%8A%D8%AD%D9%8B%D8%A7-%D9%88%D9%85%D9%81%D9%82%D9%88%D8%AF%D9%8E%D9%8A%D9%86-2,2026-03-04T06:41:31.000+02:00,6,15,preliminary,update to 417153/417170 chain; missing count now unspecified
INC-0004,417491,https://www.nna-leb.gov.lb/ar/news/417491/%D9%85%D8%B1%D9%83%D8%B2-%D8%B9%D9%85%D9%84%D9%8A%D8%A7%D8%AA-%D8%B7%D9%88%D8%A7%D8%B1%D8%A6-%D8%A7%D9%84%D8%B5%D8%AD%D8%A9-3-%D8%B4%D9%87%D8%AF%D8%A7%D8%A1-%D9%886-%D8%AC%D8%B1%D8%AD%D9%89-%D9%81%D9%8A-%D8%BA%D8%A7%D8%B1%D8%AA%D9%8A-%D8%A7%D9%84%D8%B9%D8%AF%D9%88-%D8%A7%D9%84%D8%A5%D8%B3%D8%B1%D8%A7%D8%A6%D9%8A%D9%84%D9%8A-%D8%B9%D9%84%D9%89-%D8%B7%D8%B1%D9%8A%D9%82-%D8%A7%D9%84%D9%85%D8%B7%D8%A7%D8%B1-2,2026-03-04T21:19:58.000+02:00,3,6,preliminary,combined toll for 'two raids'; district/governorate uncertain - verify (Beirut southern suburbs area)
INC-0005,417154,https://www.nna-leb.gov.lb/ar/news/417154/%D8%A7%D8%B3%D8%AA%D9%87%D8%AF%D8%A7%D9%81-%D8%B4%D9%82%D8%A9-%D8%A8%D8%B9%D9%8A%D8%AF-%D9%85%D9%86%D8%AA%D8%B5%D9%81-%D8%A7%D9%84%D9%84%D9%8A%D9%84-%D9%81%D9%8A-%D8%B9%D8%B1%D9%85%D9%88%D9%86-%D9%88%D8%B3%D9%82%D9%88%D8%B7-%D8%A5%D8%B5%D8%A7%D8%A8%D8%A7%D8%AA-2,2026-03-04T02:19:00.000+02:00,,,preliminary,combined toll for two towns confirmed later in 417202; district/governorate uncertain - verify
INC-0005,417202,https://www.nna-leb.gov.lb/ar/news/417202/%D8%B7%D9%88%D8%A7%D8%B1%D8%A6-%D8%A7%D9%84%D8%B5%D8%AD%D8%A9-6-%D8%B4%D9%87%D8%AF%D8%A7%D8%A1-%D9%888-%D8%AC%D8%B1%D8%AD%D9%89-%D9%81%D9%8A-%D8%AD%D8%B5%D9%8A%D9%84%D8%A9-%D8%A3%D9%88%D9%84%D9%8A%D8%A9-%D9%84%D9%84%D8%A7%D8%B9%D8%AA%D8%AF%D8%A7%D8%A1%D8%A7%D8%AA-%D8%B9%D9%84%D9%89-%D8%B9%D8%B1%D9%85%D9%88%D9%86-%D9%88%D8%A7%D9%84%D8%B3%D8%B9%D8%AF%D9%8A%D8%A7%D8%AA-2,2026-03-04T07:22:00.000+02:00,6,8,preliminary,MoPH combined toll confirming 417154 chain
INC-0006,417566,https://www.nna-leb.gov.lb/ar/news/417566/%D8%A7%D9%84%D8%B5%D8%AD%D8%A9-%D8%B4%D9%87%D9%8A%D8%AF%D8%A7%D9%86-%D9%88%D8%AC%D8%B1%D9%8A%D8%AD%D8%A7%D9%86-%D9%81%D9%8A-%D8%A7%D9%84%D8%BA%D8%A7%D8%B1%D8%A9-%D8%B9%D9%84%D9%89-%D8%A3%D9%88%D8%AA%D9%88%D8%B3%D8%AA%D8%B1%D8%A7%D8%AF-%D8%B2%D8%AD%D9%84%D8%A9-%D8%A7%D9%84%D9%83%D8%B1%D9%83-2,2026-03-05T08:36:03.000+02:00,2,2,preliminary,possible overlap with 417813 (ISF officer killed same area/date) - flag for merge review
INC-0007,417496,https://www.nna-leb.gov.lb/ar/news/417496/%D8%AB%D9%84%D8%A7%D8%AB%D8%A9-%D8%B4%D9%87%D8%AF%D8%A7%D8%A1-%D9%81%D9%8A-%D8%BA%D8%A7%D8%B1%D8%A9-%D8%B9%D9%84%D9%89-%D8%B3%D9%8A%D8%A7%D8%B1%D8%A9-%D8%B9%D9%84%D9%89-%D8%B7%D8%B1%D9%8A%D9%82-%D8%B5%D9%88%D8%B1---%D8%A7%D9%84%D9%86%D8%A7%D9%82%D9%88%D8%B1%D8%A9-%D8%A8%D8%A7%D9%84%D9%82%D8%B1%D8%A8-%D9%85%D9%86-%D8%A7%D9%84%D9%82%D9%84%D9%8A%D9%84%D8%A9-2,2026-03-05T02:19:00.000+02:00,3,0,preliminary,
INC-0008,417531,https://www.nna-leb.gov.lb/ar/news/417531/%D8%A7%D8%B3%D8%AA%D8%B4%D9%87%D8%A7%D8%AF-%D9%85%D8%AE%D8%AA%D8%A7%D8%B1-%D8%A7%D9%84%D9%83%D9%81%D9%88%D8%B1-%D9%88%D8%B2%D9%88%D8%AC%D8%AA%D9%87-%D9%81%D9%8A-%D8%A7%D9%84%D8%BA%D8%A7%D8%B1%D8%A9-%D8%B9%D9%84%D9%89-%D8%A7%D9%84%D8%A8%D9%84%D8%AF%D8%A9-%D9%81%D8%AC%D8%B1%D8%A7-2,2026-03-05T06:41:29.000+02:00,2,0,preliminary,named: mukhtar Tawfiq Safa + wife
INC-0009,417516,https://www.nna-leb.gov.lb/ar/news/417516/%D8%B9%D8%AF%D9%88%D8%A7%D9%86-%D8%AC%D9%88%D9%8A-%D9%88%D8%A7%D8%B3%D8%B9-%D8%B9%D9%84%D9%89-%D9%82%D8%B1%D9%89-%D9%81%D9%8A-%D9%82%D8%B6%D8%A7%D8%A1-%D8%A7%D9%84%D9%86%D8%A8%D8%B7%D9%8A%D8%A9-%D9%81%D8%AC%D8%B1%D8%A7-2,2026-03-05T05:27:49.000+02:00,3,0,preliminary,possible overlap with 417534's Zawtar al-Sharqiya family (4 dead) - flag for merge review
INC-0010,417534,https://www.nna-leb.gov.lb/ar/news/417534/%D8%A7%D8%B3%D8%AA%D8%B4%D9%87%D8%A7%D8%AF-%D8%B9%D8%A7%D8%A6%D9%84%D8%A9-%D9%81%D9%8A-%D8%B2%D9%88%D8%B7%D8%B1-%D8%A7%D9%84%D8%B4%D8%B1%D9%82%D9%8A%D8%A9-2,2026-03-05T06:54:00.000+02:00,4,0,preliminary,family of 4 named; flag for merge review vs 417516's ambiguous 3-dead figure for same general area
INC-0011,417686,https://www.nna-leb.gov.lb/ar/news/417686/%D8%A7%D9%84%D8%BA%D8%A7%D8%B1%D8%A7%D8%AA-%D8%A7%D9%84%D9%85%D8%B9%D8%A7%D8%AF%D9%8A%D8%A9-%D8%B9%D9%84%D9%89-%D8%A7%D9%84%D9%86%D8%A8%D8%B7%D9%8A%D8%A9-%D9%88%D8%A7%D9%84%D8%AC%D9%88%D8%A7%D8%B1-%D8%A7%D9%88%D9%82%D8%B9%D8%AA-%D8%B4%D9%87%D8%AF%D8%A7%D8%A1-%D9%88%D8%AC%D8%B1%D8%AD%D9%89-%D9%88%D8%A7%D8%AF%D8%AA-%D8%A7%D9%84%D9%89-%D8%A7%D8%B6%D8%B1%D8%A7%D8%B1-%D8%AC%D8%B3%D9%8A%D9%85%D8%A9-%D9%81%D9%8A-%D8%A7%D9%84%D9%85%D8%A8%D8%A7%D9%86%D9%8A-%D8%A7%D9%84%D8%B3%D9%83%D9%86%D9%8A%D8%A9-%D9%88%D8%A7%D9%84%D9%85%D8%AD%D9%84%D8%A7%D8%AA-2,2026-03-05T16:00:58.000+02:00,2,0,preliminary,roundup article; ONLY source for Kfarremen 2-dead fact; article also re-mentions Zawtar-family and Kfour-mukhtar deaths already captured in 417531/417534 - do not double count those
INC-0012,417702,https://www.nna-leb.gov.lb/ar/news/417702/%D8%B4%D9%87%D8%AF%D8%A7%D8%A1-%D9%88%D8%AC%D8%B1%D8%AD%D9%89-%D9%81%D9%8A-%D8%BA%D8%A7%D8%B1%D8%A9-%D8%B9%D9%84%D9%89-%D9%85%D9%86%D8%B2%D9%84%D9%8A%D9%86-%D9%81%D9%8A-%D9%84%D8%A8%D8%A7%D9%8A%D8%A7-%D9%88%D8%B7%D8%B1%D9%81%D9%87%D8%A7-%D8%A7%D9%84%D8%B4%D9%85%D8%A7%D9%84%D9%8A-2,2026-03-05T16:47:18.000+02:00,3,4,preliminary,"chain continues in 417743 which gives a lower MoPH count (2 dead/3 inj) - flag for merge review, later report may supersede"
INC-0012,417743,https://www.nna-leb.gov.lb/ar/news/417743/%D8%B4%D9%87%D9%8A%D8%AF%D8%A7%D9%86-%D9%883-%D8%AC%D8%B1%D8%AD%D9%89-%D9%81%D9%8A-%D9%84%D8%A8%D8%A7%D9%8A%D8%A7-2,2026-03-05T20:32:00.000+02:00,2,3,preliminary,"MoPH update to 417702 chain - lower count than field report, flag for merge review"
INC-0013,417497,https://www.nna-leb.gov.lb/ar/news/417497/%D8%A7%D9%84%D8%B5%D8%AD%D8%A9-%D8%B4%D9%87%D9%8A%D8%AF%D8%A7%D9%86-%D9%88%D8%AC%D8%B1%D9%8A%D8%AD%D8%A9-%D9%81%D9%8A-%D8%A7%D9%84%D8%BA%D8%A7%D8%B1%D8%A9-%D8%B9%D9%84%D9%89-%D8%B4%D9%82%D8%A9-%D8%B3%D9%83%D9%86%D9%8A%D8%A9-%D9%81%D9%8A-%D9%85%D8%AE%D9%8A%D9%85-%D8%A7%D9%84%D8%A8%D8%AF%D8%A7%D9%88%D9%8A-2,2026-03-05T02:49:00.000+02:00,2,1,preliminary,chain continues in 417511/417514
INC-0013,417511,https://www.nna-leb.gov.lb/ar/news/417511/%D8%B4%D9%87%D9%8A%D8%AF%D8%A7%D9%86-%D9%88%D8%AC%D8%B1%D9%8A%D8%AD%D8%A9-%D9%81%D9%8A-%D8%A7%D9%84%D8%BA%D8%A7%D8%B1%D8%A9-%D8%B9%D9%84%D9%89-%D9%85%D8%AE%D9%8A%D9%85-%D8%A7%D9%84%D8%A8%D8%AF%D8%A7%D9%88%D9%8A-2,2026-03-05T04:57:21.000+02:00,2,1,preliminary,update/detail to 417497 chain
INC-0013,417514,https://www.nna-leb.gov.lb/ar/news/417514/%D8%B7%D9%88%D8%A7%D8%B1%D8%A6-%D8%A7%D9%84%D8%B5%D8%AD%D8%A9-%D8%B4%D9%87%D9%8A%D8%AF%D8%A7%D9%86-%D9%88%D8%AC%D8%B1%D9%8A%D8%AD%D8%A9-%D9%81%D9%8A-%D8%A7%D8%B3%D8%AA%D9%87%D8%AF%D8%A7%D9%81-%D8%B4%D9%82%D8%A9-%D8%B3%D9%83%D9%86%D9%8A%D8%A9-%D9%81%D9%8A-%D9%85%D8%AE%D9%8A%D9%85-%D8%A7%D9%84%D8%A8%D8%AF%D8%A7%D9%88%D9%8A-2,2026-03-05T05:18:08.000+02:00,2,1,preliminary,duplicate MoPH confirmation of 417497 chain
INC-0014,417734,https://www.nna-leb.gov.lb/ar/news/417734/4-%D8%B4%D9%87%D8%AF%D8%A7%D8%A1-%D8%A8%D9%8A%D9%86%D9%87%D9%85-%D8%B7%D9%81%D9%84%D8%A7%D9%86-%D8%A8%D8%BA%D8%A7%D8%B1%D8%A9-%D8%A7%D8%B3%D8%AA%D9%87%D8%AF%D9%81%D8%AA-%D9%85%D9%86%D8%B2%D9%84%D8%A7%D9%8B-%D9%81%D9%8A-%D9%85%D8%B4%D8%BA%D8%B1%D8%A9-2,2026-03-05T19:30:02.000+02:00,4,0,preliminary,2 of 4 dead are children; chain continues in 417747
INC-0014,417747,https://www.nna-leb.gov.lb/ar/news/417747/%D8%B7%D9%88%D8%A7%D8%B1%D9%89%D8%A1-%D8%A7%D9%84%D8%B5%D8%AD%D8%A9--4-%D8%B4%D9%87%D8%AF%D8%A7%D8%A1-%D9%85%D9%86-%D8%A8%D9%8A%D9%86%D9%87%D9%85-%D8%B7%D9%81%D9%84%D8%A7%D9%86-%D8%AD%D8%B5%D9%8A%D9%84%D8%A9-%D8%A7%D9%84%D8%BA%D8%A7%D8%B1%D8%A9-%D8%B9%D9%84%D9%89-%D9%85%D8%B4%D8%BA%D8%B1%D8%A9-2,2026-03-05T20:49:00.000+02:00,4,1,preliminary,"MoPH confirmation of 417734 chain; ages given (5yo girl, 7yo boy)"
INC-0015,417623,https://www.nna-leb.gov.lb/ar/news/417623/%D8%A7%D9%84%D8%BA%D8%A7%D8%B1%D8%A9-%D8%B9%D9%84%D9%89-%D9%85%D8%B9%D8%B1%D9%83%D8%A9-%D8%AA%D8%B3%D9%81%D8%B1-%D8%B9%D9%86-%D8%A7%D8%B3%D8%AA%D8%B4%D9%87%D8%A7%D8%AF-%D8%AB%D9%84%D8%A7%D8%AB%D8%A9-%D8%A3%D8%B4%D8%AE%D8%A7%D8%B5-%D9%88%D8%A5%D8%B5%D8%A7%D8%A8%D8%A9-%D8%B9%D8%AF%D8%AF-%D9%85%D9%86-%D8%A3%D9%81%D8%B1%D8%A7%D8%AF-%D8%B9%D8%A7%D8%A6%D9%84%D8%A9-%D9%86%D8%A7%D8%B2%D8%AD%D8%A9-2,2026-03-05T11:09:47.000+02:00,3,0,preliminary,
INC-0016,418000,https://www.nna-leb.gov.lb/ar/news/418000/%D8%B4%D9%87%D8%AF%D8%A7%D8%A1-%D9%81%D9%8A-%D8%BA%D8%A7%D8%B1%D8%A9-%D8%A7%D8%B3%D8%AA%D9%87%D8%AF%D9%81%D8%AA-%D8%A7%D9%84%D8%AD%D9%86%D9%8A%D8%A9-2,2026-03-06T17:00:00.000+02:00,,,preliminary,"death count vague ('a number of martyrs'), no figure given - linked to 417990's mention of a Haniyeh strike"
INC-0017,417915,https://www.nna-leb.gov.lb/ar/news/417915/%D8%A7%D8%B3%D8%AA%D8%B4%D9%87%D8%A7%D8%AF-%D8%B4%D9%82%D9%8A%D9%82-%D8%A7%D9%84%D8%B2%D9%85%D9%8A%D9%84-%D8%AF%D8%A7%D9%88%D8%AF-%D8%B1%D9%85%D8%A7%D9%84-%D9%88%D8%B2%D9%88%D8%AC%D8%AA%D9%87-%D8%AC%D8%B1%D8%A7%D8%A1-%D8%AA%D8%AF%D9%85%D9%8A%D8%B1-%D9%85%D9%86%D8%B2%D9%84%D9%8A%D9%87%D9%85%D8%A7-%D9%81%D9%8A-%D8%BA%D8%A7%D8%B1%D8%A9-%D8%B9%D9%84%D9%89-%D8%A7%D9%84%D8%AF%D9%88%D9%8A%D8%B1-%D9%88%D8%A5%D8%B5%D8%A7%D8%A8%D8%A9-%D8%B4%D9%82%D9%8A%D9%82%D9%87-%D8%A7%D9%84%D8%AB%D8%A7%D9%86%D9%8A-%D8%A8%D8%AC%D8%B1%D9%88%D8%AD-%D8%A8%D8%A7%D9%84%D8%BA%D8%A9-2,2026-03-06T12:45:00.000+02:00,2,0,preliminary,"chain continues in 417945, toll rises to 5"
INC-0017,417945,https://www.nna-leb.gov.lb/ar/news/417945/%D8%A7%D9%84%D8%B9%D8%AF%D9%88-%D9%8A%D8%B1%D8%AA%D9%83%D8%A8-%D9%85%D8%AC%D8%B2%D8%B1%D8%A9-%D9%81%D9%8A-%D8%A7%D9%84%D8%AF%D9%88%D9%8A%D8%B1--5-%D8%B4%D9%87%D8%AF%D8%A7%D8%A1-%D9%889-%D8%AC%D8%B1%D8%AD%D9%89-%D9%88%D8%AF%D9%85%D8%A7%D8%B1-%D9%87%D8%A7%D8%A6%D9%84-%D9%88%D9%85%D9%86%D8%A7%D8%B2%D9%84-%D8%AD%D9%88%D9%84%D8%AA-%D8%A7%D9%84%D9%89-%D8%A3%D8%B7%D9%84%D8%A7%D9%84-2,2026-03-06T13:50:00.000+02:00,5,9,preliminary,"update to 417915 chain; also mentions Haroof, Toul (near school), Kawthariyet al-Rez strikes w/ no confirmed deaths"
INC-0018,417913,https://www.nna-leb.gov.lb/ar/news/417913/3-%D8%B4%D9%87%D8%AF%D8%A7%D8%A1-%D9%81%D9%8A-%D8%A7%D9%84%D8%BA%D8%A7%D8%B1%D8%A9-%D8%B9%D9%84%D9%89-%D8%A7%D9%84%D8%B3%D8%B9%D9%8A%D8%AF%D8%A9-%D8%BA%D8%B1%D8%A8-%D8%A8%D8%B9%D9%84%D8%A8%D9%83-2,2026-03-06T12:40:21.000+02:00,3,0,preliminary,
INC-0019,417987,https://www.nna-leb.gov.lb/ar/news/417987/%D8%B7%D9%88%D8%A7%D8%B1%D9%89%D8%A1-%D8%A7%D9%84%D8%B5%D8%AD%D8%A9-%D8%B4%D9%87%D9%8A%D8%AF-%D8%B3%D9%88%D8%B1%D9%8A-%D9%883-%D8%AC%D8%B1%D8%AD%D9%89-%D8%AD%D8%B5%D9%8A%D9%84%D8%A9-%D8%A7%D9%84%D8%BA%D8%A7%D8%B1%D8%A9-%D8%B9%D9%84%D9%89-%D9%85%D9%86%D8%B7%D9%82%D8%A9-%D9%85%D8%A7%D8%B1-%D9%85%D8%AE%D8%A7%D9%8A%D9%84---%D8%A7%D9%84%D8%B4%D9%8A%D8%A7%D8%AD-2,2026-03-06T16:02:38.000+02:00,1,3,preliminary,1 dead is a Syrian national (per source) - not labeled civilian/combatant
INC-0020,417860,https://www.nna-leb.gov.lb/ar/news/417860/%D8%B4%D9%87%D9%8A%D8%AF-%D9%81%D9%8A-%D8%A7%D9%84%D8%BA%D8%A7%D8%B1%D8%A9-%D8%B9%D9%84%D9%89-%D8%A7%D8%B7%D8%B1%D8%A7%D9%81-%D8%A7%D9%84%D9%85%D8%B1%D9%88%D8%A7%D9%86%D9%8A%D8%A9-2,2026-03-06T10:45:46.000+02:00,1,0,preliminary,"district uncertain - Zahrani sometimes grouped under Sidon caza, verify"
INC-0021,417983,https://www.nna-leb.gov.lb/ar/news/417983/%D8%B7%D9%88%D8%A7%D8%B1%D9%89%D8%A1-%D8%A7%D9%84%D8%B5%D8%AD%D8%A9--3-%D8%B4%D9%87%D8%AF%D8%A7%D8%A1-%D9%8817-%D8%B4%D9%87%D9%8A%D8%AF%D8%A7-%D8%AD%D8%B5%D9%8A%D9%84%D8%A9-%D8%A7%D9%88%D9%84%D9%8A%D8%A9-%D9%84%D9%84%D8%BA%D8%A7%D8%B1%D8%A9-%D8%B9%D9%84%D9%89-%D8%A7%D9%84%D9%86%D8%A8%D9%8A-%D8%B4%D9%8A%D8%AA-2,2026-03-06T15:48:00.000+02:00,3,17,preliminary,first report in the large Nabi Chit chain; see notes on 418161/418101 for reconciliation complexity
INC-0021,417998,https://www.nna-leb.gov.lb/ar/news/417998/%D8%A7%D9%84%D8%AD%D8%B5%D9%8A%D9%84%D8%A9-%D8%A7%D9%84%D8%A3%D9%88%D9%84%D9%8A%D8%A9-%D9%84%D9%84%D8%BA%D8%A7%D8%B1%D8%A7%D8%AA-%D8%B9%D9%84%D9%89-%D8%A7%D9%84%D9%86%D8%A8%D9%8A-%D8%B4%D9%8A%D8%AA-4-%D8%B4%D9%87%D8%AF%D8%A7%D8%A1-%D9%8813-%D8%AC%D8%B1%D9%8A%D8%AD%D9%8B%D8%A7-2,2026-03-06T16:54:00.000+02:00,4,13,preliminary,update in Nabi Chit chain (follows 417983)
INC-0021,418034,https://www.nna-leb.gov.lb/ar/news/418034/%D8%A5%D8%B1%D8%AA%D9%81%D8%A7%D8%B9-%D8%AD%D8%B5%D9%8A%D9%84%D8%A9-%D8%A7%D9%84%D8%BA%D8%A7%D8%B1%D8%A7%D8%AA-%D8%B9%D9%84%D9%89-%D8%A7%D9%84%D9%86%D8%A8%D9%8A-%D8%B4%D9%8A%D8%AA-%D8%A5%D9%84%D9%89-9-%D8%B4%D9%87%D8%AF%D8%A7%D8%A1-%D9%8817-%D8%AC%D8%B1%D9%8A%D8%AD%D8%A7-2,2026-03-06T19:30:24.000+02:00,9,17,preliminary,update in Nabi Chit chain (follows 417998)
INC-0021,418039,https://www.nna-leb.gov.lb/ar/news/418039/%D8%A5%D8%B3%D8%AA%D9%87%D8%AF%D8%A7%D9%81-%D8%A8%D9%84%D8%AF%D8%A9-%D8%A7%D9%84%D9%86%D8%A8%D9%8A-%D8%B4%D9%8A%D8%AA-%D8%A8%D8%BA%D8%A7%D8%B1%D8%A9-%D8%B9%D8%A7%D8%B4%D8%B1%D8%A9-%D9%88%D8%A7%D8%B1%D8%AA%D9%82%D8%A7%D8%A1-10-%D8%B4%D9%87%D8%AF%D8%A7%D8%A1-2,2026-03-06T19:57:59.000+02:00,10,0,preliminary,update in Nabi Chit chain (follows 418034); 10 named victims listed individually
INC-0022,417988,https://www.nna-leb.gov.lb/ar/news/417988/%D8%B7%D9%88%D8%A7%D8%B1%D9%89%D8%A1-%D8%A7%D9%84%D8%B5%D8%AD%D8%A9-%D8%B4%D9%87%D9%8A%D8%AF-%D9%81%D9%8A-%D8%A7%D9%84%D8%BA%D8%A7%D8%B1%D8%A9-%D8%A7%D9%84%D9%85%D8%B9%D8%A7%D8%AF%D9%8A%D8%A9-%D8%B9%D9%84%D9%89-%D9%85%D9%86%D8%B7%D9%82%D8%A9-%D8%A8%D8%A6%D8%B1-%D8%AD%D8%B3%D9%86-2,2026-03-06T16:04:16.000+02:00,1,0,preliminary,"district/governorate uncertain - Bir Hassan admin boundary fuzzy, verify"
INC-0023,417806,https://www.nna-leb.gov.lb/ar/news/417806/%D8%BA%D8%A7%D8%B1%D8%A7%D8%AA-%D9%84%D9%8A%D9%84%D8%A7-%D9%88%D8%B5%D8%A8%D8%A7%D8%AD%D8%A7-%D8%B9%D9%84%D9%89-%D8%A8%D9%84%D8%AF%D8%A7%D8%AA-%D9%81%D9%8A-%D8%A7%D9%84%D9%86%D8%A8%D8%B7%D9%8A%D8%A9-%D8%AD%D8%B5%D8%AF%D8%AA-%D8%B4%D9%87%D8%AF%D8%A7%D8%A1-%D9%88%D8%AF%D9%85%D8%B1%D8%AA-%D9%85%D8%B3%D8%AC%D8%AF%D8%A7-%D9%88%D9%85%D9%86%D8%A7%D8%B2%D9%84-%D9%88%D9%85%D8%A8%D8%A7%D9%86%D9%8A-2,2026-03-06T07:36:00.000+02:00,1,0,preliminary,"roundup article; named victim: mosque muezzin Mahdi Fahs. Also mentions Jbeshit building strike ~2 dead (unconfirmed/hedged wording) - see separate row logic; other strikes (Meifadoun, Nabatieh Bayyad, Kfartebnit homes, Kawthariyet al-Rez, Qaaqaait al-Jisr, Ainata) reported without confirmed deaths"
INC-0024,417806b,https://www.nna-leb.gov.lb/ar/news/417806/%D8%BA%D8%A7%D8%B1%D8%A7%D8%AA-%D9%84%D9%8A%D9%84%D8%A7-%D9%88%D8%B5%D8%A8%D8%A7%D8%AD%D8%A7-%D8%B9%D9%84%D9%89-%D8%A8%D9%84%D8%AF%D8%A7%D8%AA-%D9%81%D9%8A-%D8%A7%D9%84%D9%86%D8%A8%D8%B7%D9%8A%D8%A9-%D8%AD%D8%B5%D8%AF%D8%AA-%D8%B4%D9%87%D8%AF%D8%A7%D8%A1-%D9%88%D8%AF%D9%85%D8%B1%D8%AA-%D9%85%D8%B3%D8%AC%D8%AF%D8%A7-%D9%88%D9%85%D9%86%D8%A7%D8%B2%D9%84-%D9%88%D9%85%D8%A8%D8%A7%D9%86%D9%8A-2,2026-03-06T07:36:00.000+02:00,2,0,preliminary,"same source article as 417806 (Toul mosque); casualty figure hedged ('وافيد عن' = it was reported, unconfirmed) - separate incident/location from Toul mosque so split into own row"
INC-0025,417808,https://www.nna-leb.gov.lb/ar/news/417808/%D8%B4%D9%87%D9%8A%D8%AF-%D9%81%D9%8A-%D8%A7%D9%84%D8%BA%D8%A7%D8%B1%D8%A9-%D8%B9%D9%84%D9%89-%D8%B5%D8%B1%D9%8A%D9%81%D8%A7-2,2026-03-06T07:38:28.000+02:00,1,0,preliminary,
INC-0026,417856,https://www.nna-leb.gov.lb/ar/news/417856/%D8%B4%D9%87%D9%8A%D8%AF%D8%A7%D9%86-%D9%81%D9%8A-%D8%AD%D8%B5%D9%8A%D9%84%D8%A9-%D8%A3%D9%88%D9%84%D9%8A%D8%A9-%D9%84%D8%BA%D8%A7%D8%B1%D8%A9-%D9%85%D8%A8%D9%86%D9%89-%D8%A7%D9%84%D9%85%D9%82%D8%A7%D8%B5%D8%AF-%D9%81%D9%8A-%D8%B5%D9%8A%D8%AF%D8%A7-2,2026-03-06T10:35:17.000+02:00,2,0,preliminary,chain continues in 417863
INC-0026,417863,https://www.nna-leb.gov.lb/ar/news/417863/%D8%B7%D9%88%D8%A7%D8%B1%D9%89%D8%A1-%D8%A7%D9%84%D8%B5%D8%AD%D8%A9-5-%D8%B4%D9%87%D8%AF%D8%A7%D8%A1-%D9%887-%D8%AC%D8%B1%D8%AD%D9%89-%D9%81%D9%8A-%D8%AD%D8%B5%D9%8A%D9%84%D8%A9-%D8%A3%D9%88%D9%84%D9%8A%D8%A9-%D9%84%D9%84%D8%BA%D8%A7%D8%B1%D8%A9-%D8%B9%D9%84%D9%89-%D8%B5%D9%8A%D8%AF%D8%A7-2,2026-03-06T10:47:21.000+02:00,5,7,preliminary,MoPH update to 417856 chain
INC-0027,418036,https://www.nna-leb.gov.lb/ar/news/418036/%D8%B4%D9%87%D9%8A%D8%AF%D8%A7%D9%86-%D9%81%D9%8A-%D8%BA%D8%A7%D8%B1%D8%A9-%D9%85%D8%B9%D8%A7%D8%AF%D9%8A%D8%A9-%D8%A7%D8%B3%D8%AA%D9%87%D8%AF%D9%81%D8%AA-%D9%82%D9%84%D9%88%D9%8A%D9%87-2,2026-03-06T19:34:43.000+02:00,2,0,preliminary,likely same event as 418038's Qalawiyeh mention (spelling variant قلاويه) - flag for merge review; district corrected to Bint Jbeil per 419080 (batch 3)
INC-0027,418038,https://www.nna-leb.gov.lb/ar/news/418038/%D8%BA%D8%A7%D8%B1%D8%A7%D8%AA-%D8%AC%D9%88%D9%8A%D8%A9-%D9%85%D8%B3%D8%A7%D8%A1-%D8%B9%D9%84%D9%89-%D9%8A%D8%A7%D8%B7%D8%B1-%D9%88%D8%B4%D9%82%D8%B1%D8%A7-%D9%88%D9%82%D9%84%D8%A7%D9%88%D9%8A%D9%87-%D9%88%D8%A7%D8%B1%D8%AA%D9%82%D8%A7%D8%A1-%D8%B4%D9%87%D9%8A%D8%AF%D8%A7%D9%86-2,2026-03-06T19:55:00.000+02:00,2,0,preliminary,"likely duplicate of 418036 (same village, same evening); article also covers Yatar and Shaqra strikes w/ no deaths reported; district corrected to Bint Jbeil per 419080 (batch 3)"
INC-0028,417963,https://www.nna-leb.gov.lb/ar/news/417963/%D8%BA%D8%A7%D8%B1%D8%A9-%D8%B9%D9%84%D9%89-%D8%A8%D9%86%D8%AA-%D8%AC%D8%A8%D9%8A%D9%84-%D9%88%D8%A7%D8%B3%D8%AA%D9%87%D8%AF%D8%A7%D9%81-%D8%AF%D8%B1%D8%A7%D8%AC%D8%A9-%D9%88%D9%88%D9%82%D9%88%D8%B9-%D8%A7%D8%B5%D8%A7%D8%A8%D8%A9-%D9%88%D8%B4%D9%87%D9%8A%D8%AF%D8%A7%D9%86-%D9%81%D9%8A-%D9%83%D9%81%D8%B1%D8%B1%D9%85%D8%A7%D9%86-2,2026-03-06T14:43:14.000+02:00,2,0,preliminary,article also covers Bint Jbeil/Haniyeh/Aita al-Shaab/Ramyeh strikes and a motorcycle drone strike w/ only 1 injury (no death) - not incident-worthy on their own
INC-0029,417990,https://www.nna-leb.gov.lb/ar/news/417990/%D8%A7%D8%B3%D8%AA%D8%B4%D9%87%D8%A7%D8%AF-9-%D8%A7%D8%B4%D8%AE%D8%A7%D8%B5-%D9%81%D9%8A-%D8%BA%D8%A7%D8%B1%D8%A9-%D8%A7%D8%B3%D8%AA%D9%87%D8%AF%D9%81%D8%AA-%D9%85%D9%86%D8%B2%D9%84%D8%A7-%D9%81%D9%8A-%D9%85%D8%AC%D8%AF%D9%84-%D8%B3%D9%84%D9%85-%D9%88%D8%BA%D8%A7%D8%B1%D8%A9-%D8%B9%D9%84%D9%89-%D8%A7%D9%84%D8%AD%D9%86%D9%8A%D8%A9-2,2026-03-06T16:26:00.000+02:00,9,0,preliminary,"named: Saleh family, mostly women/children; article also mentions a strike on Haniyeh w/ no toll here - see 418000"
INC-0030,418268b,https://www.nna-leb.gov.lb/ar/news/418268/%D8%BA%D8%A7%D8%B1%D8%A7%D8%AA-%D8%B9%D9%84%D9%89-%D8%B2%D8%A8%D8%AF%D9%8A%D9%86-%D9%88%D9%83%D9%88%D8%AB%D8%B1%D9%8A%D8%A9-%D8%A7%D9%84%D8%B3%D9%8A%D8%A7%D8%AF-%D9%88%D8%B2%D9%88%D8%B7%D8%B1---%D8%A7%D9%84%D9%86%D8%A8%D8%B7%D9%8A%D8%A9-%D8%A7%D9%84%D9%81%D9%88%D9%82%D8%A7-2,2026-03-07T20:27:01.000+02:00,1,0,preliminary,"same source article as 418268; strike on road between two towns, not a single town - split into own row"
INC-0031,418413,https://www.nna-leb.gov.lb/ar/news/418413/%D8%BA%D8%A7%D8%B1%D8%A7%D8%AA-%D8%B9%D9%84%D9%89-%D8%AD%D9%8A-%D8%A7%D9%84%D8%A8%D9%8A%D8%A7%D8%B6-%D9%81%D9%8A-%D8%A7%D9%84%D9%86%D8%A8%D8%B7%D9%8A%D8%A9-%D9%88%D8%B9%D8%B1%D8%A8%D8%B5%D8%A7%D9%84%D9%8A%D9%85-2,2026-03-08T13:00:59.000+02:00,3,0,preliminary,"retrospective mention of a prior night's strike; town identity uncertain - could be a village literally named 'Sharqiya' or a truncated ref to Zawtar al-Sharqiya, verify. Article also covers same-day Bayad/Nabatieh and Arabsalim strikes w/ no deaths reported"
INC-0032,418101,https://www.nna-leb.gov.lb/ar/news/418101/26-%D8%B4%D9%87%D9%8A%D8%AF%D9%8B%D8%A7-%D9%81%D9%8A-%D8%B9%D9%85%D9%84%D9%8A%D8%A9-%D9%85%D9%88%D8%A7%D8%AC%D9%87%D8%A9-%D9%82%D9%88%D8%A9-%D8%A7%D9%84%D9%83%D9%88%D9%85%D8%A7%D9%86%D8%AF%D9%88%D8%B3-%D8%A7%D9%84%D8%A5%D8%B3%D8%B1%D8%A7%D8%A6%D9%8A%D9%84%D9%8A%D8%A9-%D9%81%D9%8A-%D8%A8%D9%84%D8%AF%D8%A9-%D8%A7%D9%84%D9%86%D8%A8%D9%8A-%D8%B4%D9%8A%D8%AA-%D9%81%D8%AC%D8%B1%D9%8B%D8%A7-2,2026-03-07T07:54:16.000+02:00,26,,preliminary,"MAJOR distinct incident, NOT a simple airstrike - flag attack_type separately in stats. Of the 26 dead: 3 explicitly identified as Lebanese Army soldiers + 1 General Security (per source); breakdown by locality: 15 Nabi Chit, 9 Khirbeh, 1 Sarain, 1 Ali al-Nahri. Corroborated by Army statement 418148. Reconciliation with 418161's 41-total figure unclear - flag heavily for user review"
INC-0032,418148,https://www.nna-leb.gov.lb/ar/news/418148/%D8%A7%D9%84%D8%AC%D9%8A%D8%B4-%D8%B1%D8%B5%D8%AF%D9%86%D8%A7-%D8%A5%D9%86%D8%B2%D8%A7%D9%84%D9%8B%D8%A7-%D9%84%D9%82%D9%88%D8%A9-%D8%A5%D8%B3%D8%B1%D8%A7%D8%A6%D9%8A%D9%84%D9%8A%D8%A9-%D9%85%D8%B9%D8%A7%D8%AF%D9%8A%D8%A9-%D9%81%D9%8A-%D9%85%D8%AD%D9%8A%D8%B7-%D8%A8%D9%84%D8%AF%D8%A9-%D8%A7%D9%84%D8%AE%D8%B1%D9%8A%D8%A8%D8%A9---%D8%A8%D8%B9%D9%84%D8%A8%D9%83-%D8%B9%D9%86%D8%AF-%D8%A7%D9%84%D8%AD%D8%AF%D9%88%D8%AF-%D8%A7%D9%84%D9%84%D8%A8%D9%86%D8%A7%D9%86%D9%8A%D8%A9-%D8%A7%D9%84%D8%B3%D9%88%D8%B1%D9%8A%D8%A9-2,2026-03-07T11:32:38.000+02:00,,,preliminary,"official Army corroboration of 418101 - same incident, do not double count; casualty figure here is partial/vague, defer to 418101's fuller breakdown"
INC-0033,418071,https://www.nna-leb.gov.lb/ar/news/418071/%D8%B7%D9%88%D8%A7%D8%B1%D8%A6-%D8%A7%D9%84%D8%B5%D8%AD%D8%A9-%D8%A7%D8%B3%D8%AA%D8%B4%D9%87%D8%A7%D8%AF-%D8%AB%D9%84%D8%A7%D8%AB%D8%A9-%D9%88%D8%AC%D8%B1%D8%AD-16-%D9%81%D9%8A-%D8%AD%D8%B5%D9%8A%D9%84%D8%A9-%D8%A3%D9%88%D9%84%D9%8A%D8%A9-%D9%84%D9%84%D8%BA%D8%A7%D8%B1%D8%A7%D8%AA-%D8%A7%D9%84%D9%85%D8%AA%D8%AC%D8%AF%D8%AF%D8%A9-%D8%B9%D9%84%D9%89-%D8%A7%D9%84%D9%86%D8%A8%D9%8A-%D8%B4%D9%8A%D8%AA-2,2026-03-07T05:56:00.000+02:00,3,16,preliminary,labeled 'renewed' (متجددة) strikes - possibly a distinct new wave rather than simple continuation; reconciliation with 418094/418161 totals is unclear - flag heavily for merge review
INC-0033,418094,https://www.nna-leb.gov.lb/ar/news/418094/%D8%AD%D8%B5%D9%8A%D9%84%D8%A9-%D8%A5%D8%AC%D9%85%D8%A7%D9%84%D9%8A%D8%A9-%D8%BA%D9%8A%D8%B1-%D9%86%D9%87%D8%A7%D8%A6%D9%8A%D8%A9-%D9%84%D9%84%D8%BA%D8%A7%D8%B1%D8%A7%D8%AA-%D8%B9%D9%84%D9%89-%D8%A7%D9%84%D9%86%D8%A8%D9%8A-%D8%B4%D9%8A%D8%AA-2,2026-03-07T07:22:29.000+02:00,16,35,preliminary,"aggregate update in Nabi Chit chain, published just before the commando-raid report (418101) - likely does not yet include those 26"
INC-0034,418284,https://www.nna-leb.gov.lb/ar/news/418284/%D8%A7%D8%B3%D8%AA%D9%87%D8%AF%D8%A7%D9%81-%D9%85%D9%82%D9%87%D9%89-%D9%81%D9%8A-%D8%A8%D9%84%D8%AF%D8%A9-%D8%AC%D8%A8%D8%A7%D9%84-%D8%A7%D9%84%D8%A8%D8%B7%D9%85-%D9%82%D8%B6%D8%A7%D8%A1-%D8%B5%D9%88%D8%B1%D9%88%D8%B3%D9%82%D9%88%D8%B7-%D8%B4%D9%87%D9%8A%D8%AF%D9%8A%D9%86-2,2026-03-07T21:45:00.000+02:00,3,0,preliminary,chain continues/confirmed in 418298
INC-0034,418298,https://www.nna-leb.gov.lb/ar/news/418298/%D8%BA%D8%A7%D8%B1%D8%A9-%D8%B9%D9%84%D9%89-%D8%AC%D8%A8%D8%A7%D9%84-%D8%A7%D9%84%D8%A8%D8%B7%D9%85-%D9%84%D9%8A%D9%84%D8%A7-%D8%A3%D8%AF%D8%AA-%D8%A5%D9%84%D9%89-%D8%A7%D8%B3%D8%AA%D8%B4%D9%87%D8%A7%D8%AF-%D8%AB%D9%84%D8%A7%D8%AB%D8%A9-%D9%85%D9%88%D8%A7%D8%B7%D9%86%D9%8A%D9%86-%D9%88%D8%A5%D8%B5%D8%A7%D8%A8%D8%A9-%D8%A3%D8%B1%D8%A8%D8%B9%D8%A9-2,2026-03-08T05:10:07.000+02:00,3,4,preliminary,confirms/duplicates 418284 - do not double count
INC-0035,418222b,https://www.nna-leb.gov.lb/ar/news/418222/%D8%A7%D9%84%D8%B9%D8%AF%D9%88-%D8%B5%D8%B9%D9%91%D8%AF-%D9%88%D8%AA%D9%8A%D8%B1%D8%A9-%D8%B9%D8%AF%D9%88%D8%A7%D9%86%D9%87-%D8%A8%D8%B9%D8%AF-%D8%B8%D9%87%D8%B1-%D8%A7%D9%84%D9%8A%D9%88%D9%85-%D8%B9%D9%84%D9%89-%D8%A8%D9%84%D8%AF%D8%A7%D8%AA-%D9%85%D9%86%D8%B7%D9%82%D8%AA%D9%8A-%D8%A7%D9%84%D9%86%D8%A8%D8%B7%D9%8A%D8%A9-%D9%88%D8%A8%D9%86%D8%AA-%D8%AC%D8%A8%D9%8A%D9%84-2,2026-03-07T16:39:00.000+02:00,3,0,preliminary,"same source article as 418222; distinct afternoon strike, separate from the morning's 6-dead Jbeshit massacre (418093) - flag for merge review whether additive or overlapping"
INC-0036,418093,https://www.nna-leb.gov.lb/ar/news/418093/%D9%85%D8%AC%D8%B2%D8%B1%D8%A9-%D9%81%D9%8A-%D8%AC%D8%A8%D8%B4%D9%8A%D8%AA-%D8%A7%D8%AF%D8%AA-%D8%A7%D9%84%D9%89-%D8%A7%D8%B3%D8%AA%D8%B4%D9%87%D8%A7%D8%AF-6-%D9%85%D9%88%D8%A7%D8%B7%D9%86%D9%8A%D9%86-%D8%A8%D9%8A%D9%86%D9%87%D9%85-4-%D9%85%D9%86-%D8%B9%D8%A7%D8%A6%D9%84%D8%A9-%D9%88%D8%A7%D8%AD%D8%AF%D8%A9-2,2026-03-07T07:21:20.000+02:00,6,0,preliminary,"4 of 6 from one family; article also reports later-morning strike destroying town square (no add'l deaths given here), plus Kawthariyet al-Rez/Ansar/Zawtar al-Sharqiya strikes w/ no deaths, and a vague/unconfirmed Kfartebnit death report - see separate row for that"
INC-0037,418287,https://www.nna-leb.gov.lb/ar/news/418287/%D8%AD%D8%B5%D9%8A%D9%84%D8%A9-%D8%A7%D9%84%D8%BA%D8%A7%D8%B1%D8%A9-%D8%B9%D9%84%D9%89-%D8%AE%D8%B1%D8%A8%D8%A9-%D8%B3%D9%84%D9%85-6-%D8%B4%D9%87%D8%AF%D8%A7%D8%A1-%D9%885-%D8%AC%D8%B1%D8%AD%D9%89-2,2026-03-07T21:58:18.000+02:00,6,5,preliminary,toll for the Khirbet Selm strike mentioned in passing in 418222's roundup
INC-0038,418268,https://www.nna-leb.gov.lb/ar/news/418268/%D8%BA%D8%A7%D8%B1%D8%A7%D8%AA-%D8%B9%D9%84%D9%89-%D8%B2%D8%A8%D8%AF%D9%8A%D9%86-%D9%88%D9%83%D9%88%D8%AB%D8%B1%D9%8A%D8%A9-%D8%A7%D9%84%D8%B3%D9%8A%D8%A7%D8%AF-%D9%88%D8%B2%D9%88%D8%B7%D8%B1---%D8%A7%D9%84%D9%86%D8%A8%D8%B7%D9%8A%D8%A9-%D8%A7%D9%84%D9%81%D9%88%D9%82%D8%A7-2,2026-03-07T20:27:01.000+02:00,,,preliminary,"death count vague ('a number of martyrs'), no figure given"
INC-0039,418162,https://www.nna-leb.gov.lb/ar/news/418162/5-%D8%B4%D9%87%D8%AF%D8%A7%D8%A1-%D9%81%D9%8A-%D8%A7%D9%84%D8%BA%D8%A7%D8%B1%D8%A9-%D8%B9%D9%84%D9%89-%D8%B2%D9%88%D8%B7%D8%B1-%D8%A7%D9%84%D8%B4%D8%B1%D9%82%D9%8A%D8%A9-2,2026-03-07T12:17:44.000+02:00,5,0,preliminary,"ADDED during validation audit - originally missed during initial classification (present in the batch-2 source dump but skipped). Two days after and distinct from the March 5 417516/417534 Zawtar al-Sharqiya cluster - separate incident, different date"
INC-0040,418090,https://www.nna-leb.gov.lb/ar/news/418090/%D9%85%D8%AC%D8%B2%D8%B1%D8%A9-%D8%A5%D8%B3%D8%B1%D8%A7%D8%A6%D9%8A%D9%84%D9%8A%D8%A9-%D9%81%D8%AC%D8%B1%D9%8B%D8%A7-%D8%A8%D8%AD%D9%82-%D8%B9%D8%A7%D8%A6%D9%84%D8%A9-%D9%86%D8%A7%D8%B2%D8%AD%D8%A9-%D8%A5%D9%84%D9%89-%D8%B4%D9%85%D8%B3%D8%B7%D8%A7%D8%B1-2,2026-03-07T07:14:04.000+02:00,6,0,preliminary,entire family of 6 (2 parents+4 children) killed; update/confirmation in 418157
INC-0040,418157,https://www.nna-leb.gov.lb/ar/news/418157/6-%D8%B4%D9%87%D8%AF%D8%A7%D8%A1-%D9%81%D9%8A-%D8%B4%D9%85%D8%B3%D8%B7%D8%A7%D8%B1-2,2026-03-07T12:00:24.000+02:00,6,0,preliminary,MoPH update/confirmation of 418090 chain (4 children + 1 woman + implied father)
INC-0041,418230,https://www.nna-leb.gov.lb/ar/news/418230/%D8%B4%D9%87%D9%8A%D8%AF%D8%A7%D9%86-%D9%88%D8%AC%D8%B1%D8%AD%D9%89-%D9%81%D9%8A-%D8%A7%D9%84%D8%BA%D8%A7%D8%B1%D8%A9-%D8%B9%D9%84%D9%89-%D8%B5%D8%B1%D9%8A%D9%81%D8%A7-2,2026-03-07T17:00:00.000+02:00,2,0,preliminary,"different date from the earlier 1-dead Srifa strike (417808, March 5) - separate incident"
INC-0042,418093b,https://www.nna-leb.gov.lb/ar/news/418093/%D9%85%D8%AC%D8%B2%D8%B1%D8%A9-%D9%81%D9%8A-%D8%AC%D8%A8%D8%B4%D9%8A%D8%AA-%D8%A7%D8%AF%D8%AA-%D8%A7%D9%84%D9%89-%D8%A7%D8%B3%D8%AA%D8%B4%D9%87%D8%A7%D8%AF-6-%D9%85%D9%88%D8%A7%D8%B7%D9%86%D9%8A%D9%86-%D8%A8%D9%8A%D9%86%D9%87%D9%85-4-%D9%85%D9%86-%D8%B9%D8%A7%D8%A6%D9%84%D8%A9-%D9%88%D8%A7%D8%AD%D8%AF%D8%A9-2,2026-03-07T07:21:20.000+02:00,,,preliminary,"same source article as 418093 (Jbeshit massacre); casualty figure hedged ('وافيد عن ارتقاء شهداء' = reported, unconfirmed, no number) - separate location so split into own row"
INC-0043,418275,https://www.nna-leb.gov.lb/ar/news/418275/%D8%BA%D8%A7%D8%B1%D8%A7%D8%AA-%D8%B9%D9%84%D9%89-%D8%A7%D9%84%D9%86%D8%A8%D8%B7%D9%8A%D8%A9-%D8%A7%D9%84%D9%81%D9%88%D9%82%D8%A7-%D9%88%D8%AC%D8%A8%D8%B4%D9%8A%D8%AA-%D9%88%D8%B9%D9%8A%D8%AA%D8%B1%D9%88%D9%86-%D9%88%D8%A7%D8%B3%D8%AA%D9%87%D8%AF%D8%A7%D9%81-%D8%AF%D8%B1%D8%A7%D8%AC%D8%A9-%D9%86%D8%A7%D8%B1%D9%8A%D8%A9-%D9%81%D9%8A-%D9%83%D9%81%D8%B1%D8%B1%D9%85%D8%A7%D9%86-2,2026-03-07T20:59:13.000+02:00,2,0,preliminary,"death count hedged ('وافيد عن')- likely same event as 418281's MoPH confirmation, flag for merge review; article also covers Nabatieh al-Fawqa, Jabal al-Ahmar/Jbeshit, and Aitaroun strikes w/ no deaths reported"
INC-0043,418281,https://www.nna-leb.gov.lb/ar/news/418281/%D8%B7%D9%88%D8%A7%D8%B1%D9%89%D8%A1-%D8%A7%D9%84%D8%B5%D8%AD%D8%A9-%D8%B4%D9%87%D9%8A%D8%AF%D8%A7%D9%86-%D9%81%D9%8A-%D9%83%D9%81%D8%B1%D8%B1%D9%85%D8%A7%D9%86-2,2026-03-07T21:34:38.000+02:00,2,0,preliminary,"MoPH confirmation, likely same incident as 418275 - do not double count"
INC-0044,418252,https://www.nna-leb.gov.lb/ar/news/418252/3-%D8%B4%D9%87%D8%AF%D8%A7%D8%A1-%D9%88%D8%B9%D8%AF%D8%AF-%D9%85%D9%86-%D8%A7%D9%84%D8%AC%D8%B1%D8%AD%D9%89-%D8%AD%D8%B5%D9%8A%D9%84%D8%A9-%D8%A7%D8%B3%D8%AA%D9%87%D8%AF%D8%A7%D9%81-%D8%A7%D9%84%D8%B9%D8%AF%D9%88-%D9%81%D8%B1%D9%82-%D8%A7%D9%84%D8%A5%D8%B3%D8%B9%D8%A7%D9%81-%D9%88%D8%A7%D9%84%D8%AF%D9%81%D8%A7%D8%B9-%D8%A7%D9%84%D9%85%D8%AF%D9%86%D9%8A-%D9%81%D9%8A-%D8%A7%D9%84%D9%87%D9%8A%D8%A6%D8%A9-%D8%A7%D9%84%D8%B5%D8%AD%D9%8A%D8%A9-%D8%A7%D9%84%D8%A5%D8%B3%D9%84%D8%A7%D9%85%D9%8A%D8%A9-%D9%81%D9%8A-%D8%B9%D8%AF%D8%AF-%D9%85%D9%86-%D8%A8%D9%84%D8%AF%D8%A7%D8%AA-%D8%A7%D9%84%D8%AC%D9%86%D9%88%D8%A8-2,2026-03-07T18:44:47.000+02:00,3,0,preliminary,"distinct incident from 418139 (different target - rescue team, not the sheikh's home); article also covers Jbeshit/Arnoun responder strikes w/ injuries only, no deaths"
INC-0045,418139,https://www.nna-leb.gov.lb/ar/news/418139/%D8%A7%D8%B3%D8%AA%D9%87%D8%AF%D8%A7%D9%81-%D9%85%D9%86%D8%B2%D9%84-%D8%A3%D8%AD%D8%AF-%D8%A7%D9%84%D8%B4%D9%8A%D9%88%D8%AE-%D9%81%D9%8A-%D9%83%D9%88%D8%AB%D8%B1%D9%8A%D8%A9-%D8%A7%D9%84%D8%B1%D8%B2-%D9%88%D8%A7%D8%B3%D8%AA%D8%B4%D9%87%D8%A7%D8%AF-%D8%B4%D8%AE%D8%B5%D9%8A%D9%86-2,2026-03-07T10:57:00.000+02:00,2,0,preliminary,"named: sheikh Adel al-Turki's two sons; sheikh himself badly wounded; district uncertain (may be Zahrani caza), verify"
INC-0046,418222,https://www.nna-leb.gov.lb/ar/news/418222/%D8%A7%D9%84%D8%B9%D8%AF%D9%88-%D8%B5%D8%B9%D9%91%D8%AF-%D9%88%D8%AA%D9%8A%D8%B1%D8%A9-%D8%B9%D8%AF%D9%88%D8%A7%D9%86%D9%87-%D8%A8%D8%B9%D8%AF-%D8%B8%D9%87%D8%B1-%D8%A7%D9%84%D9%8A%D9%88%D9%85-%D8%B9%D9%84%D9%89-%D8%A8%D9%84%D8%AF%D8%A7%D8%AA-%D9%85%D9%86%D8%B7%D9%82%D8%AA%D9%8A-%D8%A7%D9%84%D9%86%D8%A8%D8%B7%D9%8A%D8%A9-%D9%88%D8%A8%D9%86%D8%AA-%D8%AC%D8%A8%D9%8A%D9%84-2,2026-03-07T16:39:00.000+02:00,5,0,preliminary,"article is an area-wide roundup; also reports a SEPARATE afternoon Jbeshit strike (3 dead, see next row) and several strikes w/ no reported deaths (Arnoun ambulance-injuries only, Zebdine, Ansar, Breiqaa, Bint Jbeil villages)"
INC-0047,418446,https://www.nna-leb.gov.lb/ar/news/418446/6-%D8%B4%D9%87%D8%AF%D8%A7%D8%A1-%D9%85%D9%86-%D8%B9%D8%A7%D8%A6%D9%84%D8%A9-%D9%88%D8%A7%D8%AD%D8%AF%D8%A9-%D9%81%D9%8A-%D8%BA%D8%A7%D8%B1%D8%A9-%D8%A7%D9%84%D8%AF%D9%88%D9%8A%D8%B1-2,2026-03-08T15:54:28.000+02:00,6,0,preliminary,"Ayyash family (5 of 6) - SEPARATE incident from the March 6 Al-Dawir/Ramal-family massacre (417915/417945, batch 1) - different family, different date"
INC-0048,418291,https://www.nna-leb.gov.lb/ar/news/418291/%D8%A7%D8%B3%D8%AA%D8%B4%D9%87%D8%A7%D8%AF-3-%D9%88%D8%AC%D8%B1%D8%AD-9-%D9%81%D9%8A-%D8%A7%D9%84%D8%BA%D8%A7%D8%B1%D8%A9-%D8%B9%D9%84%D9%89-%D9%81%D9%86%D8%AF%D9%82-%D9%81%D9%8A-%D8%A7%D9%84%D8%B1%D9%88%D8%B4%D8%A9-%D9%81%D8%AC%D8%B1%D8%A7-2,2026-03-08T04:54:00.000+02:00,4,10,preliminary,"toll updated within the same article (3->4 dead, 9->10 injured, one injured person died)"
INC-0049,418315,https://www.nna-leb.gov.lb/ar/news/418315/%D8%BA%D8%A7%D8%B1%D8%A9-%D8%B9%D9%84%D9%89-%D8%A7%D9%84%D8%B4%D8%B9%D9%8A%D8%AA%D9%8A%D8%A9-%D9%88%D8%B3%D9%82%D9%88%D8%B7-%D8%B4%D9%87%D8%AF%D8%A7%D8%A1-%D9%88%D8%AC%D8%B1%D8%AD%D9%89-2,2026-03-08T06:33:22.000+02:00,,,preliminary,"death count vague ('casualties and martyrs reported'), no figure given"
INC-0050,418372,https://www.nna-leb.gov.lb/ar/news/418372/%D8%A7%D9%84%D8%BA%D8%A7%D8%B1%D8%A9-%D8%B9%D9%84%D9%89-%D8%A7%D9%84%D8%BA%D8%A7%D8%B2%D9%8A%D8%A9-%D8%B4%D9%87%D9%8A%D8%AF%D8%A7%D9%86-%D9%88%D8%AC%D8%B1%D8%AD%D9%89-%D9%88%D8%B9%D9%85%D9%84%D9%8A%D8%A7%D8%AA-%D8%B1%D9%81%D8%B9-%D8%A7%D9%84%D8%A7%D9%86%D9%82%D8%A7%D8%B6-%D9%85%D8%B3%D8%AA%D9%85%D8%B1%D8%A9-2,2026-03-08T10:25:38.000+02:00,2,0,preliminary,named: Brig. Gen. Mohammad Hammadi + nephew; update/confirmation in 418515
INC-0050,418515,https://www.nna-leb.gov.lb/ar/news/418515/%D8%A7%D8%B3%D8%AA%D8%B4%D9%87%D8%A7%D8%AF-%D9%85%D9%88%D8%A7%D8%B7%D9%86%D9%8A%D9%86-%D9%8810-%D8%AC%D8%B1%D8%AD%D9%89-%D9%81%D9%8A-%D8%A7%D9%84%D8%BA%D8%A7%D8%B1%D8%A9-%D8%B9%D9%84%D9%89-%D8%A7%D9%84%D8%BA%D8%A7%D8%B2%D9%8A%D8%A9-2,2026-03-08T21:51:46.000+02:00,2,10,preliminary,MoPH update/confirmation of 418372 chain
INC-0051,418485,https://www.nna-leb.gov.lb/ar/news/418485/%D8%B4%D9%87%D9%8A%D8%AF-%D9%88%D8%AC%D8%B1%D9%8A%D8%AD-%D9%81%D9%8A-%D8%A7%D9%84%D8%BA%D8%A7%D8%B1%D8%A9-%D8%B9%D9%84%D9%89-%D8%A8%D8%B1%D9%8A%D8%AA%D8%A7%D9%84-2,2026-03-08T19:10:52.000+02:00,1,1,preliminary,1 dead is a Syrian national (per source)
INC-0052,418509,https://www.nna-leb.gov.lb/ar/news/418509/%D8%B4%D9%87%D9%8A%D8%AF%D8%A7%D9%86-%D9%886-%D8%AC%D8%B1%D8%AD%D9%89-%D9%81%D9%8A-%D8%A7%D9%84%D8%BA%D8%A7%D8%B1%D8%A7%D8%AA-%D8%B9%D9%84%D9%89-%D8%AA%D8%A8%D9%86%D9%8A%D9%86-2,2026-03-08T21:08:17.000+02:00,2,6,preliminary,distinct from the March 9 Tibnine strike (418806) - different date
INC-0053,418293,https://www.nna-leb.gov.lb/ar/news/418293/%D8%BA%D8%A7%D8%B1%D8%A9-%D9%84%D9%8A%D9%84%D8%A7-%D8%B9%D9%84%D9%89-%D8%AA%D9%81%D8%A7%D8%AD%D8%AA%D8%A7-%D8%A7%D8%AF%D9%89-%D8%A7%D9%84%D9%89-%D8%A7%D8%B3%D8%AA%D8%B4%D9%87%D8%A7%D8%AF-%D8%B9%D8%A7%D8%A6%D9%84%D8%A9-%D9%85%D8%A4%D9%84%D9%81%D8%A9-%D9%85%D9%86-8-%D8%A7%D8%B4%D8%AE%D8%A7%D8%B5-2,2026-03-08T04:58:20.000+02:00,8,0,preliminary,"initial/unconfirmed estimate of whole family (8); revised down in 418296 to 5 - flag discrepancy for merge review, use latest (5) per methodology but preserve 8 in updates table"
INC-0053,418296,https://www.nna-leb.gov.lb/ar/news/418296/%D8%B9%D9%85%D9%84%D9%8A%D8%A7%D8%AA-%D8%A7%D9%84%D8%B5%D8%AD%D8%A9-%D8%A7%D9%84%D8%BA%D8%A7%D8%B1%D8%A9-%D8%B9%D9%84%D9%89-%D8%AA%D9%81%D8%A7%D8%AD%D8%AA%D8%A7-%D8%A7%D8%AF%D8%AA-%D9%81%D9%8A-%D8%AD%D8%B5%D9%8A%D9%84%D8%A9-%D8%A3%D9%88%D9%84%D9%8A%D8%A9-%D8%A5%D9%84%D9%89-%D8%A7%D8%B3%D8%AA%D8%B4%D9%87%D8%A7%D8%AF-%D8%AE%D9%85%D8%B3%D8%A9-2,2026-03-08T05:06:24.000+02:00,5,0,preliminary,"MoPH revision of 418293 chain (8->5), still described as preliminary/not final, search for missing continuing"
INC-0053,418371,https://www.nna-leb.gov.lb/ar/news/418371/%D9%85%D8%AC%D8%B2%D8%B1%D8%A9-%D8%AA%D9%81%D8%A7%D8%AD%D8%AA%D8%A7-8-%D8%B4%D9%87%D8%AF%D8%A7%D8%A1-%D8%A8%D9%8A%D9%86%D9%87%D9%85-5-%D9%85%D9%86-%D8%B9%D8%A7%D8%A6%D9%84%D8%A9-%D9%88%D8%A7%D8%AD%D8%AF%D8%A9-2,2026-03-08T10:22:50.000+02:00,8,0,final,same Tfahta massacre as 418293/418296 (batch 2) - full named victim list (8) confirms the original 8 estimate was correct and 418296's MoPH interim figure of 5 was itself preliminary/incomplete; treat this as the final count for that incident
INC-0054,418506,https://www.nna-leb.gov.lb/ar/news/418506/%D9%88%D8%B2%D8%A7%D8%B1%D8%A9-%D8%A7%D9%84%D8%B5%D8%AD%D8%A9-10-%D8%B4%D9%87%D8%AF%D8%A7%D8%A1-%D9%81%D9%8A-%D8%A7%D9%84%D8%BA%D8%A7%D8%B1%D8%A9-%D8%B9%D9%84%D9%89-%D8%AD%D9%8A-%D8%A7%D9%84%D8%A2%D8%AB%D8%A7%D8%B1-%D9%81%D9%8A-%D8%B5%D9%88%D8%B1-2,2026-03-08T20:52:39.000+02:00,8,0,preliminary,"headline says 10, body text says 8 - internal inconsistency in the source article itself, flag for merge review, using body figure (8) as more specific"
INC-0055,418326,https://www.nna-leb.gov.lb/ar/news/418326/19-%D8%B4%D9%87%D9%8A%D8%AF%D8%A7-%D9%81%D9%8A-%D8%A7%D9%84%D8%BA%D8%A7%D8%B1%D8%A9-%D8%B9%D9%84%D9%89-%D9%85%D8%A8%D9%86%D9%89-%D9%81%D9%8A-%D8%B5%D9%8A%D8%B1-%D8%A7%D9%84%D8%BA%D8%B1%D8%A8%D9%8A%D8%A9-%D9%84%D9%8A%D9%84%D8%A7-2,2026-03-08T07:48:40.000+02:00,19,0,preliminary,"initial correspondent estimate; MoPH update in 418500 gives a much lower 10 - large discrepancy, flag heavily for merge review; article also mentions earlier Al-Bayader strike (between Kfarjouz/Habbouch) w/ no deaths"
INC-0055,418500,https://www.nna-leb.gov.lb/ar/news/418500/%D9%88%D8%B2%D8%A7%D8%B1%D8%A9-%D8%A7%D9%84%D8%B5%D8%AD%D8%A9-10-%D8%B4%D9%87%D8%AF%D8%A7%D8%A1-%D9%886-%D8%AC%D8%B1%D8%AD%D9%89-%D9%81%D9%8A-%D8%A7%D9%84%D8%BA%D8%A7%D8%B1%D8%A9-%D8%B9%D9%84%D9%89-%D8%B5%D9%8A%D8%B1-%D8%A7%D9%84%D8%BA%D8%B1%D8%A8%D9%8A%D8%A9-2,2026-03-08T20:31:42.000+02:00,10,6,preliminary,"MoPH update to 418326 chain - large drop from initial 19 estimate, flag heavily for merge review"
INC-0056,418442,https://www.nna-leb.gov.lb/ar/news/418442/%D8%A7%D8%B3%D8%AA%D8%B4%D9%87%D8%A7%D8%AF-%D9%85%D8%B2%D8%A7%D8%B1%D8%B9-%D9%81%D9%8A-%D8%B9%D9%84%D9%85%D8%A7-%D8%A7%D9%84%D8%B4%D8%B9%D8%A8-%D8%A8%D8%BA%D8%A7%D8%B1%D8%A9-%D8%A7%D8%B3%D8%AA%D9%87%D8%AF%D9%81%D8%AA%D9%87-2,2026-03-08T15:25:00.000+02:00,1,0,preliminary,"named in update 418443: Sami Y. Ghafari, brother of the town's church priest"
INC-0056,418443,https://www.nna-leb.gov.lb/ar/news/418443/%D8%A7%D9%84%D8%BA%D8%A7%D8%B1%D8%A9-%D8%B9%D9%84%D9%89-%D8%B9%D9%84%D9%85%D8%A7-%D8%A7%D9%84%D8%B4%D8%B9%D8%A8-%D8%A7%D8%B3%D8%AA%D9%87%D8%AF%D9%81%D8%AA-%D8%B4%D9%82%D9%8A%D9%82-%D8%AE%D9%88%D8%B1%D9%8A-%D9%83%D9%86%D9%8A%D8%B3%D8%A9-%D8%A7%D9%84%D8%B3%D9%8A%D8%AF%D8%A9-%D9%81%D9%8A-%D8%A7%D9%84%D8%A8%D9%84%D8%AF%D8%A9-%D9%88%D8%A7%D8%B3%D8%AA%D8%B4%D9%87%D8%A7%D8%AF%D9%87-2,2026-03-08T15:34:00.000+02:00,1,0,preliminary,update/detail to 418442 - same incident
INC-0057,418322,https://www.nna-leb.gov.lb/ar/news/418322/3-%D8%B4%D9%87%D8%AF%D8%A7%D8%A1-%D9%88%D8%AC%D8%B1%D8%AD%D9%89-%D9%81%D9%8A-%D8%A7%D9%84%D8%BA%D8%A7%D8%B1%D8%A9-%D8%B9%D9%84%D9%89-%D9%85%D9%86%D8%B2%D9%84-%D9%81%D9%8A-%D8%B9%D9%8A%D8%AA%D9%8A%D8%AA-2,2026-03-08T07:23:40.000+02:00,3,,preliminary,
INC-0058,418504,https://www.nna-leb.gov.lb/ar/news/418504/%D9%88%D8%B2%D8%A7%D8%B1%D8%A9-%D8%A7%D9%84%D8%B5%D8%AD%D8%A9-%D8%B4%D9%87%D9%8A%D8%AF-%D9%8810-%D8%AC%D8%B1%D8%AD%D9%89-%D9%81%D9%8A-%D8%A7%D9%84%D8%BA%D8%A7%D8%B1%D8%A9-%D8%B9%D9%84%D9%89-%D8%B9%D9%8A%D9%86-%D8%A7%D9%84%D8%AD%D9%84%D9%88%D8%A9-2,2026-03-08T20:48:12.000+02:00,1,10,preliminary,1 dead is a Palestinian national (per source); injured: 3 Lebanese + 7 Palestinian
INC-0059,418290,https://www.nna-leb.gov.lb/ar/news/418290/4-%D8%B4%D9%87%D8%AF%D8%A7%D8%A1-%D9%88%D8%AC%D8%B1%D8%AD%D9%89-%D9%81%D9%8A-%D8%AD%D8%B5%D9%8A%D9%84%D8%A9-%D8%A7%D9%88%D9%84%D9%8A%D8%A9-%D9%84%D8%BA%D8%A7%D8%B1%D8%A9-%D8%B9%D9%84%D9%89-%D8%A8%D9%84%D8%AF%D8%A9-%D9%82%D8%A7%D9%86%D8%A7-%D9%81%D8%AC%D8%B1%D8%A7-2,2026-03-08T04:47:43.000+02:00,4,,preliminary,
INC-0060,418472,https://www.nna-leb.gov.lb/ar/news/418472/%D8%A7%D8%B3%D8%AA%D9%87%D8%AF%D8%A7%D9%81-%D9%86%D8%AD%D9%88-15-%D8%B9%D8%A7%D9%85%D9%84%D8%A7-%D9%85%D8%B9%D8%B8%D9%85%D9%87%D9%85-%D9%85%D9%86-%D8%A7%D9%84%D8%AC%D9%86%D8%B3%D9%8A%D8%A9-%D8%A7%D9%84%D8%B3%D9%88%D8%B1%D9%8A%D8%A9-%D9%81%D9%8A-%D9%85%D8%B2%D8%B1%D8%B9%D8%A9-%D8%AF%D8%AC%D8%A7%D8%AC-%D9%81%D9%8A-%D9%8A%D8%AD%D9%85%D8%B1-%D8%A7%D9%84%D8%B4%D9%82%D9%8A%D9%81-%D9%88%D9%85%D9%86%D8%A7%D8%B4%D8%AF%D8%A9-%D9%84%D9%84%D9%81%D8%B1%D9%82-%D8%A7%D9%84%D8%A7%D8%B3%D8%B9%D8%A7%D9%81%D9%8A%D8%A9-%D9%84%D9%84%D8%AA%D9%88%D8%AC%D9%87-%D8%A7%D9%84%D9%89-%D8%A7%D9%84%D9%85%D9%83%D8%A7%D9%86-2,2026-03-08T17:52:00.000+02:00,,,preliminary,deaths implied ('الشهداء') but no number given yet in this article; count given in update 418513 (2)
INC-0060,418513,https://www.nna-leb.gov.lb/ar/news/418513/%D9%88%D8%B2%D8%A7%D8%B1%D8%A9-%D8%A7%D9%84%D8%B5%D8%AD%D8%A9-%D8%A7%D9%86%D8%AA%D8%B4%D8%A7%D9%84-%D8%AC%D8%AB%D9%85%D8%A7%D9%86%D9%8A-%D8%B4%D9%87%D9%8A%D8%AF%D9%8A%D9%86-%D9%88%D8%A5%D9%86%D9%82%D8%A7%D8%B0-8-%D8%AC%D8%B1%D8%AD%D9%89-%D9%86%D8%A7%D8%AC%D9%8A%D9%86-%D9%85%D9%86-%D8%A7%D9%84%D8%BA%D8%A7%D8%B1%D8%A9-%D8%B9%D9%84%D9%89-%D9%8A%D8%AD%D9%85%D8%B1-2,2026-03-08T21:37:36.000+02:00,2,8,preliminary,update to 418472 chain - gives the actual death count (2)
INC-0061,418720,https://www.nna-leb.gov.lb/ar/news/418720/%D8%B4%D9%87%D9%8A%D8%AF-%D9%88%D8%AC%D8%B1%D9%8A%D8%AD-%D9%81%D9%8A-%D8%BA%D8%A7%D8%B1%D8%A9-%D8%A7%D8%B3%D8%AA%D9%87%D8%AF%D9%81%D8%AA-%D8%AF%D8%B1%D8%A7%D8%AC%D8%AA%D9%8A%D9%86-%D8%B9%D9%84%D9%89-%D8%B7%D8%B1%D9%8A%D9%82-%D8%B9%D8%A7%D9%85-%D8%A8%D9%8A%D8%AA-%D9%8A%D8%A7%D8%AD%D9%88%D9%86-%E2%80%93-%D8%AA%D8%A8%D9%86%D9%8A%D9%86-2,2026-03-09T15:13:40.000+02:00,1,1,preliminary,1 dead is a Syrian national (per source)
INC-0062,418592b,https://www.nna-leb.gov.lb/ar/news/418592/5-%D8%B4%D9%87%D8%AF%D8%A7%D8%A1-%D9%81%D9%8A-%D8%BA%D8%A7%D8%B1%D8%AA%D9%8A%D9%86-%D9%85%D8%B9%D8%A7%D8%AF%D9%8A%D8%AA%D9%8A%D9%86-%D8%B9%D9%84%D9%89-%D9%83%D9%81%D8%B1%D8%AA%D8%A8%D9%86%D9%8A%D8%AA-%D9%88%D8%B7%D8%B1%D9%8A%D9%82-%D8%A8%D9%86%D8%AA-%D8%AC%D8%A8%D9%8A%D9%84-%E2%80%93-%D8%B9%D9%8A%D8%AA%D8%B1%D9%88%D9%86-2,2026-03-09T09:03:49.000+02:00,2,0,preliminary,same source article as 418592; separate strike/location on a road between two towns - split into own row
INC-0063,418669,https://www.nna-leb.gov.lb/ar/news/418669/%D8%A7%D9%84%D8%B5%D8%AD%D8%A9-%D9%81%D9%8A-%D8%AD%D8%B5%D9%8A%D9%84%D8%A9-%D8%A3%D9%88%D9%84%D9%8A%D8%A9-%D9%84%D9%84%D8%BA%D8%A7%D8%B1%D8%A7%D8%AA-%D8%A7%D9%84%D9%86%D9%87%D8%A7%D8%B1%D9%8A%D8%A9-%D8%B9%D9%84%D9%89-%D8%A7%D9%84%D8%B6%D8%A7%D8%AD%D9%8A%D8%A9-%D8%B4%D9%87%D9%8A%D8%AF-%D9%8812%D8%AC%D8%B1%D9%8A%D8%AD%D8%A7-2,2026-03-09T12:09:27.000+02:00,1,12,preliminary,
INC-0064,418777,https://www.nna-leb.gov.lb/ar/news/418777/%D8%A7%D8%B3%D8%AA%D8%B4%D9%87%D8%A7%D8%AF-%D9%85%D9%88%D8%A7%D8%B7%D9%86%D9%8A%D9%86-%D9%81%D9%8A-%D8%A7%D9%84%D8%BA%D8%A7%D8%B1%D8%A9-%D8%B9%D9%84%D9%89-%D8%A7%D9%84%D8%B7%D9%8A%D8%B1%D9%8A-%D9%88%D9%82%D8%B5%D9%81-%D9%85%D8%B9%D8%A7%D8%AF-%D8%B7%D8%A7%D9%88%D9%84-%D8%A7%D8%AD%D8%B1%D8%A7%D8%AC-%D8%B9%D9%84%D9%8A-%D8%A7%D9%84%D8%B7%D8%A7%D9%87%D8%B1-2,2026-03-09T18:21:04.000+02:00,,,preliminary,"deaths described only as plural 'citizens', no number given; article also mentions artillery shelling on Ali al-Taher forest near Nabatieh al-Fawqa w/ no deaths"
INC-0065,418805,https://www.nna-leb.gov.lb/ar/news/418805/%D9%85%D8%B1%D9%83%D8%B2-%D8%B9%D9%85%D9%84%D9%8A%D8%A7%D8%AA-%D8%B7%D9%88%D8%A7%D8%B1%D8%A6-%D8%A7%D9%84%D8%B5%D8%AD%D8%A9-%D8%A7%D9%84%D9%82%D8%B5%D9%81-%D8%A7%D9%84%D9%85%D8%AF%D9%81%D8%B9%D9%8A-%D8%A7%D9%84%D8%A5%D8%B3%D8%B1%D8%A7%D8%A6%D9%8A%D9%84%D9%8A-%D8%B9%D9%84%D9%89-%D8%A7%D9%84%D9%82%D9%84%D9%8A%D8%B9%D8%A9-%D8%A3%D8%AF%D9%89-%D8%A5%D9%84%D9%89-%D8%A7%D8%B3%D8%AA%D8%B4%D9%87%D8%A7%D8%AF-%D9%83%D8%A7%D9%87%D9%86-%D8%A7%D9%84%D8%B1%D8%B9%D9%8A%D8%A9-%D9%88%D8%A5%D8%B5%D8%A7%D8%A8%D8%A9-6-%D9%85%D9%88%D8%A7%D8%B7%D9%86%D9%8A%D9%86-%D8%A8%D8%AC%D8%B1%D9%88%D8%AD-2,2026-03-09T20:54:22.000+02:00,1,6,preliminary,
INC-0066,418874,https://www.nna-leb.gov.lb/ar/news/418874/%D8%A7%D8%B3%D8%AA%D8%B4%D9%87%D8%A7%D8%AF-%D8%B9%D8%A7%D8%A6%D9%84%D8%A9-%D9%85%D9%86-%D8%A2%D9%84-%D8%AD%D9%85%D8%AF%D8%A7%D9%86-%D9%81%D9%8A-%D8%BA%D8%A7%D8%B1%D8%A9-%D8%B9%D9%84%D9%89-%D8%A7%D9%84%D9%86%D9%85%D9%8A%D8%B1%D9%8A%D8%A9-%D9%84%D9%8A%D9%84%D8%A7-2,2026-03-10T08:14:13.000+02:00,6,0,preliminary,"Hamdan family; event_date corrected from Mar 10 (publish date) to Mar 9 per explicit 'الليلة الماضية' (last night) text - validation audit fix; possible overlap with 418802 (same corrected date), kept separate pending user review; update/final in 418963 (8)"
INC-0066,418963,https://www.nna-leb.gov.lb/ar/news/418963/%D8%A7%D8%B1%D8%AA%D9%81%D8%A7%D8%B9-%D8%B9%D8%AF%D8%AF-%D8%B4%D9%87%D8%AF%D8%A7%D8%A1-%D9%85%D8%AC%D8%B2%D8%B1%D8%A9-%D8%A7%D9%84%D9%86%D9%85%D9%8A%D8%B1%D9%8A%D8%A9-8-%D8%A8%D9%8A%D9%86%D9%87%D9%85-%D8%B4%D8%A7%D8%A8-%D8%A3%D8%B5%D9%8A%D8%A8-%D8%B3%D8%A7%D8%A8%D9%82%D9%8B%D8%A7-%D9%88%D8%B7%D9%81%D9%84%D8%A7%D9%86-2,2026-03-10T12:24:27.000+02:00,8,0,final,"event_date corrected from Mar 10 to Mar 9 (same fix as 418874 - validation audit); update to 418874 Hamdan-family chain (6->8, one victim died of wounds in hospital)"
INC-0067,418802,https://www.nna-leb.gov.lb/ar/news/418802/%D9%85%D8%B1%D9%83%D8%B2-%D8%B9%D9%85%D9%84%D9%8A%D8%A7%D8%AA-%D8%B7%D9%88%D8%A7%D8%B1%D8%A6-%D8%A7%D9%84%D8%B5%D8%AD%D8%A9-7-%D8%B4%D9%87%D8%AF%D8%A7%D8%A1-%D9%88%D8%AC%D8%B1%D9%8A%D8%AD%D8%A7%D9%86-%D8%A7%D8%AB%D9%86%D8%A7%D9%86-%D9%81%D9%8A-%D8%A7%D9%84%D8%BA%D8%A7%D8%B1%D8%A9-%D8%B9%D9%84%D9%89-%D8%A7%D9%84%D9%86%D9%85%D9%8A%D8%B1%D9%8A%D8%A9-2,2026-03-09T20:32:47.000+02:00,7,2,preliminary,"SAME DATE as the Hamdan-family Nmeiriyeh massacre (418874/418963) after the retrospective-language date correction (was recorded as Mar 10, corrected to Mar 9 - see validation audit); kept as a separate incident since this is a generic unnamed-victim MoPH-style report vs. the specifically-named Hamdan family reported hours later - genuinely uncertain whether same or different strike, flagged for user review"
INC-0068,418807,https://www.nna-leb.gov.lb/ar/news/418807/%D8%A7%D9%84%D8%BA%D8%A7%D8%B1%D8%A7%D8%AA-%D8%B9%D9%84%D9%89-%D8%A8%D9%8A%D8%AA-%D9%84%D9%8A%D9%81-%D8%B4%D9%87%D9%8A%D8%AF%D8%A7%D9%86-%D8%A7%D8%AB%D9%86%D8%A7%D9%86-%D9%888-%D8%AC%D8%B1%D8%AD%D9%89-2,2026-03-09T21:03:13.000+02:00,2,8,preliminary,
INC-0069,418806,https://www.nna-leb.gov.lb/ar/news/418806/%D8%B4%D9%87%D9%8A%D8%AF%D8%A7%D9%86-%D8%A7%D8%AB%D9%86%D8%A7%D9%86-%D9%884-%D8%AC%D8%B1%D8%AD%D9%89-%D9%81%D9%8A-%D8%A7%D9%84%D8%BA%D8%A7%D8%B1%D8%A7%D8%AA-%D8%B9%D9%84%D9%89-%D8%AA%D8%A8%D9%86%D9%8A%D9%86-2,2026-03-09T20:57:37.000+02:00,2,4,preliminary,distinct from the March 8 Tibnine strike (418509) - different date
INC-0070,418518,https://www.nna-leb.gov.lb/ar/news/418518/%D9%88%D8%B2%D8%A7%D8%B1%D8%A9-%D8%A7%D9%84%D8%B5%D8%AD%D8%A9-3-%D8%B4%D9%87%D8%AF%D8%A7%D8%A1-%D9%8816-%D8%AC%D8%B1%D9%8A%D8%AD%D9%8B%D8%A7-%D8%A7%D9%84%D8%AD%D8%B5%D9%8A%D9%84%D8%A9-%D8%A7%D9%84%D8%A3%D9%88%D9%84%D9%8A%D8%A9-%D9%84%D9%84%D8%BA%D8%A7%D8%B1%D8%A9-%D8%B9%D9%84%D9%89-%D8%AC%D9%88%D9%8A%D8%A7-2,2026-03-08T22:12:03.000+02:00,3,16,preliminary,"chain continues in 418583 (4) then 418675 (7, final)"
INC-0070,418583,https://www.nna-leb.gov.lb/ar/news/418583/%D8%B4%D9%87%D8%AF%D8%A7%D8%A1-%D9%88%D8%AC%D8%B1%D8%AD%D9%89-%D9%81%D9%8A-%D8%A7%D9%84%D8%BA%D8%A7%D8%B1%D8%A7%D8%AA-%D8%B9%D9%84%D9%89-%D9%82%D8%B1%D9%89-%D9%81%D9%8A-%D9%82%D8%B6%D8%A7%D8%A1-%D8%B5%D9%88%D8%B1-%D9%81%D8%AC%D8%B1%D8%A7-%D9%88%D8%AF%D9%85%D8%A7%D8%B1-%D9%83%D8%A8%D9%8A%D8%B1-%D9%81%D9%8A-%D8%A7%D9%84%D8%A8%D9%86%D9%89-%D8%A7%D9%84%D8%AA%D8%AD%D8%AA%D9%8A%D8%A9-%D9%88%D8%A7%D9%84%D9%85%D9%86%D8%A7%D8%B2%D9%84-%D9%88%D8%B4%D8%A8%D9%83%D8%A7%D8%AA-%D8%A7%D9%84%D9%83%D9%87%D8%B1%D8%A8%D8%A7%D8%A1-%D9%88%D8%A7%D9%84%D9%85%D9%8A%D8%A7%D9%87-2,2026-03-09T09:06:00.000+02:00,4,20,preliminary,"update to 418518 chain; article is a roundup, also updates Tair Debba (see next row) and mentions Deb'aal/Bint Jbeil/Al-Tiri/Qalawiyeh/Srifa/Ainata/Khirbet Selm strikes w/ no new deaths here"
INC-0070,418675b,https://www.nna-leb.gov.lb/ar/news/418675/%D8%A7%D9%84%D8%B5%D8%AD%D8%A9-%D8%AA%D8%B9%D9%84%D9%86-%D8%AD%D8%B5%D9%8A%D9%84%D8%A9-%D9%86%D9%87%D8%A7%D8%A6%D9%8A%D8%A9-%D9%84%D9%84%D8%BA%D8%A7%D8%B1%D8%A7%D8%AA-%D8%B9%D9%84%D9%89-%D8%AC%D9%88%D9%8A%D8%A7-%D9%88%D8%B7%D9%8A%D8%B1%D8%AF%D8%A8%D8%A7-16-%D8%B4%D9%87%D9%8A%D8%AF%D8%A7-%D9%8840-%D8%AC%D8%B1%D9%8A%D8%AD%D8%A7-2,2026-03-09T12:31:31.000+02:00,7,23,final,same source article as 418675; FINAL MoPH toll for Joya - supersedes 418518/418583 - split into own row (different town)
INC-0071,418582,https://www.nna-leb.gov.lb/ar/news/418582/%D8%A7%D8%B3%D8%AA%D8%B4%D9%87%D8%A7%D8%AF-%D8%B4%D8%B1%D8%B7%D9%8A-%D8%A8%D9%84%D8%AF%D9%8A-%D9%81%D9%8A-%D8%B4%D8%A8%D8%B9%D8%A7-%D8%A8%D8%BA%D8%A7%D8%B1%D8%A9-%D8%A5%D8%B3%D8%B1%D8%A7%D8%A6%D9%8A%D9%84%D9%8A%D8%A9-%D8%B5%D8%A8%D8%A7%D8%AD-%D8%A7%D9%84%D9%8A%D9%88%D9%85-2,2026-03-09T08:46:14.000+02:00,1,0,preliminary,
INC-0072,418596,https://www.nna-leb.gov.lb/ar/news/418596/%D8%B4%D9%87%D9%8A%D8%AF-%D9%88%D8%AC%D8%B1%D9%8A%D8%AD-%D8%AC%D8%B1%D8%A7%D8%A1-%D8%BA%D8%A7%D8%B1%D8%A9-%D8%B9%D9%84%D9%89-%D8%B4%D9%88%D9%83%D9%8A%D9%86-2,2026-03-09T09:11:33.000+02:00,1,1,preliminary,update/confirmation in 418804 (1 dead/8 injured - higher injury count)
INC-0072,418804,https://www.nna-leb.gov.lb/ar/news/418804/%D8%A7%D9%84%D8%BA%D8%A7%D8%B1%D8%A9-%D8%B9%D9%84%D9%89-%D8%B4%D9%88%D9%83%D9%8A%D9%86-%D8%B4%D9%87%D9%8A%D8%AF-%D9%888-%D8%AC%D8%B1%D8%AD%D9%89-2,2026-03-09T20:40:12.000+02:00,1,8,preliminary,MoPH update/confirmation of 418596 - higher injury count
INC-0073,418523,https://www.nna-leb.gov.lb/ar/news/418523/%D8%B7%D9%88%D8%A7%D8%B1%D8%A6-%D8%A7%D9%84%D8%B5%D8%AD%D8%A9-%D9%81%D9%8A-%D8%AD%D8%B5%D9%8A%D9%84%D8%A9-%D8%A7%D9%88%D9%84%D9%8A%D8%A9-%D9%84%D9%84%D8%BA%D8%A7%D8%B1%D8%A9-%D8%B9%D9%84%D9%89-%D8%B7%D9%8A%D8%B1-%D8%AF%D8%A8%D8%A7-%D9%A3-%D8%B4%D9%87%D8%AF%D8%A7%D8%A1-%D9%88-%D9%A1%D9%A5-%D8%AC%D8%B1%D9%8A%D8%AD%D8%A7-%D9%88%D8%B1%D9%81%D8%B9-%D8%A7%D9%84%D8%A7%D9%86%D9%82%D8%A7%D8%B6-%D9%85%D8%B3%D8%AA%D9%85%D8%B1-2,2026-03-09T04:20:48.000+02:00,3,15,preliminary,"chain continues in 418583 (7) then 418675 (9, final)"
INC-0073,418583b,https://www.nna-leb.gov.lb/ar/news/418583/%D8%B4%D9%87%D8%AF%D8%A7%D8%A1-%D9%88%D8%AC%D8%B1%D8%AD%D9%89-%D9%81%D9%8A-%D8%A7%D9%84%D8%BA%D8%A7%D8%B1%D8%A7%D8%AA-%D8%B9%D9%84%D9%89-%D9%82%D8%B1%D9%89-%D9%81%D9%8A-%D9%82%D8%B6%D8%A7%D8%A1-%D8%B5%D9%88%D8%B1-%D9%81%D8%AC%D8%B1%D8%A7-%D9%88%D8%AF%D9%85%D8%A7%D8%B1-%D9%83%D8%A8%D9%8A%D8%B1-%D9%81%D9%8A-%D8%A7%D9%84%D8%A8%D9%86%D9%89-%D8%A7%D9%84%D8%AA%D8%AD%D8%AA%D9%8A%D8%A9-%D9%88%D8%A7%D9%84%D9%85%D9%86%D8%A7%D8%B2%D9%84-%D9%88%D8%B4%D8%A8%D9%83%D8%A7%D8%AA-%D8%A7%D9%84%D9%83%D9%87%D8%B1%D8%A8%D8%A7%D8%A1-%D9%88%D8%A7%D9%84%D9%85%D9%8A%D8%A7%D9%87-2,2026-03-09T09:06:00.000+02:00,7,18,preliminary,same source article as 418583; update to 418523 chain - split into own row (different town)
INC-0073,418675,https://www.nna-leb.gov.lb/ar/news/418675/%D8%A7%D9%84%D8%B5%D8%AD%D8%A9-%D8%AA%D8%B9%D9%84%D9%86-%D8%AD%D8%B5%D9%8A%D9%84%D8%A9-%D9%86%D9%87%D8%A7%D8%A6%D9%8A%D8%A9-%D9%84%D9%84%D8%BA%D8%A7%D8%B1%D8%A7%D8%AA-%D8%B9%D9%84%D9%89-%D8%AC%D9%88%D9%8A%D8%A7-%D9%88%D8%B7%D9%8A%D8%B1%D8%AF%D8%A8%D8%A7-16-%D8%B4%D9%87%D9%8A%D8%AF%D8%A7-%D9%8840-%D8%AC%D8%B1%D9%8A%D8%AD%D8%A7-2,2026-03-09T12:31:31.000+02:00,9,17,final,"FINAL MoPH toll for Tair Debba (9, one body still being searched for) - supersedes 418523/418583b"
INC-0074,418592,https://www.nna-leb.gov.lb/ar/news/418592/5-%D8%B4%D9%87%D8%AF%D8%A7%D8%A1-%D9%81%D9%8A-%D8%BA%D8%A7%D8%B1%D8%AA%D9%8A%D9%86-%D9%85%D8%B9%D8%A7%D8%AF%D9%8A%D8%AA%D9%8A%D9%86-%D8%B9%D9%84%D9%89-%D9%83%D9%81%D8%B1%D8%AA%D8%A8%D9%86%D9%8A%D8%AA-%D9%88%D8%B7%D8%B1%D9%8A%D9%82-%D8%A8%D9%86%D8%AA-%D8%AC%D8%A8%D9%8A%D9%84-%E2%80%93-%D8%B9%D9%8A%D8%AA%D8%B1%D9%88%D9%86-2,2026-03-09T09:03:49.000+02:00,3,0,preliminary,one of two strikes in this article - see next row for the second
INC-0075,419092,https://www.nna-leb.gov.lb/ar/news/419092/%D9%85%D8%B1%D9%83%D8%B2-%D8%B9%D9%85%D9%84%D9%8A%D8%A7%D8%AA-%D8%B7%D9%88%D8%A7%D8%B1%D8%A6-%D8%A7%D9%84%D8%B5%D8%AD%D8%A9-%D8%A5%D8%B1%D8%AA%D9%82%D8%A7%D8%A1-%D8%B4%D9%87%D9%8A%D8%AF-%D9%81%D9%8A-%D8%A7%D9%84%D8%A3%D9%88%D8%B2%D8%A7%D8%B9%D9%8A-2,2026-03-10T21:24:00.000+02:00,1,0,preliminary,
INC-0076,419102,https://www.nna-leb.gov.lb/ar/news/419102/%D8%A7%D9%84%D8%BA%D8%A7%D8%B1%D8%A9-%D8%B9%D9%84%D9%89-%D8%A7%D9%84%D8%AD%D9%88%D8%B4-%D8%B4%D9%87%D9%8A%D8%AF-%D9%888-%D8%AC%D8%B1%D8%AD%D9%89-2,2026-03-10T23:01:03.000+02:00,1,8,preliminary,
INC-0077,418962,https://www.nna-leb.gov.lb/ar/news/418962/%D8%B4%D9%87%D9%8A%D8%AF%D8%A7%D9%86-%D8%AC%D8%B1%D8%A7%D8%A1-%D8%A7%D8%B3%D8%AA%D9%87%D8%AF%D8%A7%D9%81-%D8%B3%D9%8A%D8%A7%D8%B1%D8%A9-%D9%81%D9%8A-%D8%A7%D9%84%D9%82%D9%84%D9%8A%D9%84%D8%A9-2,2026-03-10T12:19:26.000+02:00,2,0,preliminary,"distinct from the March 3 Qlaile strike (417496, batch 1) - different date"
INC-0078,419068,https://www.nna-leb.gov.lb/ar/news/419068/%D8%A7%D8%B3%D8%AA%D8%B4%D9%87%D8%A7%D8%AF-%D8%B1%D8%A6%D9%8A%D8%B3-%D8%A8%D9%84%D8%AF%D9%8A%D8%A9-%D8%AC%D9%88%D9%8A%D8%A7-%D9%88%D8%B9%D8%B6%D9%88-%D9%81%D9%8A-%D8%A7%D9%84%D8%A8%D9%84%D8%AF%D9%8A%D8%A9-%D9%81%D9%8A-%D8%A7%D9%84%D8%BA%D8%A7%D8%B1%D8%A9-%D8%A7%D9%84%D8%A3%D8%AE%D9%8A%D8%B1%D8%A9-%D8%B9%D9%84%D9%89-%D8%A7%D9%84%D8%A8%D9%84%D8%AF%D8%A9-2,2026-03-10T18:52:16.000+02:00,2,0,preliminary,"named: mayor Fawzi Fawaz + council member Abbas al-Baalbaki; a NEW/later strike on Joya after the 418675 'final' toll (7) - likely additive, flag for merge review"
INC-0079,419097,https://www.nna-leb.gov.lb/ar/news/419097/%D9%85%D8%B1%D9%83%D8%B2-%D8%B9%D9%85%D9%84%D9%8A%D8%A7%D8%AA-%D8%B7%D9%88%D8%A7%D8%B1%D8%A6-%D8%A7%D9%84%D8%B5%D8%AD%D8%A9-%D8%BA%D8%A7%D8%B1%D8%AA%D8%A7%D9%86-%D8%A7%D8%AB%D9%86%D8%AA%D8%A7%D9%86-%D8%B9%D9%84%D9%89-%D8%AD%D9%86%D8%A7%D9%88%D9%8A%D9%87-%D9%883-%D8%B4%D9%87%D8%AF%D8%A7%D8%A1-%D8%A8%D9%8A%D9%86%D9%87%D9%85-%D9%85%D8%B3%D8%B9%D9%81-2,2026-03-10T21:57:13.000+02:00,3,2,preliminary,second strike hit medic responding to first strike's casualties
INC-0080,419088,https://www.nna-leb.gov.lb/ar/news/419088/%D8%A7%D8%B1%D8%AA%D9%82%D8%A7%D8%A1-%D8%B4%D9%87%D9%8A%D8%AF%D9%8A%D9%86-%D8%A7%D8%AB%D9%86%D9%8A%D9%86-%D9%81%D9%8A-%D8%A7%D9%84%D8%BA%D8%A7%D8%B1%D8%A9-%D8%A7%D9%84%D8%AC%D9%88%D9%8A%D8%A9-%D9%85%D8%B3%D8%A7%D8%A1-%D8%A7%D9%84%D9%8A%D9%88%D9%85-%D8%B9%D9%84%D9%89-%D8%B2%D9%88%D8%B7%D8%B1-%D8%A7%D9%84%D8%B4%D8%B1%D9%82%D9%8A%D8%A9-2,2026-03-10T21:08:00.000+02:00,2,0,preliminary,distinct date from the March 3 Zawtar al-Sharqiya family (417534) - separate incident
INC-0081,419103,https://www.nna-leb.gov.lb/ar/news/419103/%D8%A7%D9%84%D8%BA%D8%A7%D8%B1%D8%A7%D8%AA-%D8%B9%D9%84%D9%89-%D9%82%D8%A7%D9%86%D8%A7-5-%D8%B4%D9%87%D8%AF%D8%A7%D8%A1-%D9%885-%D8%AC%D8%B1%D8%AD%D9%89-2,2026-03-10T23:05:44.000+02:00,5,5,preliminary,"distinct date from the March 8 Qana strike (418290, batch 2) - separate incident"
INC-0082,419080,https://www.nna-leb.gov.lb/ar/news/419080/%D8%A5%D8%B1%D8%AA%D9%82%D8%A7%D8%A1-4-%D8%B4%D9%87%D8%AF%D8%A7%D8%A1-%D9%81%D9%8A-%D8%A7%D9%84%D8%BA%D8%A7%D8%B1%D8%A9-%D9%85%D8%B3%D8%A7%D8%A1-%D8%A7%D9%84%D9%8A%D9%88%D9%85-%D8%B9%D9%84%D9%89-%D9%82%D9%84%D8%A7%D9%88%D9%8A%D9%87-2,2026-03-10T19:58:15.000+02:00,4,0,preliminary,this article explicitly states Qalawiyeh is in Bint Jbeil district - CORRECTS my earlier district assignment for 418036/418038 (batch 2) which I'd guessed as Nabatieh district; those should be corrected to Bint Jbeil. Distinct date/incident from the March 6 Qalawiyeh strike
INC-0083,419044,https://www.nna-leb.gov.lb/ar/news/419044/%D8%B4%D9%87%D9%8A%D8%AF-%D9%81%D9%8A-%D8%A7%D9%84%D8%BA%D8%A7%D8%B1%D8%A9-%D8%B9%D9%84%D9%89-%D9%83%D9%81%D8%B1%D8%AC%D9%88%D8%B2-2,2026-03-10T17:31:00.000+02:00,1,0,preliminary,named: Haj Ayad Jaber
INC-0084,419261,https://www.nna-leb.gov.lb/ar/news/419261/%D8%B4%D9%87%D9%8A%D8%AF%D8%A7%D9%86-%D8%AC%D8%B1%D8%A7%D8%A1-%D8%A7%D9%84%D8%BA%D8%A7%D8%B1%D8%A9-%D8%B9%D9%84%D9%89-%D8%A7%D9%84%D9%85%D9%86%D8%B7%D9%82%D8%A9-%D8%A7%D9%84%D9%88%D8%A7%D9%82%D8%B9%D8%A9-%D8%A8%D9%8A%D9%86-%D8%A8%D9%84%D8%AF%D8%AA%D9%8A-%D8%AD%D8%A8%D9%88%D8%B4-%D9%88%D8%B9%D8%B1%D8%A8%D8%B5%D8%A7%D9%84%D9%8A%D9%85-2,2026-03-11T11:57:00.000+02:00,2,0,preliminary,"area between two towns, not a single town"
INC-0085,419427,https://www.nna-leb.gov.lb/ar/news/419427/%D8%B4%D9%87%D8%AF%D8%A7%D8%A1-%D9%88%D8%AC%D8%B1%D8%AD%D9%89-%D8%A8%D8%A7%D8%B3%D8%AA%D9%87%D8%AF%D8%A7%D9%81-%D8%B3%D9%8A%D8%A7%D8%B1%D8%A9-%D9%81%D9%8A-%D8%A7%D9%84%D8%B1%D9%85%D9%84%D8%A9-%D8%A7%D9%84%D8%A8%D9%8A%D8%B6%D8%A7%D8%A1-2,2026-03-12T02:02:34.000+02:00,,,preliminary,"death count vague ('martyrs and wounded'), no figure given; chain continues in 419429 (7), 419457 (8), 419588 final (12)"
INC-0085,419429,https://www.nna-leb.gov.lb/ar/news/419429/%D8%A7%D9%84%D8%B5%D8%AD%D8%A9-%D9%81%D9%8A-%D8%AD%D8%B5%D9%8A%D9%84%D8%A9-%D8%A3%D9%88%D9%84%D9%8A%D8%A9-%D9%84%D9%84%D8%BA%D8%A7%D8%B1%D8%A9-%D8%B9%D9%84%D9%89-%D8%A7%D9%84%D8%B1%D9%85%D9%84%D8%A9-%D8%A7%D9%84%D8%A8%D9%8A%D8%B6%D8%A7%D8%A1-7-%D8%B4%D9%87%D8%AF%D8%A7%D8%A1-%D9%8821-%D8%AC%D8%B1%D9%8A%D8%AD%D8%A7-2,2026-03-12T02:08:28.000+02:00,7,21,preliminary,MoPH update to 419427 chain
INC-0085,419457,https://www.nna-leb.gov.lb/ar/news/419457/%D8%A7%D9%84%D8%B5%D8%AD%D8%A9-%D8%A7%D8%B1%D8%AA%D9%81%D8%A7%D8%B9-%D8%AD%D8%B5%D9%8A%D9%84%D8%A9-%D8%A7%D9%84%D8%BA%D8%A7%D8%B1%D8%A9-%D8%B9%D9%84%D9%89-%D8%A7%D9%84%D8%B1%D9%85%D9%84%D8%A9-%D8%A7%D9%84%D8%A8%D9%8A%D8%B6%D8%A7%D8%A1-%D8%A7%D9%84%D9%89-8-%D8%B4%D9%87%D8%AF%D8%A7%D8%A1-%D9%8831-%D8%AC%D8%B1%D9%8A%D8%AD%D8%A7-2,2026-03-12T06:18:05.000+02:00,8,31,preliminary,update to 419427/419429 chain
INC-0085,419588b,https://www.nna-leb.gov.lb/ar/news/419588/%D8%A7%D9%84%D8%BA%D8%A7%D8%B1%D8%AA%D8%A7%D9%86-%D8%B9%D9%84%D9%89-%D8%B9%D8%B1%D9%85%D9%88%D9%86-%D9%88%D8%A7%D9%84%D8%B1%D9%85%D9%84%D8%A9-%D8%A7%D9%84%D8%A8%D9%8A%D8%B6%D8%A7%D8%A1-%D8%AD%D8%B5%D9%8A%D9%84%D8%A9-%D9%86%D9%87%D8%A7%D8%A6%D9%8A%D8%A9-2,2026-03-12T14:30:16.000+02:00,12,28,final,"same source article as 419588; FINAL MoPH toll for Ramlet al-Baida - split into own row (different town), supersedes 419427/419429/419457"
INC-0086,419129,https://www.nna-leb.gov.lb/ar/news/419129/%D8%BA%D8%A7%D8%B1%D8%A7%D8%AA-%D8%B9%D9%84%D9%89-%D9%82%D8%B1%D9%89-%D9%81%D9%8A-%D9%82%D8%B6%D8%A7%D8%A1-%D8%A7%D9%84%D9%86%D8%A8%D8%B7%D9%8A%D8%A9-%D9%84%D9%8A%D9%84%D8%A7-%D9%88%D8%B3%D9%82%D9%88%D8%B7-3-%D8%B4%D9%87%D8%AF%D8%A7%D8%A1-%D9%81%D9%8A-%D8%A7%D9%84%D8%B4%D8%B1%D9%82%D9%8A%D8%A9-2,2026-03-11T06:14:52.000+02:00,3,0,preliminary,"named: Jihad Shoeib, Hussein Hassan Shoeib, Mahdi Hussein Shoeib (same family); distinct date from 418413's earlier Sharqiya mention - separate incident, though repeated pattern (3 dead, Sharqiya) worth double-checking isn't a reporting duplicate"
INC-0087,419173,https://www.nna-leb.gov.lb/ar/news/419173/%D8%A7%D9%84%D8%B5%D8%AD%D8%A9-%D8%A7%D8%B3%D8%AA%D8%B4%D9%87%D8%A7%D8%AF-7-%D9%85%D9%88%D8%A7%D8%B7%D9%86%D9%8A%D9%86-%D9%88%D8%A5%D8%B5%D8%A7%D8%A8%D8%A9-11-%D8%A8%D8%AC%D8%B1%D9%88%D8%AD-%D9%81%D9%8A-%D8%A7%D9%84%D8%BA%D8%A7%D8%B1%D8%A7%D8%AA-%D8%B9%D9%84%D9%89-%D8%A7%D9%84%D8%B4%D9%87%D8%A7%D8%A8%D9%8A%D8%A9-2,2026-03-11T08:29:23.000+02:00,7,11,preliminary,
INC-0088,419151,https://www.nna-leb.gov.lb/ar/news/419151/%D8%B4%D9%87%D9%8A%D8%AF-%D8%AC%D8%B1%D8%A7%D8%A1-%D8%BA%D8%A7%D8%B1%D8%A9-%D8%A7%D8%B3%D8%AA%D9%87%D8%AF%D9%81%D8%AA%D9%87-%D9%81%D9%8A-%D8%A7%D9%84%D9%86%D8%A8%D8%B7%D9%8A%D8%A9-2,2026-03-11T07:28:22.000+02:00,1,0,preliminary,
INC-0089,419371,https://www.nna-leb.gov.lb/ar/news/419371/6-%D8%B4%D9%87%D8%AF%D8%A7%D8%A1-%D9%88%D8%B9%D8%AF%D8%AF-%D9%85%D9%86-%D8%A7%D9%84%D8%AC%D8%B1%D8%AD%D9%89-%D9%81%D9%8A-%D8%A7%D9%84%D8%BA%D8%A7%D8%B1%D8%A9-%D8%B9%D9%84%D9%89-%D8%A7%D9%84%D8%A8%D8%B1%D8%AC-%D8%A7%D9%84%D8%B4%D9%85%D8%A7%D9%84%D9%8A-2,2026-03-11T18:33:00.000+02:00,6,0,preliminary,injury count unspecified; named family detailed in update 419419; MoPH update 419424 gives lower count (4) - flag discrepancy
INC-0089,419419,https://www.nna-leb.gov.lb/ar/news/419419/%D9%85%D8%AC%D8%B2%D8%B1%D8%A9-%D9%84%D9%84%D8%B9%D8%AF%D9%88-%D8%A7%D9%84%D8%A5%D8%B3%D8%B1%D8%A7%D8%A6%D9%8A%D9%84%D9%8A-%D9%81%D9%8A-%D8%A7%D9%84%D8%A8%D8%B1%D8%AC-%D8%A7%D9%84%D8%B4%D9%85%D8%A7%D9%84%D9%8A-%D8%A7%D8%B3%D8%AA%D8%B4%D9%87%D8%A7%D8%AF-%D8%A3%D9%85-%D9%88%D8%A3%D8%A8%D9%86%D8%A7%D8%A6%D9%87%D8%A7-%D8%A7%D9%84%D8%AB%D9%84%D8%A7%D8%AB%D8%A9-%D9%81%D9%8A-%D8%BA%D8%A7%D8%B1%D8%A9-%D8%A5%D8%B3%D8%B1%D8%A7%D8%A6%D9%8A%D9%84%D9%8A%D8%A9-%D8%B9%D9%84%D9%89-%D9%85%D9%86%D8%B2%D9%84%D9%87%D9%85-2,2026-03-11T22:06:00.000+02:00,4,0,preliminary,"named: mother Fatima Awadeh + 3 sons (Sadr, Hussein, Fadi Zalghout); detail/update to 419371 chain, not additive"
INC-0089,419424,https://www.nna-leb.gov.lb/ar/news/419424/4-%D8%B4%D9%87%D8%AF%D8%A7%D8%A1-%D9%889-%D8%AC%D8%B1%D8%AD%D9%89-%D9%81%D9%8A-%D8%A7%D9%84%D8%BA%D8%A7%D8%B1%D8%A9-%D8%B9%D9%84%D9%89-%D8%A8%D8%B1%D8%AC-%D8%A7%D9%84%D8%B4%D9%85%D8%A7%D9%84%D9%8A-2,2026-03-11T22:39:41.000+02:00,4,9,preliminary,"MoPH update to 419371 chain - lower than initial 6 estimate, flag discrepancy"
INC-0090,419344b,https://www.nna-leb.gov.lb/ar/news/419344/%D8%A7%D8%B3%D8%AA%D8%B4%D9%87%D8%A7%D8%AF-5-%D8%A7%D9%81%D8%B1%D8%A7%D8%AF-%D9%85%D9%86-%D8%B9%D8%A7%D8%A6%D9%84%D8%A9-%D9%88%D8%A7%D8%AD%D8%AF%D8%A9-%D9%88%D8%A2%D8%AE%D8%B1%D9%8A%D9%86-%D9%85%D9%86-%D9%85%D8%A7%D8%B1%D9%88%D9%86-%D8%A7%D9%84%D8%B1%D8%A7%D8%B3-%D9%81%D9%8A-%D8%BA%D8%A7%D8%B1%D8%A9-%D8%A7%D8%B3%D8%AA%D9%87%D8%AF%D9%81%D8%AA-%D9%85%D8%A8%D9%86%D9%89-%D9%8A%D9%82%D8%B7%D9%86%D9%87-%D9%86%D8%A7%D8%B2%D8%AD%D9%88%D9%86-%D9%81%D9%8A-%D8%AA%D8%A8%D9%86%D9%8A%D9%86-2,2026-03-11T17:28:15.000+02:00,1,0,preliminary,same source article as 419344; split into own row (different town). Article also mentions Kafra/Hariss strikes w/ no deaths
INC-0091,419162,https://www.nna-leb.gov.lb/ar/news/419162/3-%D8%B4%D9%87%D8%AF%D8%A7%D8%A1-%D9%81%D9%8A-%D8%A7%D8%B3%D8%AA%D9%87%D8%AF%D8%A7%D9%81-%D8%A7%D9%84%D8%B3%D9%8A%D8%A7%D8%B1%D8%A9-%D9%81%D9%8A-%D8%A8%D9%86%D8%AA-%D8%AC%D8%A8%D9%8A%D9%84-%D9%88%D8%AC%D8%B1%D9%8A%D8%AD%D8%A7%D9%86-%D9%81%D9%8A-%D8%A7%D9%84%D8%BA%D8%A7%D8%B1%D8%A9-%D8%B9%D9%84%D9%89-%D8%A8%D8%B1%D8%B9%D8%B4%D9%8A%D8%AA-2,2026-03-11T08:01:08.000+02:00,3,0,preliminary,"article also covers Bar'ashit (2 Syrians injured, no death) and Tibnine (injuries only, no death) strikes"
INC-0092,419176,https://www.nna-leb.gov.lb/ar/news/419176/%D8%AB%D9%84%D8%A7%D8%AB%D8%A9-%D8%B4%D9%87%D8%AF%D8%A7%D8%A1-%D9%86%D8%AA%D9%8A%D8%AC%D8%A9-%D8%A7%D9%84%D8%BA%D8%A7%D8%B1%D8%A9-%D8%A7%D9%84%D9%85%D8%B9%D8%A7%D8%AF%D9%8A%D8%A9-%D9%81%D8%AC%D8%B1%D8%A7-%D8%B9%D9%84%D9%89-%D9%85%D8%AF%D9%8A%D9%86%D8%A9-%D8%A8%D9%86%D8%AA-%D8%AC%D8%A8%D9%8A%D9%84-2,2026-03-11T08:33:34.000+02:00,3,0,preliminary,distinct from the same-day Saf al-Hawa SUV strike (419162) - different target/time
INC-0093,419346,https://www.nna-leb.gov.lb/ar/news/419346/%D8%B7%D9%88%D8%A7%D8%B1%D9%89%D8%A1-%D8%A7%D9%84%D8%B5%D8%AD%D8%A9-8-%D8%B4%D9%87%D8%AF%D8%A7%D8%A1-%D8%AD%D8%B5%D9%8A%D9%84%D8%A9-%D8%A7%D9%88%D9%84%D9%8A%D8%A9-%D9%84%D9%84%D8%BA%D8%A7%D8%B1%D8%A9-%D8%B9%D9%84%D9%89-%D8%AA%D8%A8%D9%86%D9%8A%D9%86-2,2026-03-11T16:53:00.000+02:00,8,0,preliminary,MoPH update to 419344 chain
INC-0093,419344,https://www.nna-leb.gov.lb/ar/news/419344/%D8%A7%D8%B3%D8%AA%D8%B4%D9%87%D8%A7%D8%AF-5-%D8%A7%D9%81%D8%B1%D8%A7%D8%AF-%D9%85%D9%86-%D8%B9%D8%A7%D8%A6%D9%84%D8%A9-%D9%88%D8%A7%D8%AD%D8%AF%D8%A9-%D9%88%D8%A2%D8%AE%D8%B1%D9%8A%D9%86-%D9%85%D9%86-%D9%85%D8%A7%D8%B1%D9%88%D9%86-%D8%A7%D9%84%D8%B1%D8%A7%D8%B3-%D9%81%D9%8A-%D8%BA%D8%A7%D8%B1%D8%A9-%D8%A7%D8%B3%D8%AA%D9%87%D8%AF%D9%81%D8%AA-%D9%85%D8%A8%D9%86%D9%89-%D9%8A%D9%82%D8%B7%D9%86%D9%87-%D9%86%D8%A7%D8%B2%D8%AD%D9%88%D9%86-%D9%81%D9%8A-%D8%AA%D8%A8%D9%86%D9%8A%D9%86-2,2026-03-11T17:28:15.000+02:00,5,0,preliminary,"5 from Al-Hanini family + unspecified additional from a displaced Maroun al-Ras family - total ambiguous, see update 419346 (8); THIRD distinct Tibnine incident this study period (after 418509 Mar8, 418806 Mar9)"
INC-0094,419155,https://www.nna-leb.gov.lb/ar/news/419155/10-%D8%B4%D9%87%D8%AF%D8%A7%D8%A1-%D9%885-%D8%AC%D8%B1%D8%AD%D9%89-%D9%81%D9%8A-%D8%A7%D9%84%D8%BA%D8%A7%D8%B1%D8%A9-%D8%B9%D9%84%D9%89-%D8%A8%D9%84%D8%AF%D8%A9-%D8%AA%D9%85%D9%86%D9%8A%D9%86-%D8%A7%D9%84%D8%AA%D8%AD%D8%AA%D8%A7-2,2026-03-11T07:32:25.000+02:00,10,5,preliminary,"initial correspondent estimate; MoPH counts fluctuate in chain (419171: 7, 419415 final: 8) - flag for merge review, use 8 (final)"
INC-0094,419171,https://www.nna-leb.gov.lb/ar/news/419171/%D8%B7%D9%88%D8%A7%D8%B1%D8%A6-%D8%A7%D9%84%D8%B5%D8%AD%D8%A9-%D9%81%D9%8A-%D8%AD%D8%B5%D9%8A%D9%84%D8%A9-%D8%A3%D9%88%D9%84%D9%8A%D8%A9-%D9%84%D9%84%D8%BA%D8%A7%D8%B1%D8%A7%D8%AA-%D8%B9%D9%84%D9%89-%D8%A7%D9%84%D8%A8%D9%82%D8%A7%D8%B9-7-%D8%B4%D9%87%D8%AF%D8%A7%D8%A1-%D9%8823-%D8%AC%D8%B1%D9%8A%D8%AD%D8%A7-2,2026-03-11T08:22:00.000+02:00,7,18,preliminary,"MoPH update to 419155 chain (10->7, later finalized at 8 in 419415); article also gives Ali al-Nahri: 5 injured, no deaths"
INC-0094,419415,https://www.nna-leb.gov.lb/ar/news/419415/%D8%AD%D8%B5%D9%8A%D9%84%D8%A9-%D9%86%D9%87%D8%A7%D8%A6%D9%8A%D8%A9-%D9%84%D9%84%D8%BA%D8%A7%D8%B1%D8%A9-%D8%B9%D9%84%D9%89-%D8%AA%D9%85%D9%86%D9%8A%D9%86-%D8%A7%D9%84%D8%AA%D8%AD%D8%AA%D8%A7-8-%D8%B4%D9%87%D8%AF%D8%A7%D8%A1-%D9%8817-%D8%AC%D8%B1%D9%8A%D8%AD%D8%A7-2,2026-03-11T21:52:18.000+02:00,8,17,final,"FINAL MoPH toll, supersedes 419155/419171 chain"
INC-0095,419365,https://www.nna-leb.gov.lb/ar/news/419365/%D8%B4%D9%87%D9%8A%D8%AF%D8%A7%D9%86-%D9%88%D8%AC%D8%B1%D9%8A%D8%AD%D8%A7%D9%86-%D9%81%D9%8A-%D8%BA%D8%A7%D8%B1%D8%A9-%D8%B9%D9%84%D9%89-%D8%AF%D9%8A%D8%B1-%D8%A3%D9%86%D8%B7%D8%A7%D8%B1-2,2026-03-11T18:24:43.000+02:00,2,2,preliminary,"chain has repeated conflicting counts across same day (419377: 3, 419425 MoPH: 2, plus 419500's separate 1-dead car strike) - flag heavily for merge review"
INC-0095,419377,https://www.nna-leb.gov.lb/ar/news/419377/3-%D8%B4%D9%87%D8%AF%D8%A7%D8%A1-%D9%883-%D8%AC%D8%B1%D8%AD%D9%89-%D9%81%D9%8A-%D8%A7%D9%84%D8%BA%D8%A7%D8%B1%D8%A9-%D8%B9%D9%84%D9%89-%D8%AF%D9%8A%D8%B1-%D8%A7%D9%86%D8%B7%D8%A7%D8%B1-2,2026-03-11T18:49:42.000+02:00,3,3,preliminary,update to 419365 chain
INC-0095,419425,https://www.nna-leb.gov.lb/ar/news/419425/%D8%A7%D9%84%D8%BA%D8%A7%D8%B1%D8%A9-%D8%B9%D9%84%D9%89-%D8%AF%D9%8A%D8%B1-%D8%A7%D9%86%D8%B7%D8%A7%D8%B1-%D8%B4%D9%87%D9%8A%D8%AF%D8%A7%D9%86-%D8%A7%D8%AB%D9%86%D8%A7%D9%86-%D9%886-%D8%AC%D8%B1%D8%AD%D9%89-2,2026-03-11T22:42:16.000+02:00,2,6,preliminary,MoPH update to Deir Antar chain - district confirmed as Bint Jbeil here
INC-0096,419104,https://www.nna-leb.gov.lb/ar/news/419104/%D8%B7%D9%88%D8%A7%D8%B1%D8%A6-%D8%A7%D9%84%D8%B5%D8%AD%D8%A9-%D8%B4%D9%87%D9%8A%D8%AF-%D9%88%D8%AC%D8%B1%D9%8A%D8%AD%D8%A7%D9%86-%D9%81%D9%8A-%D8%A7%D9%84%D8%BA%D8%A7%D8%B1%D8%A9-%D8%B9%D9%84%D9%89-%D8%B2%D9%84%D8%A7%D9%8A%D8%A7-2,2026-03-11T03:08:03.000+02:00,1,2,preliminary,
INC-0097,419357,https://www.nna-leb.gov.lb/ar/news/419357/5-%D8%B4%D9%87%D8%AF%D8%A7%D8%A1-%D8%A7%D9%84%D8%AD%D8%B5%D9%8A%D9%84%D8%A9-%D8%A7%D9%84%D8%A3%D9%88%D9%84%D9%8A%D8%A9-%D9%84%D9%84%D8%BA%D8%A7%D8%B1%D8%A9-%D8%B9%D9%84%D9%89-%D8%B4%D8%B9%D8%AA-2,2026-03-11T17:36:00.000+02:00,3,0,preliminary,"initial estimate; jumps sharply to 8 in update 419395/419416 - flag heavily for merge review, use 8 (later, more detailed w/ named family)"
INC-0097,419395,https://www.nna-leb.gov.lb/ar/news/419395/%D8%AD%D8%B5%D9%8A%D9%84%D8%A9-%D8%BA%D8%A7%D8%B1%D8%A9-%D8%B4%D8%B9%D8%AA-8-%D8%B4%D9%87%D8%AF%D8%A7%D8%A1-%D9%883-%D8%AC%D8%B1%D8%AD%D9%89-2,2026-03-11T19:50:09.000+02:00,8,3,final,"named: Tahhan family; major update to 419357 chain (3->8), described as a massacre"
INC-0097,419416,https://www.nna-leb.gov.lb/ar/news/419416/%D8%A7%D9%84%D8%BA%D8%A7%D8%B1%D8%A9-%D8%B9%D9%84%D9%89-%D8%B4%D8%B9%D8%AB-8-%D8%B4%D9%87%D8%AF%D8%A7%D8%A1-%D9%883-%D8%AC%D8%B1%D8%AD%D9%89-2,2026-03-11T21:54:38.000+02:00,8,3,final,MoPH confirmation matching 419395 - do not double count
INC-0098,419227,https://www.nna-leb.gov.lb/ar/news/419227/%D8%B4%D9%87%D9%8A%D8%AF%D8%A7%D9%86-%D8%AC%D8%B1%D8%A7%D8%A1-%D8%A7%D9%84%D8%BA%D8%A7%D8%B1%D8%A9-%D8%B9%D9%84%D9%89-%D8%B4%D9%82%D8%B1%D8%A7-2,2026-03-11T10:35:51.000+02:00,2,0,preliminary,first dead-toll report for Shaqra (earlier 418038 mention had no deaths)
INC-0099,419129b,https://www.nna-leb.gov.lb/ar/news/419129/%D8%BA%D8%A7%D8%B1%D8%A7%D8%AA-%D8%B9%D9%84%D9%89-%D9%82%D8%B1%D9%89-%D9%81%D9%8A-%D9%82%D8%B6%D8%A7%D8%A1-%D8%A7%D9%84%D9%86%D8%A8%D8%B7%D9%8A%D8%A9-%D9%84%D9%8A%D9%84%D8%A7-%D9%88%D8%B3%D9%82%D9%88%D8%B7-3-%D8%B4%D9%87%D8%AF%D8%A7%D8%A1-%D9%81%D9%8A-%D8%A7%D9%84%D8%B4%D8%B1%D9%82%D9%8A%D8%A9-2,2026-03-11T06:14:52.000+02:00,1,0,preliminary,same source article as 419129; named: Mohammad Kajak - split into own row (different town). Article also mentions Jbeshit/Arabsalim/Zawtar al-Sharqiya strikes w/ no deaths given here
INC-0100,419345,https://www.nna-leb.gov.lb/ar/news/419345/%D8%B4%D9%87%D9%8A%D8%AF-%D9%8814-%D8%AC%D8%B1%D9%8A%D8%AD%D8%A7-%D9%81%D9%8A-%D8%A7%D9%84%D8%BA%D8%A7%D8%B1%D8%A9-%D8%B9%D9%84%D9%89-%D9%85%D8%A8%D9%86%D9%89-%D8%B9%D9%86%D8%AF-%D9%85%D9%81%D8%B1%D9%82-%D8%A8%D9%84%D8%AF%D8%A9-%D9%85%D8%B9%D8%B1%D9%83%D8%A9-2,2026-03-11T16:54:45.000+02:00,1,14,preliminary,update in 419417 (2 bodies recovered)
INC-0100,419417,https://www.nna-leb.gov.lb/ar/news/419417/%D8%A7%D9%86%D8%AA%D8%B4%D8%A7%D9%84-%D8%B4%D9%87%D9%8A%D8%AF%D9%8A%D9%86-%D9%81%D9%8A-%D8%BA%D8%A7%D8%B1%D8%A9-%D8%A7%D8%B3%D8%AA%D9%87%D8%AF%D9%81%D8%AA-%D9%85%D8%A8%D9%86%D9%89-%D9%85%D9%86-4-%D8%B7%D8%A8%D9%82%D8%A7%D8%AA-%D8%B9%D9%84%D9%89-%D9%85%D9%81%D8%B1%D9%82-%D9%85%D8%B9%D8%B1%D9%83%D8%A9---%D8%B5%D9%88%D8%B1-2,2026-03-11T21:58:26.000+02:00,2,,preliminary,"update to 419345 chain (bodies recovered), search continuing"
INC-0101,419598,https://www.nna-leb.gov.lb/ar/news/419598/%D9%88%D8%B2%D8%A7%D8%B1%D8%A9-%D8%A7%D9%84%D8%B5%D8%AD%D8%A9--%D8%A7%D8%B3%D8%AA%D8%B4%D9%87%D8%A7%D8%AF-9-%D9%85%D9%88%D8%A7%D8%B7%D9%86%D9%8A%D9%86-%D9%88%D8%A5%D8%B5%D8%A7%D8%A8%D8%A9-7-%D8%A8%D8%AC%D8%B1%D9%88%D8%AD-%D9%81%D9%8A-%D8%A7%D9%84%D8%BA%D8%A7%D8%B1%D8%A9-%D8%B9%D9%84%D9%89-%D8%A7%D8%B1%D9%83%D9%8A-2,2026-03-12T15:01:00.000+02:00,9,7,preliminary,
INC-0101,419666,https://www.nna-leb.gov.lb/ar/news/419666/%D8%A8%D9%84%D8%AF%D9%8A%D8%A9-%D8%A7%D8%B1%D9%83%D9%8A-%D9%86%D8%B9%D8%AA-9-%D9%85%D9%86-%D8%A7%D8%A8%D9%86%D8%A7%D8%A1-%D8%A7%D9%84%D8%A8%D9%84%D8%AF%D8%A9-%D8%A8%D9%8A%D9%86%D9%87%D9%85-5-%D8%A7%D8%B7%D9%81%D8%A7%D9%84-%D8%A7%D8%B3%D8%AA%D8%B4%D9%87%D8%AF%D9%88%D8%A7-%D9%81%D9%8A-%D8%A7%D9%84%D8%BA%D8%A7%D8%B1%D8%A9-%D8%B9%D9%84%D9%89-%D9%85%D9%86%D8%B2%D9%84%D9%87%D9%85-2,2026-03-12T18:18:15.000+02:00,9,0,preliminary,5 of 9 dead are children; municipal condolence statement functions as the primary report here (first mention of this specific toll); confirmed in 419685
INC-0101,419685,https://www.nna-leb.gov.lb/ar/news/419685/%D8%AD%D8%B5%D9%8A%D9%84%D8%A9-%D9%86%D9%87%D8%A7%D8%A6%D9%8A%D8%A9-%D9%84%D9%84%D8%BA%D8%A7%D8%B1%D8%A9-%D8%B9%D9%84%D9%89-%D8%A3%D8%B1%D9%83%D9%8A-9-%D8%B4%D9%87%D8%AF%D8%A7%D8%A1-%D8%A8%D9%8A%D9%86%D9%87%D9%85-5-%D8%A3%D8%B7%D9%81%D8%A7%D9%84-%D9%887-%D8%AC%D8%B1%D8%AD%D9%89-2,2026-03-12T21:06:33.000+02:00,9,7,final,"MoPH confirmation of 419666 (title says 'final', body says 'preliminary' - internal inconsistency, note for merge)"
INC-0102,419610,https://www.nna-leb.gov.lb/ar/news/419610/%D9%85%D8%B3%D9%8A%D8%B1%D8%A9-%D8%A7%D8%B3%D8%AA%D9%87%D8%AF%D9%81%D8%AA-%D9%83%D9%84%D9%8A%D8%A9-%D8%A7%D9%84%D8%B9%D9%84%D9%88%D9%85---%D8%A7%D9%84%D8%AD%D8%AF%D8%AB-%D9%88%D8%A7%D8%B3%D8%AA%D8%B4%D9%87%D8%A7%D8%AF-%D9%85%D8%AF%D9%8A%D8%B1%D9%87%D8%A7-%D9%88%D8%A7%D8%B3%D8%AA%D8%A7%D8%B0-%D8%AC%D8%A7%D9%85%D8%B9%D9%8A-2,2026-03-12T15:18:48.000+02:00,2,0,preliminary,"named: Dr. Hussein Bazzi (faculty dean) + Dr. Mortada Sorour (professor), both explicitly identified by occupation"
INC-0103,419730,https://www.nna-leb.gov.lb/ar/news/419730/%D8%BA%D8%A7%D8%B1%D8%A7%D8%AA-%D8%B9%D9%84%D9%89-%D9%82%D8%B1%D9%89-%D9%81%D9%8A-%D9%82%D8%B6%D8%A7%D8%A1-%D8%A7%D9%84%D9%86%D8%A8%D8%B7%D9%8A%D8%A9-%D9%84%D9%8A%D9%84%D8%A7-%D9%88%D9%81%D8%AC%D8%B1%D8%A7-2,2026-03-13T06:55:16.000+02:00,1,0,preliminary,"event_date corrected from Mar 13 (publish date) to Mar 12 per explicit 'الليلة الماضية' (last night) text - validation audit fix; named: Sheikh Hassan Ghandour, died of wounds; article also covers Al-Dawir (3 strikes, no deaths given) and Sir al-Gharbiyeh/Kfarsir/Aaba strikes w/ no deaths"
INC-0104,419499,https://www.nna-leb.gov.lb/ar/news/419499/%D8%AB%D9%84%D8%A7%D8%AB%D8%A9-%D8%B4%D9%87%D8%AF%D8%A7%D8%A1-%D9%88%D8%B9%D8%AF%D8%AF-%D9%85%D9%86-%D8%A7%D9%84%D8%AC%D8%B1%D8%AD%D9%89-%D9%81%D9%8A-%D8%A7%D9%84%D8%BA%D8%A7%D8%B1%D8%A9-%D8%B9%D9%84%D9%89-%D8%A8%D9%84%D8%AF%D8%A9-%D8%A8%D8%A7%D8%B1%D9%8A%D8%B4-2,2026-03-12T09:19:29.000+02:00,3,0,preliminary,"named: Khodr Abbas, Ahmad Abbas, Shafiq Rmeiti"
INC-0104,419692b,https://www.nna-leb.gov.lb/ar/news/419692/%D8%AD%D8%B5%D9%8A%D9%84%D8%A9-%D8%A7%D9%84%D8%BA%D8%A7%D8%B1%D8%AA%D9%8A%D9%86-%D8%B9%D9%84%D9%89-%D8%B9%D9%8A%D9%86-%D8%A5%D8%A8%D9%84-%D9%88%D8%A8%D8%A7%D8%B1%D9%8A%D8%B4-%D8%A7%D8%B1%D8%AA%D9%82%D8%A7%D8%A1-6-%D8%B4%D9%87%D8%AF%D8%A7%D8%A1-2,2026-03-12T22:04:20.000+02:00,3,0,preliminary,"same source article as 419692; likely same-day MoPH confirmation of 419499 (batch 4) - do not double count, split into own row (different town)"
INC-0105,419622,https://www.nna-leb.gov.lb/ar/news/419622/%D8%A7%D8%B3%D8%AA%D8%B4%D9%87%D8%A7%D8%AF-3-%D8%A3%D8%B4%D8%AE%D8%A7%D8%B5-%D9%81%D9%8A-%D8%A7%D9%84%D8%BA%D8%A7%D8%B1%D8%A9-%D8%B9%D9%84%D9%89-%D8%A7%D9%84%D8%B3%D9%8A%D8%A7%D8%B1%D8%A9-%D9%81%D9%8A-%D8%A8%D9%86%D8%AA-%D8%AC%D8%A8%D9%8A%D9%84-2,2026-03-12T15:44:26.000+02:00,3,0,preliminary,
INC-0106,419500,https://www.nna-leb.gov.lb/ar/news/419500/%D8%B4%D9%87%D9%8A%D8%AF-%D9%81%D9%8A-%D8%BA%D8%A7%D8%B1%D8%A9-%D8%B9%D9%84%D9%89-%D8%B3%D9%8A%D8%A7%D8%B1%D8%A9-%D9%81%D9%8A-%D8%A8%D9%84%D8%AF%D8%A9-%D8%AF%D9%8A%D8%B1-%D8%A7%D9%86%D8%B7%D8%A7%D8%B1-2,2026-03-12T09:22:23.000+02:00,1,0,preliminary,"possibly additional to, or already reflected within, the same-town multi-report chain from the prior day - flag for merge review"
INC-0107,419458,https://www.nna-leb.gov.lb/ar/news/419458/%D8%AD%D8%B5%D9%8A%D9%84%D8%A9-%D8%A3%D9%88%D9%84%D9%8A%D8%A9-%D9%84%D9%84%D8%BA%D8%A7%D8%B1%D8%A7%D8%AA-%D8%B9%D9%84%D9%89-%D8%B9%D8%B1%D9%85%D9%88%D9%86-3-%D8%B4%D9%87%D8%AF%D8%A7%D8%A1-%D9%88%D8%B7%D9%81%D9%84-%D8%AC%D8%B1%D9%8A%D8%AD-2,2026-03-12T06:19:00.000+02:00,3,1,preliminary,"distinct date from the March 2 Aramoun/Saadiyat incident (417154/417202, batch 1); chain continues in 419535 (names photographer) and 419588 final (5)"
INC-0107,419535,https://www.nna-leb.gov.lb/ar/news/419535/%D8%A7%D8%B3%D8%AA%D8%B4%D9%87%D8%A7%D8%AF-%D8%A7%D9%84%D9%85%D8%B5%D9%88%D8%B1-%D9%85%D8%AD%D9%85%D8%AF-%D8%B4%D9%87%D8%A7%D8%A8-%D9%88%D8%A7%D8%A8%D9%86%D8%AA%D9%87-%D8%AC%D8%B1%D8%A7%D8%A1-%D8%BA%D8%A7%D8%B1%D8%A9-%D8%B9%D8%B1%D9%85%D9%88%D9%86-2,2026-03-12T11:32:22.000+02:00,2,0,preliminary,"named: photographer/director Mohammad Shehab + young daughter; update/detail to 419458 chain, not additive"
INC-0107,419588,https://www.nna-leb.gov.lb/ar/news/419588/%D8%A7%D9%84%D8%BA%D8%A7%D8%B1%D8%AA%D8%A7%D9%86-%D8%B9%D9%84%D9%89-%D8%B9%D8%B1%D9%85%D9%88%D9%86-%D9%88%D8%A7%D9%84%D8%B1%D9%85%D9%84%D8%A9-%D8%A7%D9%84%D8%A8%D9%8A%D8%B6%D8%A7%D8%A1-%D8%AD%D8%B5%D9%8A%D9%84%D8%A9-%D9%86%D9%87%D8%A7%D8%A6%D9%8A%D8%A9-2,2026-03-12T14:30:16.000+02:00,5,7,final,"FINAL MoPH toll for Aramoun, supersedes 419458/419535 chain"
INC-0108,419643,https://www.nna-leb.gov.lb/ar/news/419643/%D8%A7%D8%B3%D8%AA%D8%B4%D9%87%D8%A7%D8%AF-3-%D9%85%D9%88%D8%A7%D8%B7%D9%86%D9%8A%D9%86-%D9%81%D9%8A-%D8%A7%D9%84%D8%BA%D8%A7%D8%B1%D8%A9-%D8%B9%D9%84%D9%89-%D8%B9%D9%8A%D9%86-%D8%A7%D8%A8%D9%84-2,2026-03-12T17:08:00.000+02:00,3,0,preliminary,"named: George Khreish, Elie Attallah, Shadi Ammar; update/confirmation in 419692"
INC-0108,419692,https://www.nna-leb.gov.lb/ar/news/419692/%D8%AD%D8%B5%D9%8A%D9%84%D8%A9-%D8%A7%D9%84%D8%BA%D8%A7%D8%B1%D8%AA%D9%8A%D9%86-%D8%B9%D9%84%D9%89-%D8%B9%D9%8A%D9%86-%D8%A5%D8%A8%D9%84-%D9%88%D8%A8%D8%A7%D8%B1%D9%8A%D8%B4-%D8%A7%D8%B1%D8%AA%D9%82%D8%A7%D8%A1-6-%D8%B4%D9%87%D8%AF%D8%A7%D8%A1-2,2026-03-12T22:04:20.000+02:00,3,0,preliminary,MoPH update/confirmation of 419643 chain
INC-0109,419673,https://www.nna-leb.gov.lb/ar/news/419673/%D8%B4%D9%87%D9%8A%D8%AF-%D8%AB%D8%A7%D9%86%D9%8D-%D9%85%D8%AA%D8%A3%D8%AB%D8%B1%D9%8B%D8%A7-%D8%A8%D8%AC%D8%B1%D8%A7%D8%AD%D9%87-%D9%81%D9%8A-%D8%BA%D8%A7%D8%B1%D8%A9-%D8%A7%D8%B3%D8%AA%D9%87%D8%AF%D9%81%D8%AA-%D9%85%D9%81%D8%AA%D8%B1%D9%82-%D9%85%D8%B9%D8%B1%D9%83%D8%A9-%D8%A7%D9%84%D8%A8%D8%B5---%D8%B5%D9%88%D8%B1-2,2026-03-12T19:18:31.000+02:00,2,,preliminary,"second victim died of wounds, raising total to 2; the initial (first) death from this strike was not itself in the keyword-filtered candidate set"
INC-0110,419817,https://www.nna-leb.gov.lb/ar/news/419817/%D8%B4%D9%87%D9%8A%D8%AF-%D9%81%D9%8A-%D8%BA%D8%A7%D8%B1%D8%A9-%D8%B9%D9%84%D9%89-%D8%AF%D8%B1%D8%A7%D8%AC%D8%A9-%D9%86%D8%A7%D8%B1%D9%8A%D8%A9-%D8%B9%D9%84%D9%89-%D8%B7%D8%B1%D9%8A%D9%82-%D8%A8%D9%84%D8%AF%D8%AA%D9%8A-%D9%83%D9%81%D8%B1%D8%AA%D8%A8%D9%86%D9%8A%D8%AA---%D8%A3%D8%B1%D9%86%D9%88%D9%86-2,2026-03-13T11:09:22.000+02:00,1,0,preliminary,
INC-0111,419699,https://www.nna-leb.gov.lb/ar/news/419699/%D8%B4%D9%87%D9%8A%D8%AF-%D8%A8%D8%A7%D8%B3%D8%AA%D9%87%D8%AF%D8%A7%D9%81-%D8%B3%D9%8A%D8%A7%D8%B1%D8%A9-%D9%81%D9%8A-%D8%A7%D9%84%D8%AC%D9%86%D8%A7%D8%AD-2,2026-03-13T03:14:31.000+02:00,1,0,preliminary,
INC-0112,419931,https://www.nna-leb.gov.lb/ar/news/419931/%D8%A7%D8%B3%D8%AA%D8%B4%D9%87%D8%A7%D8%AF-%D9%85%D8%B3%D8%B9%D9%81%D9%8A%D9%86-%D9%85%D9%86-%D9%83%D8%B4%D8%A7%D9%81%D8%A9-%D8%A7%D9%84%D8%B1%D8%B3%D8%A7%D9%84%D8%A9-%D9%88%D8%A7%D9%84%D9%87%D9%8A%D8%A6%D8%A9-%D8%A7%D9%84%D8%B5%D8%AD%D9%8A%D8%A9-%D9%81%D9%8A-%D8%A7%D9%84%D8%BA%D8%A7%D8%B1%D8%A9-%D8%B9%D9%84%D9%89-%D8%A7%D9%84%D8%B5%D9%88%D8%A7%D9%86%D8%A9-2,2026-03-13T17:48:35.000+02:00,2,0,preliminary,update/confirmation in 419957
INC-0112,419957,https://www.nna-leb.gov.lb/ar/news/419957/%D8%A7%D9%84%D8%B5%D8%AD%D8%A9-%D8%AA%D8%B9%D9%84%D9%86-%D8%A7%D8%B3%D8%AA%D8%B4%D9%87%D8%A7%D8%AF-%D9%85%D8%B3%D8%B9%D9%81%D9%8A%D9%86-%D8%A7%D8%AB%D9%86%D9%8E%D9%8A%D9%86-%D9%88%D8%A5%D8%B5%D8%A7%D8%A8%D8%A9-5-%D8%A8%D8%AC%D8%B1%D9%88%D8%AD-%D9%81%D9%8A-%D8%A7%D8%B3%D8%AA%D9%87%D8%AF%D8%A7%D9%81-%D9%85%D8%A8%D8%A7%D8%B4%D8%B1-%D9%81%D9%8A-%D8%A7%D9%84%D8%B5%D9%88%D8%A7%D9%86%D8%A9-2,2026-03-13T19:56:49.000+02:00,2,5,preliminary,MoPH confirmation of 419931 - do not double count
INC-0113,419926,https://www.nna-leb.gov.lb/ar/news/419926/%D8%A7%D8%B3%D8%AA%D8%B4%D9%87%D8%A7%D8%AF-%D8%B7%D9%81%D9%84%D9%8A%D9%86-%D9%81%D9%8A-%D8%A7%D9%84%D8%BA%D8%A7%D8%B1%D8%A9-%D8%B9%D9%84%D9%89-%D8%A7%D9%84%D8%BA%D8%A7%D8%B2%D9%8A%D8%A9-2,2026-03-13T17:27:03.000+02:00,2,0,preliminary,"2 children; distinct from the March 8 Ghazieh strike (418372/418515, batch 3) - different date/incident"
INC-0114,419805,https://www.nna-leb.gov.lb/ar/news/419805/%D8%A7%D9%84%D8%B5%D8%AD%D8%A9-%D9%81%D9%8A-%D8%AD%D8%B5%D9%8A%D9%84%D8%A9-%D8%A3%D9%88%D9%84%D9%8A%D8%A9-%D9%84%D9%84%D8%BA%D8%A7%D8%B1%D8%A9-%D8%B9%D9%84%D9%89-%D8%A7%D9%84%D9%81%D9%88%D8%A7%D8%B1---%D8%B5%D9%8A%D8%AF%D8%A7-8-%D8%B4%D9%87%D8%AF%D8%A7%D8%A1-%D9%889-%D8%AC%D8%B1%D8%AD%D9%89-2,2026-03-13T10:41:00.000+02:00,8,9,preliminary,
INC-0115,419952,https://www.nna-leb.gov.lb/ar/news/419952/%D8%A5%D8%B1%D8%AA%D9%82%D8%A7%D8%A1-6-%D8%B4%D9%87%D8%AF%D8%A7%D8%A1-%D8%A8%D9%8A%D9%86%D9%87%D9%85-%D8%B7%D9%81%D9%84%D8%A9-%D9%81%D9%8A-%D9%85%D8%AC%D8%B2%D8%B1%D8%A9-%D8%A5%D8%B3%D8%B1%D8%A7%D8%A6%D9%8A%D9%84%D9%8A%D8%A9-%D9%81%D9%8A-%D8%AD%D9%8A-%D8%A7%D9%84%D8%B1%D8%A7%D9%87%D8%A8%D8%A7%D8%AA-%D9%81%D9%8A-%D8%A7%D9%84%D9%86%D8%A8%D8%B7%D9%8A%D8%A9-2,2026-03-13T19:21:58.000+02:00,6,0,preliminary,"named: Basma family; chain fluctuates (419969: 5, 419993: 7, 420189 final: 7) - use 7"
INC-0115,419969,https://www.nna-leb.gov.lb/ar/news/419969/%D8%AD%D8%B5%D9%8A%D9%84%D8%A9-%D8%A3%D9%88%D9%84%D9%8A%D8%A9-%D9%84%D9%84%D8%BA%D8%A7%D8%B1%D8%A9-%D8%B9%D9%84%D9%89-%D8%AD%D9%8A-%D8%A7%D9%84%D8%B1%D8%A7%D9%87%D8%A8%D8%A7%D8%AA---%D8%A7%D9%84%D9%86%D8%A8%D8%B7%D9%8A%D8%A9-5-%D8%B4%D9%87%D8%AF%D8%A7%D8%A1-%D9%885-%D8%AC%D8%B1%D8%AD%D9%89-2,2026-03-13T21:36:58.000+02:00,5,5,preliminary,MoPH update to 419952 chain - see 419993/420189 for further updates to 7 (final)
INC-0115,419993,https://www.nna-leb.gov.lb/ar/news/419993/%D8%A7%D8%B1%D8%AA%D9%81%D8%A7%D8%B9-%D9%85%D8%AC%D8%B2%D8%B1%D8%A9-%D8%AD%D9%8A-%D8%A7%D9%84%D8%B1%D8%A7%D9%87%D8%A8%D8%A7%D8%AA-%D9%81%D9%8A-%D8%A7%D9%84%D9%86%D8%A8%D8%B7%D9%8A%D8%A9-%D8%A7%D9%84%D9%89-7-%D9%88%D8%BA%D8%A7%D8%B1%D8%A7%D8%AA-%D8%B9%D9%86%D9%8A%D9%81%D8%A9-%D9%84%D9%8A%D9%84%D8%A7-%D8%B9%D9%84%D9%89-%D9%82%D8%B1%D9%89-%D8%A7%D9%84%D9%82%D8%B6%D8%A7%D8%A1-2,2026-03-14T06:26:00.000+02:00,7,0,final,"named: Qais Basma + wife Baladin Jaber + children Hussein/Hassan/Abbas + infant Helen (6) + Hussein Mohammad Bitar (died of wounds, 7th); update to 419952/419969 chain; article also covers Samouqa/Tool/Arnoun/Yohmor al-Shaqif strikes+shelling w/ no deaths given here"
INC-0115,420189,https://www.nna-leb.gov.lb/ar/news/420189/%D8%B7%D9%88%D8%A7%D8%B1%D9%89%D8%A1-%D8%A7%D9%84%D8%B5%D8%AD%D8%A9-14-%D8%B4%D9%87%D9%8A%D8%AF%D8%A7-%D9%81%D9%8A-%D8%A7%D9%84%D8%BA%D8%A7%D8%B1%D8%A7%D8%AA-%D8%B9%D9%84%D9%89-%D8%AD%D9%8A-%D8%A7%D9%84%D8%B1%D8%A7%D9%87%D8%A8%D8%A7%D8%AA-%D9%81%D9%8A-%D8%A7%D9%84%D9%86%D8%A8%D8%B7%D9%8A%D8%A9-%D9%88%D8%AD%D8%A7%D8%B1%D8%A9-%D8%B5%D9%8A%D8%AF%D8%A7-%D9%88%D8%A8%D9%84%D8%AF%D8%A9-%D8%A7%D9%84%D9%82%D8%B7%D8%B1%D8%A7%D9%86%D9%8A-%D9%81%D9%8A-%D8%AC%D8%B2%D9%8A%D9%86-2,2026-03-15T06:06:44.000+02:00,7,5,final,FINAL MoPH toll for 419952/419969/419993 chain (4 of 7 are children)
INC-0116,419722,https://www.nna-leb.gov.lb/ar/news/419722/%D8%B4%D9%87%D8%AF%D8%A7%D8%A1-%D9%88%D8%AC%D8%B1%D8%AD%D9%89-%D8%A8%D8%A7%D8%B3%D8%AA%D9%87%D8%AF%D8%A7%D9%81-%D8%B4%D9%82%D8%A9-%D9%81%D9%8A-%D8%A8%D8%B1-%D8%A7%D9%84%D9%8A%D8%A7%D8%B3-2,2026-03-13T05:44:10.000+02:00,2,3,preliminary,"named: sons Abdul Rahman and Mosaab al-Dahouk; the targeted official Youssef al-Dahouk (explicitly ID'd as Islamic Group official) survived, critically injured"
INC-0117,419988,https://www.nna-leb.gov.lb/ar/news/419988/%D9%82%D8%B5%D9%81-%D9%84%D9%8A%D9%84%D9%8A-%D8%B9%D9%86%D9%8A%D9%81-%D8%B9%D9%84%D9%89-%D9%82%D8%B1%D9%89-%D9%82%D8%B6%D8%A7%D8%A1-%D8%B5%D9%88%D8%B1-%D9%88%D8%A7%D8%B3%D8%AA%D8%B4%D9%87%D8%A7%D8%AF-%D8%B7%D8%A8%D9%8A%D8%A8-%D9%81%D9%8A-%D8%BA%D8%A7%D8%B1%D8%A9-%D8%B9%D9%84%D9%89-%D8%A8%D8%B1%D8%AC-%D9%82%D9%84%D8%A7%D9%88%D9%8A%D9%87-2,2026-03-14T06:12:00.000+02:00,1,0,preliminary,"named: Dr. Hisham Ismail (occupation stated); article also covers Bint Jbeil/Ainata/Aytaroun/Maroun al-Ras strikes and clashes, and Wadi al-Hujeir shelling w/ no deaths given here - likely connected to the much larger 419992 strike on the same village's health center later that night, flag for merge review"
INC-0118,419940,https://www.nna-leb.gov.lb/ar/news/419940/3-%D8%B4%D9%87%D8%AF%D8%A7%D8%A1-%D9%81%D9%8A-%D8%BA%D8%A7%D8%B1%D8%A9-%D8%B9%D9%84%D9%89-%D8%A8%D9%86%D8%AA-%D8%AC%D8%A8%D9%8A%D9%84-2,2026-03-13T18:11:21.000+02:00,3,0,preliminary,third distinct Bint Jbeil city strike this study period - different date from 419176 and 419622; article also mentions a coinciding Aytaroun strike w/ no deaths given
INC-0119,419753,https://www.nna-leb.gov.lb/ar/news/419753/%D8%B4%D9%87%D9%8A%D8%AF%D8%A7%D9%86-%D8%A7%D8%B3%D8%AA%D9%87%D8%AF%D9%81%D8%AA%D9%87%D9%85%D8%A7-%D8%BA%D8%A7%D8%B1%D8%A9-%D9%85%D9%86-%D9%85%D8%B3%D9%8A%D9%91%D8%B1%D8%A9-%D8%B9%D9%86%D8%AF-%D8%A3%D8%B7%D8%B1%D8%A7%D9%81-%D8%B4%D8%A8%D8%B9%D8%A7-2,2026-03-13T08:03:15.000+02:00,2,0,preliminary,"named: Mahmoud Akrama Nassif, Hadi Mohammad Kaanan"
INC-0120,419721,https://www.nna-leb.gov.lb/ar/news/419721/%D8%B4%D9%87%D9%8A%D8%AF-%D8%A8%D8%A7%D8%B3%D8%AA%D9%87%D8%AF%D8%A7%D9%81-%D8%B3%D9%8A%D8%A7%D8%B1%D8%A9-%D8%B9%D9%84%D9%89-%D8%B7%D8%B1%D9%8A%D9%82-%D8%A7%D9%84%D8%B4%D9%8A%D8%B9%D9%8A%D8%AA%D9%8A%D8%A9-2,2026-03-13T05:34:53.000+02:00,1,0,preliminary,
INC-0121,419700,https://www.nna-leb.gov.lb/ar/news/419700/%D8%B4%D9%87%D9%8A%D8%AF%D8%A9-%D9%88%D8%AC%D8%B1%D9%8A%D8%AD-%D9%81%D9%8A-%D8%BA%D8%A7%D8%B1%D8%A9-%D8%B9%D9%84%D9%89-%D8%B9%D8%A8%D8%A7-2,2026-03-13T03:17:29.000+02:00,1,1,preliminary,named: Ataf Moallem Sabra
INC-0122,419833,https://www.nna-leb.gov.lb/ar/news/419833/%D8%B4%D9%87%D9%8A%D8%AF-%D8%AC%D8%B1%D8%A7%D8%A1-%D8%A7%D9%84%D8%BA%D8%A7%D8%B1%D8%A9-%D8%A7%D9%84%D9%8A%D9%88%D9%85-%D8%B9%D9%84%D9%89-%D8%A8%D9%84%D8%AF%D8%A9-%D9%8A%D8%A7%D8%B7%D8%B1-2,2026-03-13T11:39:00.000+02:00,1,0,preliminary,"named: Hassan Youssef Sweidan; district uncertain, verify"
INC-0123,420190,https://www.nna-leb.gov.lb/ar/news/420190/%D8%BA%D8%A7%D8%B1%D8%A9-%D9%84%D9%8A%D9%84%D8%A7-%D8%B9%D9%84%D9%89-%D8%A7%D9%84%D9%82%D8%B7%D8%B1%D8%A7%D9%86%D9%8A---%D8%AC%D8%B2%D9%8A%D9%86-%D9%88%D8%B3%D9%82%D9%88%D8%B7-%D8%B4%D9%87%D8%AF%D8%A7%D8%A1-%D9%88%D8%AC%D8%B1%D8%AD%D9%89-2,2026-03-15T06:06:04.000+02:00,,,preliminary,"death count vague ('martyrs and wounded'), no figure given; same incident as 420189c/420334 - do not double count"
INC-0123,420189c,https://www.nna-leb.gov.lb/ar/news/420189/%D8%B7%D9%88%D8%A7%D8%B1%D9%89%D8%A1-%D8%A7%D9%84%D8%B5%D8%AD%D8%A9-14-%D8%B4%D9%87%D9%8A%D8%AF%D8%A7-%D9%81%D9%8A-%D8%A7%D9%84%D8%BA%D8%A7%D8%B1%D8%A7%D8%AA-%D8%B9%D9%84%D9%89-%D8%AD%D9%8A-%D8%A7%D9%84%D8%B1%D8%A7%D9%87%D8%A8%D8%A7%D8%AA-%D9%81%D9%8A-%D8%A7%D9%84%D9%86%D8%A8%D8%B7%D9%8A%D8%A9-%D9%88%D8%AD%D8%A7%D8%B1%D8%A9-%D8%B5%D9%8A%D8%AF%D8%A7-%D9%88%D8%A8%D9%84%D8%AF%D8%A9-%D8%A7%D9%84%D9%82%D8%B7%D8%B1%D8%A7%D9%86%D9%8A-%D9%81%D9%8A-%D8%AC%D8%B2%D9%8A%D9%86-2,2026-03-15T06:06:44.000+02:00,3,6,preliminary,"same source article as 420189; first quantified report for this incident (see 420190 for the initial vague mention, 420334 for final toll) - split into own row (different town)"
INC-0123,420334,https://www.nna-leb.gov.lb/ar/news/420334/%D9%88%D8%B2%D8%A7%D8%B1%D8%A9-%D8%A7%D9%84%D8%B5%D8%AD%D8%A9-%D8%AD%D8%B5%D9%8A%D9%84%D8%A9-%D8%A7%D9%84%D8%BA%D8%A7%D8%B1%D8%A9-%D8%B9%D9%84%D9%89-%D8%A7%D9%84%D9%82%D8%B7%D8%B1%D8%A7%D9%86%D9%8A-5-%D8%B4%D9%87%D8%AF%D8%A7%D8%A1-%D9%886-%D8%AC%D8%B1%D8%AD%D9%89-2,2026-03-15T20:44:03.000+02:00,5,6,final,"FINAL MoPH toll, supersedes 420189c/420190 chain (3->5)"
INC-0124,420167,https://www.nna-leb.gov.lb/ar/news/420167/%D8%A7%D8%B3%D8%AA%D8%B4%D9%87%D8%A7%D8%AF-%D8%B9%D8%A7%D8%A6%D9%84%D8%A9-%D9%85%D9%86-4-%D9%81%D9%8A-%D8%BA%D8%A7%D8%B1%D8%A9-%D8%B9%D9%84%D9%89-%D8%A7%D9%84%D9%82%D9%86%D8%B7%D8%B1%D8%A9-2,2026-03-14T20:06:18.000+02:00,4,0,preliminary,"named: Al-Sagheer family (father, mother, 2 children)"
INC-0125,420086,https://www.nna-leb.gov.lb/ar/news/420086/%D9%88%D8%B2%D8%A7%D8%B1%D8%A9-%D8%A7%D9%84%D8%B5%D8%AD%D8%A9-%D8%B4%D9%87%D9%8A%D8%AF-%D9%88%D8%A3%D8%B1%D8%A8%D8%B9%D8%A9-%D8%AC%D8%B1%D8%AD%D9%89-%D9%81%D9%8A-%D8%A7%D9%84%D8%BA%D8%A7%D8%B1%D8%A9-%D8%B9%D9%84%D9%89-%D8%A7%D9%84%D9%86%D8%A8%D8%B9%D8%A9---%D8%A8%D8%B1%D8%AC-%D8%AD%D9%85%D9%88%D8%AF-2,2026-03-14T12:58:42.000+02:00,1,4,preliminary,
INC-0126,419992,https://www.nna-leb.gov.lb/ar/news/419992/12-%D8%B4%D9%87%D9%8A%D8%AF%D8%A7-%D9%88%D8%AC%D8%B1%D8%AD%D9%89-%D9%81%D9%8A-%D8%A7%D9%84%D8%BA%D8%A7%D8%B1%D8%A9-%D8%B9%D9%84%D9%89-%D8%A8%D8%B1%D8%AC-%D9%82%D9%84%D8%A7%D9%88%D9%8A%D8%A9-2,2026-03-14T06:20:00.000+02:00,12,,preliminary,"MAJOR strike; likely same broader incident cluster as 419988's 1-dead doctor report - flag heavily for merge review. Later context (420111) references 31 total medic deaths incl. bodies recovered from a primary health care center in this same village, consistent with this strike"
INC-0127,419989,https://www.nna-leb.gov.lb/ar/news/419989/%D8%A7%D8%B3%D8%AA%D8%B4%D9%87%D8%A7%D8%AF-4-%D8%A3%D8%B4%D8%AE%D8%A7%D8%B5-%D9%81%D9%8A-%D8%A7%D9%84%D8%BA%D8%A7%D8%B1%D8%A9-%D8%B9%D9%84%D9%89-%D8%AA%D8%B9%D9%85%D9%8A%D8%B1-%D8%AD%D8%A7%D8%B1%D8%A9-%D8%B5%D9%8A%D8%AF%D8%A7-2,2026-03-14T06:14:27.000+02:00,4,0,preliminary,FINAL toll confirmed in 420189 (4/2 injured)
INC-0127,420189b,https://www.nna-leb.gov.lb/ar/news/420189/%D8%B7%D9%88%D8%A7%D8%B1%D9%89%D8%A1-%D8%A7%D9%84%D8%B5%D8%AD%D8%A9-14-%D8%B4%D9%87%D9%8A%D8%AF%D8%A7-%D9%81%D9%8A-%D8%A7%D9%84%D8%BA%D8%A7%D8%B1%D8%A7%D8%AA-%D8%B9%D9%84%D9%89-%D8%AD%D9%8A-%D8%A7%D9%84%D8%B1%D8%A7%D9%87%D8%A8%D8%A7%D8%AA-%D9%81%D9%8A-%D8%A7%D9%84%D9%86%D8%A8%D8%B7%D9%8A%D8%A9-%D9%88%D8%AD%D8%A7%D8%B1%D8%A9-%D8%B5%D9%8A%D8%AF%D8%A7-%D9%88%D8%A8%D9%84%D8%AF%D8%A9-%D8%A7%D9%84%D9%82%D8%B7%D8%B1%D8%A7%D9%86%D9%8A-%D9%81%D9%8A-%D8%AC%D8%B2%D9%8A%D9%86-2,2026-03-15T06:06:44.000+02:00,4,2,final,same source article as 420189; FINAL MoPH toll confirming 419989 - split into own row (different town)
INC-0128,420176b,https://www.nna-leb.gov.lb/ar/news/420176/%D8%B7%D9%88%D8%A7%D8%B1%D8%A6-%D8%A7%D9%84%D8%B5%D8%AD%D8%A9-%D8%A7%D8%B3%D8%AA%D8%B4%D9%87%D8%A7%D8%AF-5-%D9%88%D8%AC%D8%B1%D8%AD-7-%D9%81%D9%8A-%D8%BA%D8%A7%D8%B1%D8%AA%D9%8A-%D9%85%D9%8A%D9%81%D8%AF%D9%88%D9%86-%D9%88%D9%85%D8%AC%D8%AF%D9%84-%D8%B3%D9%84%D9%85-2,2026-03-14T21:22:51.000+02:00,1,2,preliminary,"same source article as 420176; split into own row (different town) - distinct date from the March 6 Majdal Selem massacre (417990, batch 1) and the March 15 Majdal Selem strike (420332)"
INC-0129,420152,https://www.nna-leb.gov.lb/ar/news/420152/%D8%A7%D8%B3%D8%AA%D8%B4%D9%87%D8%A7%D8%AF-4-%D9%85%D9%86-%D8%A7%D9%84%D8%B7%D9%8A%D8%A8%D8%A9-%D8%A8%D8%BA%D8%A7%D8%B1%D8%A9-%D8%B9%D9%84%D9%89-%D9%85%D9%8A%D9%81%D8%AF%D9%88%D9%86-2,2026-03-14T18:44:00.000+02:00,4,0,preliminary,"named: Souli family (displaced from Tayibeh); distinct from the March 7 Meifadoun strike (418222, batch 2); update/confirmation in 420176"
INC-0129,420176,https://www.nna-leb.gov.lb/ar/news/420176/%D8%B7%D9%88%D8%A7%D8%B1%D8%A6-%D8%A7%D9%84%D8%B5%D8%AD%D8%A9-%D8%A7%D8%B3%D8%AA%D8%B4%D9%87%D8%A7%D8%AF-5-%D9%88%D8%AC%D8%B1%D8%AD-7-%D9%81%D9%8A-%D8%BA%D8%A7%D8%B1%D8%AA%D9%8A-%D9%85%D9%8A%D9%81%D8%AF%D9%88%D9%86-%D9%88%D9%85%D8%AC%D8%AF%D9%84-%D8%B3%D9%84%D9%85-2,2026-03-14T21:22:51.000+02:00,4,5,preliminary,MoPH confirmation of 420152 - do not double count
INC-0130,420180,https://www.nna-leb.gov.lb/ar/news/420180/%D8%A7%D8%B3%D8%AA%D9%87%D8%AF%D8%A7%D9%81-%D8%B4%D9%82%D8%A9-%D9%81%D9%8A-%D9%85%D9%86%D8%B7%D9%82%D8%A9-%D8%A7%D9%84%D8%B4%D8%B1%D8%AD%D8%A8%D9%8A%D9%84---%D8%B5%D9%8A%D8%AF%D8%A7-%D9%88%D8%A7%D8%B3%D8%AA%D8%B4%D9%87%D8%A7%D8%AF-%D9%85%D9%88%D8%A7%D8%B7%D9%86-2,2026-03-15T05:24:00.000+02:00,1,0,preliminary,update/confirmation in 420226
INC-0130,420226,https://www.nna-leb.gov.lb/ar/news/420226/%D8%AD%D8%B5%D9%8A%D9%84%D8%A9-%D8%A3%D9%88%D9%84%D9%8A%D8%A9-%D9%84%D9%84%D8%BA%D8%A7%D8%B1%D8%A9-%D8%B9%D9%84%D9%89-%D8%A8%D9%84%D8%AF%D8%A9-%D8%B4%D8%B1%D8%AD%D8%A8%D9%8A%D9%84---%D8%B5%D9%8A%D8%AF%D8%A7-2,2026-03-15T10:02:56.000+02:00,1,0,preliminary,MoPH confirmation of 420180 - do not double count; injuries revised to 3 children
INC-0131,420287,https://www.nna-leb.gov.lb/ar/news/420287/%D8%B4%D9%87%D9%8A%D8%AF-%D8%A8%D8%A7%D9%84%D8%BA%D8%A7%D8%B1%D8%A9-%D8%B9%D9%84%D9%89-%D8%B7%D8%B1%D9%8A%D9%82-%D8%A7%D9%84%D9%86%D8%A8%D8%B7%D9%8A%D8%A9-%D8%A7%D9%84%D9%81%D9%88%D9%82%D8%A7-2,2026-03-15T15:39:18.000+02:00,1,0,preliminary,
INC-0132,420332b,https://www.nna-leb.gov.lb/ar/news/420332/%D9%88%D8%B2%D8%A7%D8%B1%D8%A9-%D8%A7%D9%84%D8%B5%D8%AD%D8%A9-%D8%A7%D8%B3%D8%AA%D8%B4%D9%87%D8%A7%D8%AF-5-%D9%85%D9%88%D8%A7%D8%B7%D9%86%D9%8A%D9%86-%D9%81%D9%8A-%D8%A7%D9%84%D8%BA%D8%A7%D8%B1%D8%AA%D9%8A%D9%86-%D8%B9%D9%84%D9%89-%D9%85%D8%AC%D8%AF%D9%84-%D8%B3%D9%84%D9%85-%D9%88%D8%B9%D9%8A%D8%AA%D9%8A%D8%AA-2,2026-03-15T20:35:55.000+02:00,3,3,preliminary,"same source article as 420332; split into own row (different town) - distinct date from the March 8 Aitit strike (418322, batch 2)"
INC-0133,420332,https://www.nna-leb.gov.lb/ar/news/420332/%D9%88%D8%B2%D8%A7%D8%B1%D8%A9-%D8%A7%D9%84%D8%B5%D8%AD%D8%A9-%D8%A7%D8%B3%D8%AA%D8%B4%D9%87%D8%A7%D8%AF-5-%D9%85%D9%88%D8%A7%D8%B7%D9%86%D9%8A%D9%86-%D9%81%D9%8A-%D8%A7%D9%84%D8%BA%D8%A7%D8%B1%D8%AA%D9%8A%D9%86-%D8%B9%D9%84%D9%89-%D9%85%D8%AC%D8%AF%D9%84-%D8%B3%D9%84%D9%85-%D9%88%D8%B9%D9%8A%D8%AA%D9%8A%D8%AA-2,2026-03-15T20:35:55.000+02:00,2,4,preliminary,distinct date from the March 6 (417990) and March 14 (420176b) Majdal Selem strikes
INC-0134,420429,https://www.nna-leb.gov.lb/ar/news/420429/%D8%A7%D9%84%D8%B5%D8%AD%D8%A9-%D9%81%D9%8A-%D8%AD%D8%B5%D9%8A%D9%84%D8%A9-%D8%A3%D9%88%D9%84%D9%8A%D8%A9-%D9%84%D9%84%D8%BA%D8%A7%D8%B1%D8%A7%D8%AA-%D8%B9%D9%84%D9%89-%D8%A7%D9%84%D9%82%D9%86%D8%B7%D8%B1%D8%A9-%D8%A7%D8%B3%D8%AA%D8%B4%D9%87%D8%A7%D8%AF-%D8%A3%D8%B1%D8%A8%D8%B9%D8%A9-%D9%85%D9%88%D8%A7%D8%B7%D9%86%D9%8A%D9%86-%D9%85%D9%86-%D8%A8%D9%8A%D9%86%D9%87%D9%85-%D8%B7%D9%81%D9%84%D8%A7%D9%86-2,2026-03-16T10:05:05.000+02:00,4,0,preliminary,"2 children; distinct date from the March 14 Qantara/Al-Sagheer-family strike (420167, batch 5)"
INC-0135,420377,https://www.nna-leb.gov.lb/ar/news/420377/3-%D8%B4%D9%87%D8%AF%D8%A7%D8%A1-%D8%A8%D9%8A%D9%86%D9%87%D9%85-%D9%85%D8%B3%D8%B9%D9%81%D8%A7%D9%86-%D9%88%D8%AC%D8%B1%D9%8A%D8%AD-%D9%81%D9%8A-%D8%BA%D8%A7%D8%B1%D8%A9-%D8%B9%D9%84%D9%89-%D9%83%D9%81%D8%B1%D8%B5%D9%8A%D8%B1-2,2026-03-16T07:03:09.000+02:00,3,1,preliminary,second strike hit the responding ambulance
INC-0136,420564,https://www.nna-leb.gov.lb/ar/news/420564/%D8%B4%D9%87%D9%8A%D8%AF-%D9%885-%D8%AC%D8%B1%D8%AD%D9%89-%D9%81%D9%8A-%D8%BA%D8%A7%D8%B1%D8%A9-%D8%A7%D8%B3%D8%AA%D9%87%D8%AF%D9%81%D8%AA-%D8%B4%D9%82%D8%A9-%D8%B3%D9%83%D9%86%D9%8A%D8%A9-%D8%B9%D9%86%D8%AF-%D9%85%D9%81%D8%B1%D9%82-%D9%85%D8%B9%D8%B1%D9%83%D8%A9-2,2026-03-16T18:55:19.000+02:00,1,5,preliminary,"chain continues in 420574 (final, 6 inj.) and 420575 (MoPH, 16 inj.) - injury counts vary, deaths consistent at 1"
INC-0136,420574,https://www.nna-leb.gov.lb/ar/news/420574/%D8%BA%D8%A7%D8%B1%D8%A9-%D8%B9%D9%84%D9%89-%D8%B5%D8%B1%D9%8A%D9%81%D8%A7-%D9%88%D8%A7%D9%84%D8%AD%D8%B5%D9%8A%D9%84%D8%A9-%D8%A7%D9%84%D9%86%D9%87%D8%A7%D8%A6%D9%8A%D8%A9-%D9%84%D9%84%D8%BA%D8%A7%D8%B1%D8%A9-%D8%B9%D9%84%D9%89-%D9%85%D9%81%D8%B1%D9%82-%D9%85%D8%B9%D8%B1%D9%83%D8%A9---%D8%B5%D9%88%D8%B1-%D8%B4%D9%87%D9%8A%D8%AF-%D9%886-%D8%AC%D8%B1%D8%AD%D9%89-%D9%88%D9%81%D9%8A-%D8%B5%D8%B1%D9%8A%D9%81%D8%A7-%D8%B9%D8%AF%D8%AF-%D9%85%D9%86-%D8%A7%D9%84%D8%A5%D8%B5%D8%A7%D8%A8%D8%A7%D8%AA-2,2026-03-16T20:52:43.000+02:00,1,6,final,"final toll per Tyre district health chief, update to 420564; article also mentions a same-night Srifa strike w/ injuries but no confirmed death"
INC-0136,420575,https://www.nna-leb.gov.lb/ar/news/420575/%D8%AD%D8%B5%D9%8A%D9%84%D8%A9-%D8%A3%D9%88%D9%84%D9%8A%D8%A9-%D9%84%D9%84%D8%BA%D8%A7%D8%B1%D8%A9-%D8%B9%D9%84%D9%89-%D9%85%D8%B9%D8%B1%D9%83%D8%A9-%D8%B4%D9%87%D9%8A%D8%AF-%D9%8816-%D8%AC%D8%B1%D9%8A%D8%AD%D8%A7-%D8%A8%D9%8A%D9%86%D9%87%D9%85-7-%D8%B3%D9%8A%D8%AF%D8%A7%D8%AA-2,2026-03-16T20:56:51.000+02:00,1,16,preliminary,"MoPH figure, higher injury count than 420564/420574 - flag for merge review, death count consistent"
INC-0137,420532,https://www.nna-leb.gov.lb/ar/news/420532/%D8%A7%D8%B3%D8%AA%D8%B4%D9%87%D8%A7%D8%AF-%D9%85%D8%B3%D8%B9%D9%81-%D9%88%D8%AC%D8%B1%D8%AD-%D8%A2%D8%AE%D8%B1-%D8%AC%D8%B1%D8%A7%D8%A1-%D8%A7%D8%B3%D8%AA%D9%87%D8%AF%D8%A7%D9%81-%D9%85%D8%B3%D9%8A%D8%B1%D8%A9-%D9%84%D9%85%D8%B1%D9%83%D8%B2-%D9%84%D8%A7%D9%84%D9%87%D9%8A%D8%A6%D8%A9-%D8%A7%D9%84%D8%B5%D8%AD%D9%8A%D8%A9-%D8%A7%D9%84%D8%A7%D8%B3%D9%84%D8%A7%D9%85%D9%8A%D8%A9-%D9%81%D9%8A-%D9%8A%D8%A7%D8%B7%D8%B1-2,2026-03-16T17:00:00.000+02:00,1,1,preliminary,"likely same incident as 420556 (named medic, ambulance struck) - do not double count"
INC-0137,420556,https://www.nna-leb.gov.lb/ar/news/420556/%D8%A7%D8%B3%D8%AA%D8%B4%D9%87%D8%A7%D8%AF-%D9%85%D8%B3%D8%B9%D9%81-%D9%81%D9%8A-%D8%A7%D9%84%D8%BA%D8%A7%D8%B1%D8%A9-%D8%B9%D9%84%D9%89-%D8%B3%D9%8A%D8%A7%D8%B1%D8%A9-%D8%A7%D9%84%D8%A5%D8%B3%D8%B9%D8%A7%D9%81-%D9%81%D9%8A-%D9%8A%D8%A7%D8%B7%D8%B1-2,2026-03-16T18:30:43.000+02:00,1,0,preliminary,likely same incident as 420532 - do not double count
INC-0138,420778,https://www.nna-leb.gov.lb/ar/news/420778/%D8%B4%D9%87%D9%8A%D8%AF-%D9%88%D8%A7%D8%B5%D8%A7%D8%A8%D8%A9-%D9%85%D9%88%D8%A7%D8%B7%D9%86-%D9%81%D9%8A-%D8%BA%D8%A7%D8%B1%D8%A9-%D8%A8%D9%8A%D9%86-%D8%A8%D9%84%D8%AF%D8%AA%D9%8A-%D8%B9%D8%A8%D8%A7-%D9%88%D8%AC%D8%A8%D8%B4%D9%8A%D8%AA-%D9%88%D8%AA%D8%AF%D9%85%D9%8A%D8%B1-%D9%85%D8%A8%D9%86%D9%89-%D9%81%D9%8A-%D8%AA%D9%88%D9%84-2,2026-03-17T14:40:38.000+02:00,1,1,preliminary,article also mentions a Tool building destroyed by a separate strike w/ no deaths given
INC-0139,420770,https://www.nna-leb.gov.lb/ar/news/420770/%D9%82%D9%8A%D8%A7%D8%AF%D8%A9-%D8%A7%D9%84%D8%AC%D9%8A%D8%B4-%D8%A7%D8%B3%D8%AA%D8%B4%D9%87%D8%A7%D8%AF-%D8%B9%D8%B3%D9%83%D8%B1%D9%8A%D9%8E%D9%91%D9%8A%D9%86-%D9%86%D8%AA%D9%8A%D8%AC%D8%A9-%D8%BA%D8%A7%D8%B1%D8%A9-%D8%A5%D8%B3%D8%B1%D8%A7%D8%A6%D9%8A%D9%84%D9%8A%D8%A9-%D8%B9%D9%84%D9%89-%D8%B7%D8%B1%D9%8A%D9%82-%D8%B2%D8%A8%D8%AF%D9%8A%D9%86---%D8%A7%D9%84%D9%86%D8%A8%D8%B7%D9%8A%D8%A9-2,2026-03-17T14:14:00.000+02:00,2,,preliminary,Army statement (via X/Twitter); chain continues in 420801/420826
INC-0140,420682,https://www.nna-leb.gov.lb/ar/news/420682/%D8%B4%D9%87%D9%8A%D8%AF%D8%A7%D9%86-%D9%81%D9%8A-%D8%A7%D9%84%D8%AC%D9%85%D9%8A%D8%AC%D9%85%D8%A9-%D9%88%D8%A7%D8%B3%D8%AA%D9%85%D8%B1%D8%A7%D8%B1-%D8%A7%D9%84%D9%82%D8%B5%D9%81-%D9%84%D8%A8%D9%84%D8%AF%D8%AA%D9%8E%D9%8A-%D8%B2%D8%A8%D9%82%D9%8A%D9%86-%D9%88%D8%AC%D8%A8%D8%A7%D9%84-%D8%A7%D9%84%D8%A8%D8%B7%D9%85-2,2026-03-17T10:05:47.000+02:00,2,0,preliminary,article also covers ongoing artillery shelling of Zebqin/Jabal al-Botm w/ no deaths
INC-0141,420788,https://www.nna-leb.gov.lb/ar/news/420788/%D8%B4%D9%87%D9%8A%D8%AF-%D9%81%D9%8A-%D8%BA%D8%A7%D8%B1%D8%A9-%D8%A7%D8%B3%D8%AA%D9%87%D8%AF%D9%81%D8%AA-%D8%B3%D9%8A%D8%A7%D8%B1%D8%AA%D9%87-%D9%81%D9%8A-%D8%A7%D9%84%D8%B3%D9%84%D8%B7%D8%A7%D9%86%D9%8A%D8%A9-2,2026-03-17T15:32:00.000+02:00,1,0,preliminary,
INC-0142,420810,https://www.nna-leb.gov.lb/ar/news/420810/%D8%B7%D9%88%D8%A7%D8%B1%D9%89%D8%A1-%D8%A7%D9%84%D8%B5%D8%AD%D8%A9-3-%D8%B4%D9%87%D8%AF%D8%A7%D8%A1-%D9%885-%D8%AC%D8%B1%D8%AD%D9%89-%D9%81%D9%8A-%D8%A7%D9%84%D8%BA%D8%A7%D8%B1%D8%A9-%D8%B9%D9%84%D9%89-%D8%A7%D9%84%D8%BA%D8%A7%D8%B2%D9%8A%D8%A9-2,2026-03-17T17:08:31.000+02:00,3,5,preliminary,third distinct Ghazieh incident this study period - different date from March 8 and March 13 strikes
INC-0143,420855,https://www.nna-leb.gov.lb/ar/news/420855/%D8%B4%D9%87%D9%8A%D8%AF%D8%A7%D9%86-%D9%886-%D8%AC%D8%B1%D8%AD%D9%89-%D9%883-%D9%85%D9%81%D9%82%D9%88%D8%AF%D9%8A%D9%86-%D9%81%D9%8A-%D8%A7%D9%84%D8%BA%D8%A7%D8%B1%D8%A9-%D8%B9%D9%84%D9%89-%D9%85%D8%AF%D9%8A%D9%86%D8%A9-%D8%A8%D8%B9%D9%84%D8%A8%D9%83-2,2026-03-17T20:45:04.000+02:00,2,6,preliminary,2 children; 3 missing; chain continues in 420869/420947 (final: 4 dead/7 injured)
INC-0143,420869,https://www.nna-leb.gov.lb/ar/news/420869/%D8%B7%D9%88%D8%A7%D8%B1%D8%A6-%D8%A7%D9%84%D8%B5%D8%AD%D8%A9-4-%D8%B4%D9%87%D8%AF%D8%A7%D8%A1-%D9%887-%D8%AC%D8%B1%D8%AD%D9%89-%D9%81%D9%8A-%D8%A7%D9%84%D8%BA%D8%A7%D8%B1%D8%A9-%D8%B9%D9%84%D9%89-%D8%A8%D8%B9%D9%84%D8%A8%D9%83-2,2026-03-18T02:54:55.000+02:00,4,7,preliminary,"MoPH update to 420855 chain, matches final in 420947"
INC-0143,420947,https://www.nna-leb.gov.lb/ar/news/420947/4-%D8%B4%D9%87%D8%AF%D8%A7%D8%A1-%D9%88-7-%D8%AC%D8%B1%D8%AD%D9%89-%D8%B6%D8%AD%D8%A7%D9%8A%D8%A7-%D8%A7%D9%84%D8%BA%D8%A7%D8%B1%D8%A9-%D8%B9%D9%84%D9%89-%D9%85%D8%AF%D9%8A%D9%86%D8%A9-%D8%A8%D8%B9%D9%84%D8%A8%D9%83-2,2026-03-18T09:09:43.000+02:00,4,7,final,"final toll, confirms 420869 - supersedes 420855 chain"
INC-0144,420648,https://www.nna-leb.gov.lb/ar/news/420648/3-%D8%B4%D9%87%D8%AF%D8%A7%D8%A1-%D9%81%D9%8A-%D8%A7%D9%84%D8%BA%D8%A7%D8%B1%D8%A9-%D8%B9%D9%84%D9%89-%D8%A8%D9%86%D8%AA-%D8%AC%D8%A8%D9%8A%D9%84-%D8%B5%D8%A8%D8%A7%D8%AD%D8%A7-2,2026-03-17T08:29:21.000+02:00,3,0,preliminary,fourth distinct Bint Jbeil city strike this study period - different date
INC-0145,420805,https://www.nna-leb.gov.lb/ar/news/420805/(*)-3-%D8%B4%D9%87%D8%AF%D8%A7%D8%A1-%D9%81%D9%8A-%D8%A7%D9%84%D8%BA%D8%A7%D8%B1%D8%A9-%D8%B9%D9%84%D9%89-%D9%85%D8%AC%D9%85%D8%B9-%D8%B3%D9%83%D9%86%D9%8A-%D9%81%D9%8A-%D8%A8%D9%84%D8%AF%D8%A9-%D8%AD%D8%A7%D8%B1%D9%88%D9%81-2,2026-03-17T17:08:21.000+02:00,3,,preliminary,"'3 so far' - recovery ongoing, count may be incomplete; referenced again (not updated) in 420918"
INC-0146,420763,https://www.nna-leb.gov.lb/ar/news/420763/%D9%88%D8%B2%D8%A7%D8%B1%D8%A9-%D8%A7%D9%84%D8%B5%D8%AD%D8%A9--%D8%A7%D8%B3%D8%AA%D8%B4%D9%87%D8%A7%D8%AF-%D9%85%D9%88%D8%A7%D8%B7%D9%86-%D9%88%D8%A5%D8%B5%D8%A7%D8%A8%D8%A9-%D8%AA%D8%B3%D8%B9%D8%A9-%D8%A2%D8%AE%D8%B1%D9%8A%D9%86-%D8%A8%D8%AC%D8%B1%D9%88%D8%AD-%D9%81%D9%8A-%D8%BA%D8%A7%D8%B1%D8%A9-%D8%A7%D9%84%D8%B9%D8%AF%D9%88-%D8%B9%D9%84%D9%89-%D8%B7%D8%B1%D9%8A%D9%82-%D8%A7%D9%84%D9%85%D8%B7%D8%A7%D8%B1-2,2026-03-17T13:53:28.000+02:00,1,9,preliminary,"distinct date from the March 3 Airport Road strike (417491, batch 1)"
INC-0147,420708,https://www.nna-leb.gov.lb/ar/news/420708/%D8%A7%D9%84%D8%AC%D9%8A%D8%B4-%D8%A7%D8%B3%D8%AA%D8%B4%D9%87%D8%A7%D8%AF-%D8%B9%D8%B3%D9%83%D8%B1%D9%8A-%D9%85%D8%AA%D8%A3%D8%AB%D8%B1%D9%8B%D8%A7-%D8%A8%D8%AC%D8%B1%D8%A7%D8%AD%D9%87-%D8%A5%D8%AB%D8%B1-%D8%A7%D9%84%D8%BA%D8%A7%D8%B1%D8%A9-%D8%A7%D9%84%D8%A7%D8%B3%D8%B1%D8%A7%D8%A6%D9%8A%D9%84%D9%8A%D8%A9-%D8%B9%D9%84%D9%89-%D9%82%D8%B9%D9%82%D8%B9%D9%8A%D8%A9-%D8%A7%D9%84%D8%AC%D8%B3%D8%B1-2,2026-03-17T11:02:25.000+02:00,1,,preliminary,Army statement; follow-up to an earlier (not itself keyword-matched) report of 5 soldiers injured there; chain continues in 420801/420826
INC-0148,420944,https://www.nna-leb.gov.lb/ar/news/420944/%D8%BA%D8%A7%D8%B1%D8%A9-%D8%B9%D9%84%D9%89-%D8%AE%D8%B1%D8%A8%D8%A9-%D8%B3%D9%84%D9%85-%D9%88%D9%82%D8%B5%D9%81-%D9%84%D9%84%D9%82%D9%84%D9%8A%D8%B9%D8%A9-%D9%88%D8%AC%D8%AF%D9%8A%D8%AF%D8%A9-%D9%85%D8%B1%D8%AC%D8%B9%D9%8A%D9%88%D9%86-%D9%88%D8%A5%D8%A8%D9%84-%D8%A7%D9%84%D8%B3%D9%82%D9%8A-2,2026-03-18T09:05:00.000+02:00,2,0,preliminary,"1 child; distinct incident/date/mechanism from the March 9 Qlaya priest killing (418805, batch 3); article also covers Majdal Selem/Khirbet Selm/Jdeidet Marjayoun/Ebl al-Saqi shelling w/ no deaths given here (Khirbet Selm toll appears later in 420988)"
INC-0149,420926,https://www.nna-leb.gov.lb/ar/news/420926/%D8%B4%D9%87%D9%8A%D8%AF-%D9%81%D9%8A-%D8%BA%D8%A7%D8%B1%D8%A9-%D8%B9%D9%84%D9%89-%D8%A8%D8%B1%D8%AC-%D9%82%D9%84%D8%A7%D9%88%D9%8A%D9%87-2,2026-03-18T07:48:00.000+02:00,1,0,preliminary,"distinct date from the March 14 Burj Qalawiyeh strikes (419988/419992, batch 5)"
INC-0150,420876,https://www.nna-leb.gov.lb/ar/news/420876/%D8%B7%D9%88%D8%A7%D8%B1%D8%A6-%D8%A7%D9%84%D8%B5%D8%AD%D8%A9-%D9%81%D9%8A-%D8%AD%D8%B5%D9%8A%D9%84%D8%A9-%D8%A3%D9%88%D9%84%D9%8A%D8%A9-%D9%84%D9%84%D8%BA%D8%A7%D8%B1%D8%AA%D9%8A%D9%86-%D8%B9%D9%84%D9%89-%D8%A8%D9%8A%D8%B1%D9%88%D8%AA-6-%D8%B4%D9%87%D8%AF%D8%A7%D8%A1-%D9%8824-%D8%AC%D8%B1%D9%8A%D8%AD%D8%A7-2,2026-03-18T04:17:00.000+02:00,6,24,preliminary,"combined toll for two unspecified Beirut strikes, body parts recovered pending DNA ID; locations later specified in 420939/420942 as Basta + Zuqaq al-Blat"
INC-0150,420939,https://www.nna-leb.gov.lb/ar/news/420939/%D8%A7%D9%84%D8%B5%D8%AD%D8%A9-%D9%81%D9%8A-%D8%AD%D8%B5%D9%8A%D9%84%D8%A9-%D8%A3%D9%88%D9%84%D9%8A%D8%A9-%D9%84%D9%84%D8%BA%D8%A7%D8%B1%D8%A9-%D8%B5%D8%A8%D8%A7%D8%AD%D8%A7-%D8%B9%D9%84%D9%89-%D8%B2%D9%82%D8%A7%D9%82-%D8%A7%D9%84%D8%A8%D9%84%D8%A7%D8%B7-%D8%B4%D9%87%D9%8A%D8%AF%D8%A7%D9%86-%D9%8814-%D8%AC%D8%B1%D9%8A%D8%AD%D8%A7-2,2026-03-18T08:39:55.000+02:00,2,14,preliminary,one of the two 420876 Beirut strikes; superseded by 420942's combined final
INC-0150,420942,https://www.nna-leb.gov.lb/ar/news/420942/%D8%A7%D9%84%D8%B5%D8%AD%D8%A9-%D8%A7%D8%B1%D8%AA%D9%81%D8%A7%D8%B9-%D8%AD%D8%B5%D9%8A%D9%84%D8%A9-%D8%A7%D9%84%D9%81%D8%AC%D8%B1-%D9%81%D9%8A-%D8%A8%D9%8A%D8%B1%D9%88%D8%AA-%D8%A5%D9%84%D9%89-10-%D8%B4%D9%87%D8%AF%D8%A7%D8%A1-%D9%8827-%D8%AC%D8%B1%D9%8A%D8%AD%D8%A7-2,2026-03-18T08:45:50.000+02:00,10,27,final,"combined final toll for both dawn Beirut strikes, supersedes 420876/420939"
INC-0151,420870,https://www.nna-leb.gov.lb/ar/news/420870/%D8%A7%D9%84%D8%B5%D8%AD%D8%A9-%D9%81%D9%8A-%D8%AD%D8%B5%D9%8A%D9%84%D8%A9-%D8%A3%D9%88%D9%84%D9%8A%D8%A9-%D9%84%D9%84%D8%BA%D8%A7%D8%B1%D8%A9-%D8%B9%D9%84%D9%89-%D8%AC%D8%A8%D8%B4%D9%8A%D8%AA-4-%D8%B4%D9%87%D8%AF%D8%A7%D8%A1-%D9%85%D9%86-%D8%A7%D9%84%D8%AC%D9%86%D8%B3%D9%8A%D8%A9-%D8%A7%D9%84%D8%B3%D9%88%D8%B1%D9%8A%D8%A9-2,2026-03-18T02:57:18.000+02:00,4,0,preliminary,4 Syrian nationals; distinct date from earlier Jbeshit incidents
INC-0152,420868,https://www.nna-leb.gov.lb/ar/news/420868/%D8%A7%D9%84%D8%B5%D8%AD%D8%A9-%D9%81%D9%8A-%D8%AD%D8%B5%D9%8A%D9%84%D8%A9-%D8%A3%D9%88%D9%84%D9%8A%D8%A9-%D9%84%D9%84%D8%BA%D8%A7%D8%B1%D8%A9-%D8%B9%D9%84%D9%89-%D8%AD%D8%A8%D9%88%D8%B4-8-%D8%B4%D9%87%D8%AF%D8%A7%D8%A1-%D9%88%D8%AC%D8%B1%D9%8A%D8%AD-2,2026-03-18T02:52:47.000+02:00,3,1,preliminary,"headline says '8 dead' but body says 3 dead confirmed + 8 missing (search ongoing) - internal inconsistency, use body figure"
INC-0153,420988,https://www.nna-leb.gov.lb/ar/news/420988/%D8%B4%D9%87%D9%8A%D8%AF%D8%A7%D9%86-%D9%88%D8%B9%D8%AF%D8%AF-%D9%85%D9%86-%D8%A7%D9%84%D8%AC%D8%B1%D8%AD%D9%89-%D9%81%D9%8A-%D8%BA%D8%A7%D8%B1%D8%A9-%D8%AE%D8%B1%D8%A8%D8%A9-%D8%B3%D9%84%D9%85-2,2026-03-18T10:56:17.000+02:00,2,,preliminary,toll for the Khirbet Selm strike mentioned earlier without numbers in 420944
INC-0154,420973,https://www.nna-leb.gov.lb/ar/news/420973/%D8%B4%D9%87%D9%8A%D8%AF%D8%A7%D9%86-%D9%887-%D8%AC%D8%B1%D8%AD%D9%89-%D8%A8%D9%8A%D9%86%D9%87%D9%85-%D8%B7%D9%81%D9%84%D8%A9-%D9%81%D9%8A-%D8%BA%D8%A7%D8%B1%D8%A9-%D8%B9%D9%84%D9%89-%D9%85%D8%A8%D9%86%D9%89-%D8%B3%D9%83%D9%86%D9%8A-%D9%81%D9%8A-%D8%AF%D9%8A%D8%B1-%D8%A7%D9%84%D8%B2%D9%87%D8%B1%D8%A7%D9%86%D9%8A-2,2026-03-18T10:12:00.000+02:00,2,7,preliminary,
INC-0155,420959,https://www.nna-leb.gov.lb/ar/news/420959/%D8%B4%D9%87%D9%8A%D8%AF%D8%A7%D9%86-%D9%81%D9%8A-%D8%BA%D8%A7%D8%B1%D8%A9-%D8%A7%D8%B3%D8%AA%D9%87%D8%AF%D9%81%D8%AA-%D9%85%D9%86%D8%B2%D9%84%D8%A7-%D9%81%D9%8A-%D8%B3%D8%AD%D9%85%D8%B1-%D9%81%D9%8A-%D8%A7%D9%84%D8%A8%D9%82%D8%A7%D8%B9-%D8%A7%D9%84%D8%BA%D8%B1%D8%A8%D9%8A-2,2026-03-18T09:37:00.000+02:00,2,0,preliminary,"described as a fresh/further strike - possibly additional to the 420899/420936 chain rather than an update of it, flag for merge review"
INC-0156,420899,https://www.nna-leb.gov.lb/ar/news/420899/4-%D8%B4%D9%87%D8%AF%D8%A7%D8%A1-%D8%A8%D8%A7%D8%B3%D8%AA%D9%87%D8%AF%D8%A7%D9%81-%D9%85%D9%86%D8%A7%D8%B2%D9%84-%D9%81%D9%8A-%D8%B3%D8%AD%D9%85%D8%B1-2,2026-03-18T05:44:00.000+02:00,4,0,preliminary,"MoPH update 420936 gives a lower count (2) - flag discrepancy; possibly a further, additional Sohmor strike in 420959 later same day"
INC-0156,420936,https://www.nna-leb.gov.lb/ar/news/420936/%D8%A7%D9%84%D8%B5%D8%AD%D8%A9-%D9%81%D9%8A-%D8%AD%D8%B5%D9%8A%D9%84%D8%A9-%D8%A3%D9%88%D9%84%D9%8A%D8%A9-%D9%84%D9%84%D8%BA%D8%A7%D8%B1%D8%A7%D8%AA-%D8%B9%D9%84%D9%89-%D8%B3%D8%AD%D9%85%D8%B1-%D8%B4%D9%87%D9%8A%D8%AF%D8%A7%D9%86-%D9%88%D8%B3%D8%AA%D8%A9-%D8%AC%D8%B1%D8%AD%D9%89-2,2026-03-18T08:21:42.000+02:00,2,6,preliminary,"MoPH update to 420899 - lower count, flag discrepancy"
INC-0157,421111,https://www.nna-leb.gov.lb/ar/news/421111/4-%D8%B4%D9%87%D8%AF%D8%A7%D8%A1-%D9%81%D9%8A-%D8%A7%D9%84%D8%BA%D8%A7%D8%B1%D8%A9-%D8%B9%D9%84%D9%89-%D8%B4%D8%B9%D8%AA-%D9%88%D8%A7%D9%84%D8%A8%D8%AD%D8%AB-%D8%AC%D8%A7%D8%B1%D9%8D-%D8%B9%D9%86-%D9%85%D9%81%D9%82%D9%88%D8%AF%D9%8A%D9%86-2,2026-03-18T20:20:27.000+02:00,4,,preliminary,"distinct date from the March 11 Chaat massacre (419357/419395, batch 4); update in 421113 (6, named family)"
INC-0157,421113,https://www.nna-leb.gov.lb/ar/news/421113/%D8%A5%D8%B1%D8%AA%D9%81%D8%A7%D8%B9-%D8%AD%D8%B5%D9%8A%D9%84%D8%A9-%D8%A7%D9%84%D8%BA%D8%A7%D8%B1%D8%A9-%D8%B9%D9%84%D9%89-%D8%A3%D8%B7%D8%B1%D8%A7%D9%81-%D8%B4%D8%B9%D8%AA-%D9%84%D8%AC%D9%87%D8%A9-%D8%A8%D9%84%D8%AF%D8%A9-%D9%8A%D9%88%D9%86%D9%8A%D9%86-%D8%A5%D9%84%D9%89-6-%D8%B4%D9%87%D8%AF%D8%A7%D8%A1-2,2026-03-18T20:44:19.000+02:00,6,,preliminary,"named: Namr family (Hussein, wife Asmaa al-Kaheel, and 4 children); update to 421111"
INC-0158,420943,https://www.nna-leb.gov.lb/ar/news/420943/%D8%A7%D9%84%D8%B5%D8%AD%D8%A9-%D8%AD%D8%B5%D9%8A%D9%84%D8%A9-%D8%A7%D9%84%D8%BA%D8%A7%D8%B1%D8%A9-%D9%84%D9%89-%D8%A7%D9%84%D9%83%D9%88%D8%B1%D9%86%D9%8A%D8%B4-%D8%A7%D9%84%D8%A8%D8%AD%D8%B1%D9%8A-%D9%81%D9%8A-%D8%B5%D9%8A%D8%AF%D8%A7-%D8%B4%D9%87%D9%8A%D8%AF%D8%A7%D9%86-%D8%A8%D9%8A%D9%86%D9%87%D9%85%D8%A7-%D9%85%D8%B3%D8%B9%D9%81-%D9%88%D8%A5%D8%B5%D8%A7%D8%A8%D8%A9-%D9%85%D9%88%D8%A7%D8%B7%D9%86-%D8%A8%D8%AC%D8%B1%D9%88%D8%AD-2,2026-03-18T09:01:44.000+02:00,2,1,preliminary,likely same incident as 420958 (driver + named Civil Defense member) - do not double count
INC-0158,420958,https://www.nna-leb.gov.lb/ar/news/420958/%D8%B4%D9%87%D9%8A%D8%AF%D8%A7%D9%86-%D8%A3%D8%AD%D8%AF%D9%87%D9%85%D8%A7-%D9%85%D9%86-%D8%A7%D9%84%D8%AF%D9%81%D8%A7%D8%B9-%D8%A7%D9%84%D9%85%D8%AF%D9%86%D9%8A-%D9%81%D9%8A-%D8%A7%D8%B3%D8%AA%D9%87%D8%AF%D8%A7%D9%81-%D8%A7%D9%84%D8%B3%D9%8A%D8%A7%D8%B1%D8%A9-%D9%81%D9%8A-%D8%B5%D9%8A%D8%AF%D8%A7-2,2026-03-18T09:27:00.000+02:00,2,0,preliminary,likely same incident as 420943 - do not double count
INC-0159,420871,https://www.nna-leb.gov.lb/ar/news/420871/%D8%B4%D9%87%D8%AF%D8%A7%D8%A1-%D9%81%D9%8A-%D8%BA%D8%A7%D8%B1%D8%A9-%D8%B9%D9%84%D9%89-%D9%85%D9%86%D8%B2%D9%84-%D9%81%D9%8A-%D9%82%D9%86%D8%A7%D8%B1%D9%8A%D8%AA-2,2026-03-18T03:01:58.000+02:00,3,0,preliminary,article also mentions a warned strike on a pharmaceutical warehouse in Aaqbiyeh w/ no deaths
INC-0160,420918,https://www.nna-leb.gov.lb/ar/news/420918/%D9%82%D8%B5%D9%81-%D9%84%D9%85%D8%AC%D8%B1%D9%89-%D8%A7%D9%84%D9%84%D9%8A%D8%B7%D8%A7%D9%86%D9%8A-%D9%88%D8%A7%D9%84%D8%AE%D8%B1%D8%AF%D9%84%D9%8A-%D9%88%D8%A3%D8%B7%D8%B1%D8%A7%D9%81-%D8%A7%D9%84%D9%82%D9%84%D9%8A%D8%B9%D8%A9-%D8%B5%D8%A8%D8%A7%D8%AD%D9%8B%D8%A7-%D9%88%D8%BA%D8%A7%D8%B1%D8%A7%D8%AA-%D8%AD%D8%B5%D8%AF%D8%AA-%D8%B4%D9%87%D8%AF%D8%A7%D8%A1-%D9%88%D8%AC%D8%B1%D8%AD%D9%89-%D9%81%D9%8A-%D8%A8%D9%84%D8%AF%D8%A7%D8%AA-%D8%B9%D8%AF%D8%A9-%D9%81%D9%8A-%D8%A7%D9%84%D9%86%D8%A8%D8%B7%D9%8A%D8%A9-%D9%84%D9%8A%D9%84%D9%8B%D8%A7-2,2026-03-18T07:37:39.000+02:00,1,9,preliminary,"named: Hazan Mohsen Ayyash; roundup article, also covers Nabatieh Al-Maidan/Arabsalim/Al-Dawir strikes w/ no deaths given here, and references the already-covered Haroof recovery (420805)"
INC-0161,421215,https://www.nna-leb.gov.lb/ar/news/421215/%D8%B4%D9%87%D9%8A%D8%AF-%D9%88%D8%AC%D8%B1%D9%8A%D8%AD%D8%A7%D9%86-%D9%88%D8%AF%D9%85%D8%A7%D8%B1-%D8%AD%D8%B5%D9%8A%D9%84%D8%A9-%D8%A7%D9%84%D8%BA%D8%A7%D8%B1%D8%A9-%D8%B9%D9%84%D9%89-%D8%A7%D9%84%D8%A8%D8%A7%D8%B2%D9%88%D8%B1%D9%8A%D8%A9-2,2026-03-19T10:11:37.000+02:00,1,2,preliminary,
INC-0162,421236,https://www.nna-leb.gov.lb/ar/news/421236/%D8%BA%D8%A7%D8%B1%D8%A9-%D8%B9%D9%84%D9%89-%D8%A3%D8%B7%D8%B1%D8%A7%D9%81-%D8%B9%D8%AF%D9%84%D9%88%D9%86-%D8%AA%D8%B3%D9%81%D8%B1-%D8%B9%D9%86-%D8%B4%D9%87%D9%8A%D8%AF%D9%8A%D9%86-2,2026-03-19T10:51:24.000+02:00,2,0,preliminary,distinct from the later March 24 Adloun-area incidents (422220/422407) - different date
INC-0163,421608,https://www.nna-leb.gov.lb/ar/news/421608/%D8%B4%D9%87%D9%8A%D8%AF-%D9%88%D8%AC%D8%B1%D9%8A%D8%AD%D8%A7%D9%86-%D9%81%D9%8A-%D8%BA%D8%A7%D8%B1%D8%A9-%D8%B9%D9%86%D9%8A%D9%81%D8%A9-%D8%B9%D9%84%D9%89-%D8%A7%D9%84%D8%BA%D9%86%D8%AF%D9%88%D8%B1%D9%8A%D8%A9-2,2026-03-20T23:13:54.000+02:00,1,2,preliminary,article also mentions renewed artillery shelling of Naqoura w/ no deaths
INC-0164,421438,https://www.nna-leb.gov.lb/ar/news/421438/%D8%B4%D9%87%D9%8A%D8%AF%D8%A7%D9%86-%D9%88%D8%AC%D8%B1%D9%8A%D8%AD-%D9%81%D9%8A-%D8%BA%D8%A7%D8%B1%D8%A9-%D8%B9%D9%84%D9%89-%D9%85%D9%86%D8%B2%D9%84-%D9%81%D9%8A-%D8%A8%D8%A7%D9%81%D9%8A%D9%84%D9%87-%D9%88%D8%A7%D8%B3%D8%AA%D9%87%D8%AF%D8%A7%D9%81-%D8%A8%D9%86%D8%AA-%D8%AC%D8%A8%D9%8A%D9%84-%D9%88%D8%A7%D9%84%D8%B7%D9%8A%D8%B1%D9%8A-%D9%88%D9%83%D9%81%D8%B1%D8%AA%D8%A8%D9%86%D9%8A%D8%AA-2,2026-03-20T08:17:00.000+02:00,2,1,preliminary,"article also mentions strikes on Bint Jbeil city, Al-Tiri, and a repeated Kfartebnit strike w/ no deaths given"
INC-0165,421690,https://www.nna-leb.gov.lb/ar/news/421690/%D8%BA%D8%A7%D8%B1%D8%A9-%D8%B9%D9%84%D9%89-%D9%85%D8%B1%D8%AA%D9%81%D8%B9%D8%A7%D8%AA-%D8%AC%D8%A8%D9%84-%D8%A7%D9%84%D8%B1%D9%8A%D8%AD%D8%A7%D9%86-%D9%88%D8%B4%D9%87%D9%8A%D8%AF-%D9%81%D9%8A-%D8%B2%D9%88%D8%B7%D8%B1-%D8%A7%D9%84%D8%B4%D8%B1%D9%82%D9%8A%D8%A9-2,2026-03-21T13:09:17.000+02:00,1,0,preliminary,fourth distinct Zawtar al-Sharqiya incident this study period - different date; article also mentions a Jabal al-Rihan heights strike w/ no deaths
INC-0166,421816,https://www.nna-leb.gov.lb/ar/news/421816/3-%D8%B4%D9%87%D8%AF%D8%A7%D8%A1-%D9%81%D9%8A-%D8%BA%D8%A7%D8%B1%D8%AA%D9%8A%D9%86-%D8%B9%D9%84%D9%89-%D8%A7%D9%84%D8%B3%D9%84%D8%B7%D8%A7%D9%86%D9%8A%D8%A9-%D9%88%D8%A7%D9%84%D8%B5%D9%88%D8%A7%D9%86%D8%A9-2,2026-03-22T11:03:40.000+02:00,2,0,preliminary,count hedged ('وافيد'); update in 421849 (3)
INC-0166,421849,https://www.nna-leb.gov.lb/ar/news/421849/%D8%B7%D9%88%D8%A7%D8%B1%D8%A6-%D8%A7%D9%84%D8%B5%D8%AD%D8%A9-%D8%A7%D8%B3%D8%AA%D8%B4%D9%87%D8%A7%D8%AF-4-%D9%88%D8%AC%D8%B1%D8%AD-7-%D9%81%D9%8A-%D8%BA%D8%A7%D8%B1%D8%AA%D9%8A-%D8%A7%D9%84%D8%B3%D9%84%D8%B7%D8%A7%D9%86%D9%8A%D8%A9-%D9%88%D8%A7%D9%84%D8%B5%D9%88%D8%A7%D9%86%D8%A9-2,2026-03-22T13:12:00.000+02:00,3,3,preliminary,MoPH update to 421816 (2->3)
INC-0167,421816b,https://www.nna-leb.gov.lb/ar/news/421816/3-%D8%B4%D9%87%D8%AF%D8%A7%D8%A1-%D9%81%D9%8A-%D8%BA%D8%A7%D8%B1%D8%AA%D9%8A%D9%86-%D8%B9%D9%84%D9%89-%D8%A7%D9%84%D8%B3%D9%84%D8%B7%D8%A7%D9%86%D9%8A%D8%A9-%D9%88%D8%A7%D9%84%D8%B5%D9%88%D8%A7%D9%86%D8%A9-2,2026-03-22T11:03:40.000+02:00,1,0,preliminary,same source article as 421816; count hedged; split into own row (different town); confirmed in 421849 (1); article also covers intermittent artillery/machine-gun activity on Qantara/Beit Lif/Qawzah/Aita al-Shaab w/ no deaths
INC-0167,421849b,https://www.nna-leb.gov.lb/ar/news/421849/%D8%B7%D9%88%D8%A7%D8%B1%D8%A6-%D8%A7%D9%84%D8%B5%D8%AD%D8%A9-%D8%A7%D8%B3%D8%AA%D8%B4%D9%87%D8%A7%D8%AF-4-%D9%88%D8%AC%D8%B1%D8%AD-7-%D9%81%D9%8A-%D8%BA%D8%A7%D8%B1%D8%AA%D9%8A-%D8%A7%D9%84%D8%B3%D9%84%D8%B7%D8%A7%D9%86%D9%8A%D8%A9-%D9%88%D8%A7%D9%84%D8%B5%D9%88%D8%A7%D9%86%D8%A9-2,2026-03-22T13:12:00.000+02:00,1,4,preliminary,"same source article as 421849; MoPH confirmation of 421816b - split into own row; note district given here as Marjayoun, differs from my Tyre guess in 421816b - use Marjayoun"
INC-0168,421924,https://www.nna-leb.gov.lb/ar/news/421924/%D8%A7%D8%B3%D8%AA%D8%B4%D9%87%D8%A7%D8%AF-%D8%B1%D8%A6%D9%8A%D8%B3-%D9%82%D8%B3%D9%85-%D8%A7%D9%84%D8%B2%D8%A8%D8%A7%D8%A6%D9%86-%D9%81%D9%8A-%D8%AF%D8%A7%D8%A6%D8%B1%D8%A9-%D8%A7%D9%84%D9%86%D8%A8%D8%B7%D9%8A%D8%A9-%D9%81%D9%8A-%D9%85%D8%A4%D8%B3%D8%B3%D8%A9-%D9%83%D9%87%D8%B1%D8%A8%D8%A7%D8%A1-%D9%84%D8%A8%D9%86%D8%A7%D9%86-2,2026-03-22T20:04:00.000+02:00,1,0,preliminary,"named: Hussein Halal (customer service dept head, Electricite du Liban - explicit occupation); company condolence statement functions as primary report of this death; distinct date from the later March 24 Habbouch strike (422404)"
INC-0169,422053,https://www.nna-leb.gov.lb/ar/news/422053/%D9%88%D8%B2%D8%A7%D8%B1%D8%A9-%D8%A7%D9%84%D8%B5%D8%AD%D8%A9-%D8%B4%D9%87%D9%8A%D8%AF-%D9%81%D9%8A-%D8%BA%D8%A7%D8%B1%D8%A9-%D8%B9%D9%84%D9%89-%D8%B4%D9%82%D8%A9-%D9%81%D9%8A-%D8%A7%D9%84%D8%AD%D8%A7%D8%B2%D9%85%D9%8A%D8%A9-2,2026-03-23T14:40:00.000+02:00,1,0,preliminary,confirmed by name by mayor Jean al-Asmar
INC-0170,421965,https://www.nna-leb.gov.lb/ar/news/421965/%D8%B4%D9%87%D9%8A%D8%AF-%D9%88%D8%AC%D8%B1%D9%8A%D8%AD-%D9%81%D9%8A-%D8%A7%D9%84%D8%BA%D8%A7%D8%B1%D8%A9-%D8%B9%D9%84%D9%89-%D8%A7%D9%84%D8%AD%D9%86%D9%8A%D8%A9---%D8%B5%D9%88%D8%B1-2,2026-03-23T08:08:53.000+02:00,1,1,preliminary,"distinct from the earlier vague-count Haniyeh strike (418000, batch 2) - different date/mechanism"
INC-0171,421941,https://www.nna-leb.gov.lb/ar/news/421941/%D8%B4%D9%87%D9%8A%D8%AF-%D9%88%D8%AC%D8%B1%D9%8A%D8%AD-%D8%AC%D8%B1%D8%A7%D8%A1-%D8%BA%D8%A7%D8%B1%D8%A9-%D8%B9%D9%84%D9%89-%D9%85%D8%A8%D9%86%D9%89-%D9%81%D9%8A-%D8%A7%D9%84%D8%B4%D9%87%D8%A7%D8%A8%D9%8A%D8%A9-2,2026-03-23T03:30:14.000+02:00,1,1,preliminary,"distinct date from the March 11 Al-Shihabiyeh strike (419173, batch 4); possibly same-day duplicate/update of 421968 - flag for merge review"
INC-0171,421968,https://www.nna-leb.gov.lb/ar/news/421968/%D8%B4%D9%87%D9%8A%D8%AF-%D9%884-%D8%AC%D8%B1%D8%AD%D9%89-%D9%81%D9%8A-%D8%A7%D9%84%D8%BA%D8%A7%D8%B1%D8%A9-%D8%B9%D9%84%D9%89-%D8%A7%D9%84%D8%B4%D9%87%D8%A7%D8%A8%D9%8A%D8%A9-%D9%88%D8%A3%D8%B6%D8%B1%D8%A7%D8%B1-%D8%AC%D8%B3%D9%8A%D9%85%D8%A9-%D9%81%D9%8A-%D8%AD%D9%8A-%D8%B3%D9%83%D9%86%D9%8A-2,2026-03-23T08:17:57.000+02:00,1,4,preliminary,"same day as 421941 - possibly the same incident restated, flag for merge review"
INC-0172,422110,https://www.nna-leb.gov.lb/ar/news/422110/(%D9%85%D8%B5%D8%AD%D8%AD)-%D9%84%D8%A7-%D8%B5%D8%AD%D8%A9-%D9%84%D8%A7%D8%B3%D8%AA%D8%B4%D9%87%D8%A7%D8%AF-%D9%85%D8%B3%D8%B9%D9%81-%D9%81%D9%8A-%D8%BA%D8%A7%D8%B1%D8%A9-%D8%B9%D9%8A%D8%AA%D9%8A%D8%AA-%D8%A8%D9%84-%D9%85%D8%AF%D9%86%D9%8A-2,2026-03-23T20:26:00.000+02:00,1,0,preliminary,"CORRECTION of 422103: no medic/ambulance involved, actually a home strike killing 1 civilian"
INC-0173,421961,https://www.nna-leb.gov.lb/ar/news/421961/%D8%B4%D9%87%D9%8A%D8%AF-%D9%88%D8%AC%D8%B1%D9%8A%D8%AD%D8%A7%D9%86-%D9%81%D9%8A-%D8%A7%D9%84%D8%BA%D8%A7%D8%B1%D8%A9-%D8%B9%D9%84%D9%89-%D8%A7%D9%84%D8%AF%D8%B1%D8%A7%D8%AC%D8%A9-%D8%A7%D9%84%D9%86%D8%A7%D8%B1%D9%8A%D8%A9-%D9%81%D9%8A-%D9%85%D8%AC%D8%AF%D9%84-%D8%B3%D9%84%D9%85-2,2026-03-23T07:51:00.000+02:00,1,2,preliminary,fourth distinct Majdal Selem incident this study period - different date
INC-0174,422220,https://www.nna-leb.gov.lb/ar/news/422220/%D8%B4%D9%87%D9%8A%D8%AF%D8%A7%D9%86-%D9%88%D8%AC%D8%B1%D9%8A%D8%AD%D8%A7%D9%86-%D9%81%D9%8A-%D8%BA%D8%A7%D8%B1%D8%A9-%D8%B9%D9%84%D9%89-%D8%A7%D9%84%D9%85%D9%86%D8%B7%D9%82%D8%A9-%D8%A8%D9%8A%D9%86-%D8%B9%D8%AF%D9%84%D9%88%D9%86-%D9%88%D8%A3%D8%A8%D9%88-%D8%A7%D9%84%D8%A3%D8%B3%D9%88%D8%AF-2,2026-03-24T10:03:27.000+02:00,2,2,preliminary,"same-day as 422407's Adloun report (4 dead) - possibly the same strike with a later/different count, flag for merge review"
INC-0175,422173,https://www.nna-leb.gov.lb/ar/news/422173/%D8%B4%D9%87%D9%8A%D8%AF-%D8%A8%D8%A7%D8%B3%D8%AA%D9%87%D8%AF%D8%A7%D9%81-%D8%AF%D8%B1%D8%A7%D8%AC%D8%A9-%D9%86%D8%A7%D8%B1%D9%8A%D8%A9-%D8%B9%D9%84%D9%89-%D8%B7%D8%B1%D9%8A%D9%82-%D8%A7%D9%84%D8%A8%D8%B1%D8%AC-%D8%A7%D9%84%D8%B4%D9%85%D8%A7%D9%84%D9%8A-2,2026-03-24T07:49:00.000+02:00,1,0,preliminary,
INC-0176,422280c,https://www.nna-leb.gov.lb/ar/news/422280/%D8%BA%D8%A7%D8%B1%D8%A7%D8%AA-%D8%A5%D8%B3%D8%B1%D8%A7%D8%A6%D9%8A%D9%84%D9%8A%D8%A9-%D8%AA%D8%B3%D8%AA%D9%87%D8%AF%D9%81-%D8%A7%D9%84%D9%86%D8%A8%D8%B7%D9%8A%D8%A9-%D9%88%D8%AA%D9%88%D9%82%D8%B9-%D8%B4%D9%87%D8%AF%D8%A7%D8%A1-%D8%A8%D9%8A%D9%86%D9%87%D9%85-%D9%85%D8%B3%D8%B9%D9%81%D8%A7%D9%86-2,2026-03-24T13:05:00.000+02:00,1,0,preliminary,same source article as 422280; Syrian national; split into own row (different location). Article also mentions a Nabatieh al-Fawqa strike w/ no deaths
INC-0177,422280b,https://www.nna-leb.gov.lb/ar/news/422280/%D8%BA%D8%A7%D8%B1%D8%A7%D8%AA-%D8%A5%D8%B3%D8%B1%D8%A7%D8%A6%D9%8A%D9%84%D9%8A%D8%A9-%D8%AA%D8%B3%D8%AA%D9%87%D8%AF%D9%81-%D8%A7%D9%84%D9%86%D8%A8%D8%B7%D9%8A%D8%A9-%D9%88%D8%AA%D9%88%D9%82%D8%B9-%D8%B4%D9%87%D8%AF%D8%A7%D8%A1-%D8%A8%D9%8A%D9%86%D9%87%D9%85-%D9%85%D8%B3%D8%B9%D9%81%D8%A7%D9%86-2,2026-03-24T13:05:00.000+02:00,1,1,preliminary,same source article as 422280; split into own row (different location)
INC-0178,422226,https://www.nna-leb.gov.lb/ar/news/422226/%D8%BA%D8%A7%D8%B1%D8%A9-%D8%B9%D9%84%D9%89-%D9%82%D8%A7%D9%86%D8%A7-%D9%88%D8%A7%D8%AE%D8%B1%D9%89-%D8%AA%D8%B3%D8%AA%D9%87%D8%AF%D9%81-%D8%A8%D9%8A%D9%83-%D8%A3%D8%A8-%D9%81%D9%8A-%D8%A7%D9%84%D8%B4%D8%A8%D8%B1%D9%8A%D8%AD%D8%A9-%D9%88%D8%B3%D9%82%D9%88%D8%B7-%D8%B4%D9%87%D9%8A%D8%AF-%D8%B3%D9%88%D8%B1%D9%8A-2,2026-03-24T10:16:12.000+02:00,1,0,preliminary,Syrian national; article also mentions a Qana strike w/ no death given
INC-0179,422280,https://www.nna-leb.gov.lb/ar/news/422280/%D8%BA%D8%A7%D8%B1%D8%A7%D8%AA-%D8%A5%D8%B3%D8%B1%D8%A7%D8%A6%D9%8A%D9%84%D9%8A%D8%A9-%D8%AA%D8%B3%D8%AA%D9%87%D8%AF%D9%81-%D8%A7%D9%84%D9%86%D8%A8%D8%B7%D9%8A%D8%A9-%D9%88%D8%AA%D9%88%D9%82%D8%B9-%D8%B4%D9%87%D8%AF%D8%A7%D8%A1-%D8%A8%D9%8A%D9%86%D9%87%D9%85-%D9%85%D8%B3%D8%B9%D9%81%D8%A7%D9%86-2,2026-03-24T13:05:00.000+02:00,2,0,preliminary,"named: Ali Hassan Nazar Jaber, Joud Mohammad Suleiman; same location struck again 2h later, no further casualties reported"
INC-0180,422141,https://www.nna-leb.gov.lb/ar/news/422141/%D8%A7%D9%84%D8%B5%D8%AD%D8%A9-%D8%B4%D9%87%D9%8A%D8%AF%D8%A7%D9%86-%D9%885-%D8%AC%D8%B1%D8%AD%D9%89-%D9%81%D9%8A-%D8%A7%D9%84%D8%BA%D8%A7%D8%B1%D8%A9-%D8%B9%D9%84%D9%89-%D8%A8%D8%B4%D8%A7%D9%85%D9%88%D9%86-2,2026-03-24T04:49:00.000+02:00,2,5,preliminary,"update in 422204 (3, incl. a 3-year-old girl)"
INC-0180,422204,https://www.nna-leb.gov.lb/ar/news/422204/%D8%A7%D9%84%D8%B5%D8%AD%D8%A9-%D8%B4%D9%87%D8%AF%D8%A7%D8%A1-%D9%88%D8%AC%D8%B1%D8%AD%D9%89-%D9%81%D9%8A-%D8%A8%D8%B4%D8%A7%D9%85%D9%88%D9%86-%D9%88%D8%A8%D9%84%D8%AF%D8%A7%D8%AA-%D9%81%D9%8A-%D9%82%D8%B6%D8%A7%D8%A1-%D8%B5%D9%88%D8%B1-%D9%85%D9%86-%D8%A8%D9%8A%D9%86%D9%87%D9%85-%D8%B7%D9%81%D9%84%D8%A9-2,2026-03-24T09:25:00.000+02:00,3,4,preliminary,"MoPH update to 422141 (2->3), includes a 3-year-old girl"
INC-0181,422404,https://www.nna-leb.gov.lb/ar/news/422404/%D8%A7%D9%84%D8%BA%D8%A7%D8%B1%D8%A9-%D8%B9%D9%84%D9%89-%D8%AD%D8%A8%D9%88%D8%B4-3-%D8%B4%D9%87%D8%AF%D8%A7%D8%A1-%D9%8818-%D8%AC%D8%B1%D9%8A%D8%AD%D8%A7-2,2026-03-24T22:32:39.000+02:00,3,18,preliminary,"distinct date from the earlier March 22 Habbouch strike (421924) and the March 18 Habbouch strike (420868, batch 6)"
INC-0182,422142,https://www.nna-leb.gov.lb/ar/news/422142/%D8%B4%D9%87%D9%8A%D8%AF-%D9%88%D8%AC%D8%B1%D8%AD%D9%89-%D9%81%D9%8A-%D9%84%D9%8A%D9%84%D8%A9-%D8%AD%D8%A7%D9%85%D9%8A%D8%A9-%D9%81%D9%8A-%D8%A7%D9%84%D9%86%D8%A8%D8%B7%D9%8A%D8%A9-%D9%88%D8%A7%D9%84%D8%B9%D8%B1%D9%82%D9%88%D8%A8-%D9%88%D9%85%D8%AD%D8%A7%D9%88%D9%84%D8%A7%D8%AA-%D8%AA%D9%88%D8%BA%D9%84-%D9%81%D9%8A-%D8%A7%D9%84%D9%82%D9%88%D8%B2%D8%AD-2,2026-03-24T05:24:00.000+02:00,1,,preliminary,"named: Mohammad Ali Hatem Abdel Aal; 4 residents also kidnapped in same raid; detail/update in 422160; article also covers Zafta (2 injured, no death), Sarbin/Hariss/Rashaf/Deir Antar/Toulin strikes and Qawzah clashes w/ no deaths given here"
INC-0182,422160,https://www.nna-leb.gov.lb/ar/news/422160/%D9%82%D9%88%D8%A9-%D8%A5%D8%B3%D8%B1%D8%A7%D8%A6%D9%8A%D9%84%D9%8A%D8%A9-%D8%A7%D9%82%D8%AA%D8%AD%D9%85%D8%AA-%D9%85%D9%86%D8%A7%D8%B2%D9%84-%D9%81%D9%8A-%D8%AD%D9%84%D8%AA%D8%A7-%D9%85%D8%B7%D9%84%D9%82%D8%A9-%D8%A7%D9%84%D9%86%D8%A7%D8%B1-%D8%B9%D9%84%D9%89-%D9%82%D8%A7%D8%B7%D9%86%D9%8A%D9%87%D8%A7-%D9%88%D8%A7%D9%84%D8%AD%D8%B5%D9%8A%D9%84%D8%A9-%D8%B4%D9%87%D9%8A%D8%AF-%D9%88%D8%AC%D8%B1%D9%8A%D8%AD-%D9%88%D8%A3%D8%B3%D9%8A%D8%B1-2,2026-03-24T06:59:00.000+02:00,1,,preliminary,"detail/update to 422142 - same incident, names injured (Ashraf Khalil al-Qadiri) and kidnapped (Shadi Karam Abdel Aal) - do not double count"
INC-0182,422303,https://www.nna-leb.gov.lb/ar/news/422303/%D8%A7%D9%84%D8%B5%D8%AD%D8%A9-%D8%A7%D8%A8%D9%86-15-%D8%B9%D8%A7%D9%85%D8%A7-%D8%B4%D9%87%D9%8A%D8%AF-%D8%AE%D9%84%D8%A7%D9%84-%D8%AA%D9%88%D8%BA%D9%84-%D8%A5%D8%B3%D8%B1%D8%A7%D8%A6%D9%8A%D9%84%D9%8A-%D9%81%D9%8A-%D8%AD%D9%84%D8%AA%D8%A7-2,2026-03-24T14:11:00.000+02:00,1,1,preliminary,same village and likely same broader raid as 422142/422160 but a distinct additional victim (age 15) and a separate kidnapping - flag heavily for merge review re: whether this is the same overall incident
INC-0183,422152,https://www.nna-leb.gov.lb/ar/news/422152/4-%D8%B4%D9%87%D8%AF%D8%A7%D8%A1-%D9%884-%D8%AC%D8%B1%D8%AD%D9%89-%D9%81%D9%8A-%D8%A7%D9%84%D8%BA%D8%A7%D8%B1%D8%A9-%D8%B9%D9%84%D9%89-%D8%B3%D9%84%D8%B9%D8%A7-%D9%88%D9%82%D8%B5%D9%81-%D9%85%D8%AF%D9%81%D8%B9%D9%8A-%D9%84%D9%84%D9%86%D8%A7%D9%82%D9%88%D8%B1%D8%A9-%D9%88%D8%A3%D8%B7%D8%B1%D8%A7%D9%81-%D8%B9%D9%84%D9%85%D8%A7-%D8%A7%D9%84%D8%B4%D8%B9%D8%A8-%D9%81%D8%AC%D8%B1%D8%A7-2,2026-03-24T05:58:00.000+02:00,4,4,preliminary,article also covers Naqoura/Alma al-Shaab artillery w/ no deaths; MoPH update 422204 gives a lower count (2) - flag discrepancy
INC-0183,422204b,https://www.nna-leb.gov.lb/ar/news/422204/%D8%A7%D9%84%D8%B5%D8%AD%D8%A9-%D8%B4%D9%87%D8%AF%D8%A7%D8%A1-%D9%88%D8%AC%D8%B1%D8%AD%D9%89-%D9%81%D9%8A-%D8%A8%D8%B4%D8%A7%D9%85%D9%88%D9%86-%D9%88%D8%A8%D9%84%D8%AF%D8%A7%D8%AA-%D9%81%D9%8A-%D9%82%D8%B6%D8%A7%D8%A1-%D8%B5%D9%88%D8%B1-%D9%85%D9%86-%D8%A8%D9%8A%D9%86%D9%87%D9%85-%D8%B7%D9%81%D9%84%D8%A9-2,2026-03-24T09:25:00.000+02:00,2,5,preliminary,"same source article as 422204; MoPH update to 422152 - lower count (4->2), flag discrepancy; split into own row"
INC-0184,422204c,https://www.nna-leb.gov.lb/ar/news/422204/%D8%A7%D9%84%D8%B5%D8%AD%D8%A9-%D8%B4%D9%87%D8%AF%D8%A7%D8%A1-%D9%88%D8%AC%D8%B1%D8%AD%D9%89-%D9%81%D9%8A-%D8%A8%D8%B4%D8%A7%D9%85%D9%88%D9%86-%D9%88%D8%A8%D9%84%D8%AF%D8%A7%D8%AA-%D9%81%D9%8A-%D9%82%D8%B6%D8%A7%D8%A1-%D8%B5%D9%88%D8%B1-%D9%85%D9%86-%D8%A8%D9%8A%D9%86%D9%87%D9%85-%D8%B7%D9%81%D9%84%D8%A9-2,2026-03-24T09:25:00.000+02:00,3,0,preliminary,"same source article as 422204; new/distinct Srifa incident this date; split into own row. Article also gives Aitit: 2 injured only (no death) - consistent w/ 422110's single-death report, not additive"
INC-0185,422407,https://www.nna-leb.gov.lb/ar/news/422407/%D8%A7%D9%84%D8%BA%D8%A7%D8%B1%D8%A9-%D8%B9%D9%84%D9%89-%D8%B9%D8%AF%D9%84%D9%88%D9%86-4-%D8%B4%D9%87%D8%AF%D8%A7%D8%A1-%D9%88%D8%AC%D8%B1%D9%8A%D8%AD-%D9%88%D8%A7%D8%AD%D8%AF-2,2026-03-24T22:42:35.000+02:00,4,1,preliminary,"same-day as 422220's Adloun-area report (2 dead) - possibly the same strike with a different/updated count, flag for merge review"
INC-0186,422206,https://www.nna-leb.gov.lb/ar/news/422206/%D8%BA%D8%A7%D8%B1%D8%A9-%D8%B9%D9%84%D9%89-%D8%AD%D8%A7%D8%B1%D9%88%D9%81-%D9%88%D8%A7%D8%B3%D8%AA%D8%B4%D9%87%D8%A7%D8%AF-%D8%A7%D9%84%D9%86%D8%A7%D8%B8%D8%B1-%D8%A7%D9%84%D8%B9%D8%A7%D9%85-%D9%81%D9%8A-%D9%85%D8%B9%D9%87%D8%AF-%D8%A7%D9%84%D9%86%D8%A8%D8%B7%D9%8A%D8%A9-%D8%A7%D9%84%D9%81%D9%86%D9%8A-%D8%A7%D9%84%D8%B1%D8%B3%D9%85%D9%8A-%D9%81%D9%8A-%D8%BA%D8%A7%D8%B1%D8%A9-%D8%B9%D9%84%D9%89-%D9%83%D9%81%D8%B1%D8%AA%D8%A8%D9%86%D9%8A%D8%AA-2,2026-03-24T09:44:00.000+02:00,1,0,preliminary,"named: Mahmoud Hamad (school inspector, explicit occupation); article also mentions a Haroof drone strike w/ no deaths given here"
INC-0187,422378,https://www.nna-leb.gov.lb/ar/news/422378/%D8%B4%D9%87%D9%8A%D8%AF-%D9%81%D9%8A-%D8%BA%D8%A7%D8%B1%D8%A9-%D8%A7%D8%B3%D8%AA%D9%87%D8%AF%D9%81%D8%AA-%D9%83%D9%88%D9%86%D9%8A%D9%86-2,2026-03-24T18:49:00.000+02:00,1,0,preliminary,
INC-0188,422216,https://www.nna-leb.gov.lb/ar/news/422216/%D9%85%D8%B3%D9%8A%D8%B1%D8%A9-%D9%85%D8%B9%D8%A7%D8%AF%D9%8A%D8%A9-%D8%AA%D8%B3%D8%AA%D9%87%D8%AF%D9%81-%D8%AF%D8%B1%D8%A7%D8%AC%D8%A9-%D9%86%D8%A7%D8%B1%D9%8A%D8%A9-%D9%81%D9%8A-%D8%A8%D9%84%D8%AF%D8%A9-%D9%85%D8%AD%D8%B1%D9%88%D9%86%D8%A9-%D9%88%D8%B3%D9%82%D9%88%D8%B7-%D8%B4%D9%87%D9%8A%D8%AF-2,2026-03-24T09:55:26.000+02:00,1,0,preliminary,
INC-0189,422210,https://www.nna-leb.gov.lb/ar/news/422210/3-%D8%B4%D9%87%D8%AF%D8%A7%D8%A1-%D9%81%D9%8A-%D8%A7%D9%84%D8%BA%D8%A7%D8%B1%D8%A9-%D8%B9%D9%84%D9%89-%D9%85%D9%86%D8%B2%D9%84-%D9%81%D9%8A-%D8%A7%D9%84%D9%85%D9%8A%D8%A9-%D9%88%D9%85%D9%8A%D8%A9-2,2026-03-24T09:38:00.000+02:00,3,0,preliminary,corrected down to 2 in 422236/422406 (named: Al-Kaoush + wife; son injured) - use 2
INC-0189,422236,https://www.nna-leb.gov.lb/ar/news/422236/(%D9%85%D8%B5%D8%AD%D8%AD)-%D8%B4%D9%87%D9%8A%D8%AF%D8%A7%D9%86-%D9%88%D8%AC%D8%B1%D9%8A%D8%AD-%D9%81%D9%8A-%D8%BA%D8%A7%D8%B1%D8%A9-%D9%85%D8%AE%D9%8A%D9%85-%D8%A7%D9%84%D9%85%D9%8A%D8%A9-%D9%88%D9%85%D9%8A%D8%A9-%D9%81%D9%8A-%D8%B5%D9%8A%D8%AF%D8%A7-2,2026-03-24T10:48:32.000+02:00,2,1,preliminary,CORRECTION of 422210 (3->2); named: Al-Kaoush + wife; confirmed in 422406
INC-0189,422406,https://www.nna-leb.gov.lb/ar/news/422406/%D8%A7%D9%84%D8%BA%D8%A7%D8%B1%D8%A9-%D8%B9%D9%84%D9%89-%D8%A7%D9%84%D9%85%D9%8A%D8%A9-%D9%88%D9%85%D9%8A%D8%A9-%D8%B4%D9%87%D9%8A%D8%AF%D8%A7%D9%86-%D8%A7%D8%AB%D9%86%D8%A7%D9%86-%D9%884-%D8%AC%D8%B1%D8%AD%D9%89-2,2026-03-24T22:38:18.000+02:00,2,4,final,MoPH confirmation of the corrected 422236 chain - do not double count
INC-0190,422441,https://www.nna-leb.gov.lb/ar/news/422441/%D8%B4%D9%87%D9%8A%D8%AF%D8%A7%D9%86-%D9%81%D9%8A-%D8%A7%D9%84%D8%BA%D8%A7%D8%B1%D8%A9-%D8%B9%D9%84%D9%89-%D9%85%D9%86%D8%B2%D9%84-%D8%A8%D9%8A%D9%86-%D8%A8%D9%84%D8%AF%D8%AA%D9%8A-%D8%B2%D9%88%D8%B7%D8%B1-%D8%A7%D9%84%D8%B4%D8%B1%D9%82%D9%8A%D8%A9-%D9%88%D8%B2%D9%88%D8%B7%D8%B1-%D8%A7%D9%84%D8%BA%D8%B1%D8%A8%D9%8A%D8%A9-2,2026-03-25T08:00:52.000+02:00,2,0,preliminary,
INC-0191,422527,https://www.nna-leb.gov.lb/ar/news/422527/%D8%B4%D9%87%D8%AF%D8%A7%D8%A1-%D9%88%D8%AC%D8%B1%D8%AD%D9%89-%D9%81%D9%8A-%D8%BA%D8%A7%D8%B1%D8%A7%D8%AA-%D9%85%D9%83%D8%AB%D9%81%D8%A9-%D9%88%D9%82%D8%B5%D9%81-%D9%85%D8%AF%D9%81%D8%B9%D9%8A-%D9%85%D8%B9%D8%A7%D8%AF-%D8%A8%D8%B9%D8%AF-%D8%A7%D9%84%D8%B8%D9%87%D8%B1-2,2026-03-25T17:29:20.000+02:00,2,,preliminary,"district uncertain, verify; roundup article covers many other same-afternoon strikes/shelling (Bint Jbeil city, Bayyada, Naqoura, Qaaqaait al-Sanawbar, Tibnine, Yatar, Khiam, Majdal Zoun, Deir Siryan x5, Khiam house demolitions, empty homes in Majadel/Joya) w/ no deaths reported for any of those"
INC-0192,422420,https://www.nna-leb.gov.lb/ar/news/422420/%D8%A7%D8%B3%D8%AA%D8%B4%D9%87%D8%A7%D8%AF-%D8%B4%D8%AE%D8%B5-%D9%88%D8%AC%D8%B1%D8%AD-%D8%A2%D8%AE%D8%B1-%D9%81%D9%8A-%D8%A7%D9%84%D8%BA%D8%A7%D8%B1%D8%A9-%D8%B9%D9%84%D9%89-%D9%85%D9%86%D8%B2%D9%84-%D8%A8%D8%A7%D8%AA%D9%88%D9%84%D9%8A%D9%87-2,2026-03-25T05:58:14.000+02:00,1,1,preliminary,
INC-0193,422535,https://www.nna-leb.gov.lb/ar/news/422535/%D8%B4%D9%87%D9%8A%D8%AF%D8%A7%D9%86-%D9%81%D9%8A-%D8%BA%D8%A7%D8%B1%D8%A9-%D8%B9%D9%84%D9%89-%D8%AD%D8%A7%D8%B1%D9%88%D9%81-2,2026-03-25T18:22:11.000+02:00,2,0,preliminary,named: Sheikh Hussein al-Naji + wife; confirmed in 422584
INC-0193,422584,https://www.nna-leb.gov.lb/ar/news/422584/%D8%B7%D9%88%D8%A7%D8%B1%D8%A6-%D8%A7%D9%84%D8%B5%D8%AD%D8%A9-%D8%A7%D8%B3%D8%AA%D8%B4%D9%87%D8%A7%D8%AF-%D8%A7%D8%AB%D9%86%D9%8A%D9%86-%D9%88%D8%AC%D8%B1%D8%AD-8-%D9%81%D9%8A-%D8%BA%D8%A7%D8%B1%D8%A9-%D8%AD%D8%A7%D8%B1%D9%88%D9%81-2,2026-03-25T22:03:57.000+02:00,2,8,preliminary,MoPH confirmation of 422535 - do not double count
INC-0194,422579,https://www.nna-leb.gov.lb/ar/news/422579/%D8%B7%D9%88%D8%A7%D8%B1%D8%A6-%D8%A7%D9%84%D8%B5%D8%AD%D8%A9-%D8%A7%D8%B3%D8%AA%D8%B4%D9%87%D8%A7%D8%AF-3-%D9%88%D8%AC%D8%B1%D8%AD-11-%D9%81%D9%8A-%D8%BA%D8%A7%D8%B1%D8%AA%D9%8A%D9%86-%D8%B9%D9%84%D9%89-%D8%AA%D9%88%D9%84%D9%8A%D9%86-%D9%88%D9%83%D9%88%D9%86%D9%8A%D9%86-2,2026-03-25T21:35:41.000+02:00,3,4,preliminary,"distinct date from the March 24 Kounine strike (422378, batch 7); same-article Toulin strike had injuries only, no death"
INC-0195,422642,https://www.nna-leb.gov.lb/ar/news/422642/3-%D8%B4%D9%87%D8%AF%D8%A7%D8%A1-%D9%81%D9%8A-%D8%BA%D8%A7%D8%B1%D8%A9-%D8%B9%D9%84%D9%89-%D9%85%D8%AD%D9%84%D8%A9-%D8%B5%D9%81-%D8%A7%D9%84%D9%87%D9%88%D8%A7-%D9%81%D9%8A-%D9%85%D8%AF%D9%8A%D9%86%D8%A9-%D8%A8%D9%86%D8%AA-%D8%AC%D8%A8%D9%8A%D9%84-2,2026-03-26T09:52:17.000+02:00,3,0,preliminary,second distinct Saf al-Hawa strike this study period - different date from 419162 (batch 4)
INC-0196,422645,https://www.nna-leb.gov.lb/ar/news/422645/%D8%B4%D9%87%D9%8A%D8%AF%D8%A7%D9%86-%D9%88%D8%AA%D8%AF%D9%85%D9%8A%D8%B1-%D9%85%D8%A8%D9%86%D9%89-%D8%B3%D9%83%D9%86%D9%8A-%D9%88%D8%AA%D8%AC%D8%A7%D8%B1%D9%8A-%D9%81%D9%8A-%D8%AD%D9%8A-%D8%A7%D9%84%D9%85%D8%B9%D8%A7%D9%82%D9%8A%D9%84-%D9%81%D9%8A-%D9%83%D9%81%D8%B1%D8%B1%D9%85%D8%A7%D9%86-2,2026-03-26T09:58:14.000+02:00,2,,preliminary,update/confirmation in 422813 (2/8 injured)
INC-0196,422813,https://www.nna-leb.gov.lb/ar/news/422813/%D8%A7%D9%84%D8%BA%D8%A7%D8%B1%D8%A9-%D8%B9%D9%84%D9%89-%D9%83%D9%81%D8%B1%D8%B1%D9%85%D8%A7%D9%86-%D8%B4%D9%87%D9%8A%D8%AF%D8%A7%D9%86-%D8%A7%D8%AB%D9%86%D8%A7%D9%86-%D9%888-%D8%AC%D8%B1%D8%AD%D9%89-2,2026-03-26T21:42:35.000+02:00,2,8,preliminary,MoPH confirmation of 422645 - do not double count
INC-0197,423086,https://www.nna-leb.gov.lb/ar/news/423086/%D8%A7%D8%B3%D8%AA%D8%B4%D9%87%D8%A7%D8%AF-%D9%85%D8%B3%D8%B9%D9%81%D9%8A%D9%86-%D8%A8%D8%BA%D8%A7%D8%B1%D8%A9-%D8%B9%D9%86%D8%AF-%D8%AF%D9%88%D8%A7%D8%B1-%D9%83%D9%81%D8%B1%D8%AA%D8%A8%D9%86%D9%8A%D8%AA--%D8%A7%D8%B1%D9%86%D9%88%D9%86--%D8%A7%D9%84%D9%86%D8%A8%D8%B7%D9%8A%D8%A9-%D9%88%D8%BA%D8%A7%D8%B1%D8%A7%D8%AA-%D8%B9%D9%84%D9%89-%D8%A7%D9%84%D8%AF%D9%88%D9%8A%D8%B1-%D9%88%D8%AD%D8%A7%D8%B1%D9%88%D9%81-%D9%88%D9%83%D9%81%D8%B1%D8%B5%D9%8A%D8%B1-%D9%88%D8%B9%D8%B1%D8%A8%D8%B5%D8%A7%D9%84%D9%8A%D9%85-%D9%88%D9%82%D8%B5%D9%81-%D9%84%D9%8A%D8%AD%D9%85%D8%B1-%D8%A7%D9%84%D8%B4%D9%82%D9%8A%D9%81-%D9%88%D8%A7%D8%B1%D9%86%D9%88%D9%86-2,2026-03-28T06:10:47.000+02:00,2,,preliminary,"event_date corrected from Mar 28 (publish date) to Mar 27 per explicit 'ليل الخميس-الجمعة' (Thu-Fri night) text - validation audit fix; this pushes it off 423091's Mar 28 date, so no longer treated as the same incident (previously merged as a likely-discrepant duplicate) - now standalone, flag for user review whether still related; article also covers Al-Dawir/Haroof/Kfarsir/Arabsalim strikes and Yohmor al-Shaqif/Arnoun shelling w/ no deaths given here"
INC-0198,422925,https://www.nna-leb.gov.lb/ar/news/422925/%D8%B4%D9%87%D9%8A%D8%AF-%D9%81%D9%8A-%D8%BA%D8%A7%D8%B1%D8%A9-%D8%B9%D9%84%D9%89-%D8%A8%D9%84%D8%AF%D8%A9-%D8%A7%D9%84%D8%A8%D8%B2%D8%A7%D9%84%D9%8A%D8%A9-2,2026-03-27T11:25:00.000+02:00,1,2,preliminary,victim identified as a pregnant woman carrying twins in update 422997
INC-0198,422997,https://www.nna-leb.gov.lb/ar/news/422997/%D8%A7%D9%84%D8%B5%D8%AD%D8%A9--%D8%B4%D9%87%D9%8A%D8%AF%D8%A9-%D8%AD%D8%A7%D9%85%D9%84-%D8%A8%D8%AA%D9%88%D8%A3%D9%85-%D9%81%D9%8A-%D8%A7%D9%84%D8%BA%D8%A7%D8%B1%D8%A9-%D8%B9%D9%84%D9%89-%D8%A7%D9%84%D8%A8%D8%B2%D8%A7%D9%84%D9%8A%D8%A9-2,2026-03-27T15:08:08.000+02:00,1,7,preliminary,"detail/update to 422925 - same victim (pregnant woman w/ twins), not additive"
INC-0199,422950,https://www.nna-leb.gov.lb/ar/news/422950/%D8%A7%D9%84%D8%B5%D8%AD%D8%A9-%D9%81%D9%8A-%D8%AD%D8%B5%D9%8A%D9%84%D8%A9-%D8%A3%D9%88%D9%84%D9%8A%D8%A9-%D9%84%D9%84%D8%BA%D8%A7%D8%B1%D8%A9-%D8%B9%D9%84%D9%89-%D8%A7%D9%84%D8%B3%D9%83%D8%B3%D9%83%D9%8A%D8%A9-4-%D8%B4%D9%87%D8%AF%D8%A7%D8%A1-%D9%88%D8%AB%D9%85%D8%A7%D9%86%D9%8A%D8%A9-%D8%AC%D8%B1%D8%AD%D9%89-2,2026-03-27T12:32:22.000+02:00,4,8,preliminary,"update in 423013 (two combined strikes, final: 6 incl. 3 children)"
INC-0199,423013,https://www.nna-leb.gov.lb/ar/news/423013/%D8%B7%D9%88%D8%A7%D8%B1%D9%89%D8%A1-%D8%A7%D9%84%D8%B5%D8%AD%D8%A9-6-%D8%B4%D9%87%D8%AF%D8%A7%D8%A1-%D8%A8%D9%8A%D9%86%D9%87%D9%85-3-%D8%A7%D8%B7%D9%81%D8%A7%D9%84-%D9%8817-%D8%AC%D8%B1%D9%8A%D8%AD%D8%A7-%D8%A8%D8%A8%D9%86%D9%87%D9%85-7-%D8%A7%D8%B7%D9%81%D8%A7%D9%84-2,2026-03-27T16:21:00.000+02:00,6,17,preliminary,"MoPH update to 422950 chain (two combined strikes: 4->6, incl. 3 children)"
INC-0200,423063,https://www.nna-leb.gov.lb/ar/news/423063/%D8%A7%D9%84%D8%BA%D8%A7%D8%B1%D8%A9-%D8%B9%D9%84%D9%89-%D8%A7%D9%84%D8%B5%D8%B1%D9%81%D9%86%D8%AF-%D8%B4%D9%87%D9%8A%D8%AF-%D9%8817-%D8%AC%D8%B1%D9%8A%D8%AD%D8%A7-2,2026-03-27T20:54:02.000+02:00,1,17,preliminary,
INC-0201,422909,https://www.nna-leb.gov.lb/ar/news/422909/%D8%A7%D9%84%D8%B5%D8%AD%D8%A9-%D8%B4%D9%87%D9%8A%D8%AF%D8%A7%D9%86-%D9%81%D9%8A-%D8%A7%D9%84%D8%BA%D8%A7%D8%B1%D8%A9-%D8%B9%D9%84%D9%89-%D8%AA%D8%AD%D9%88%D9%8A%D8%B7%D8%A9-%D8%A7%D9%84%D8%BA%D8%AF%D9%8A%D8%B1-%D9%81%D8%AC%D8%B1%D8%A7-2,2026-03-27T10:49:14.000+02:00,2,0,preliminary,
INC-0202,422956,https://www.nna-leb.gov.lb/ar/news/422956/%D8%BA%D8%A7%D8%B1%D8%A7%D8%AA-%D8%A5%D8%B3%D8%B1%D8%A7%D8%A6%D9%8A%D9%84%D9%8A%D8%A9-%D8%B9%D9%84%D9%89-%D8%B2%D9%88%D8%B7%D8%B1-%D8%A7%D9%84%D8%B4%D8%B1%D9%82%D9%8A%D8%A9-%D9%88%D8%A7%D9%84%D8%BA%D8%B1%D8%A8%D9%8A%D8%A9-%D8%AA%D8%B3%D9%82%D8%B7-%D8%B4%D9%87%D9%8A%D8%AF%D9%8A%D9%86-%D9%88%D8%AA%D8%AF%D9%85%D9%91%D8%B1-%D9%85%D9%86%D8%B2%D9%84%D9%8B%D8%A7-2,2026-03-27T12:47:57.000+02:00,2,0,preliminary,fifth distinct Zawtar al-Sharqiya incident this study period - different date; article also mentions a second strike on open land and a Zawtar al-Gharbiya strike w/ no deaths
INC-0203,423133,https://www.nna-leb.gov.lb/ar/news/423133/%D8%A7%D8%B3%D8%AA%D8%B4%D9%87%D8%A7%D8%AF-%D8%A7%D8%AB%D9%86%D9%8A%D9%86-%D8%A8%D8%B1%D8%B5%D8%A7%D8%B5-%D9%81%D9%8A-%D8%AF%D8%A8%D9%84-%D9%88%D8%BA%D8%A7%D8%B1%D8%A7%D8%AA-%D8%B9%D9%84%D9%89-%D9%8A%D8%A7%D8%B7%D8%B1-%D9%88%D8%A8%D9%8A%D8%AA-%D9%8A%D8%A7%D8%AD%D9%88%D9%86-%D9%88%D8%B5%D8%A7%D8%B1%D9%88%D8%AE-%D9%84%D9%85-%D9%8A%D9%86%D9%81%D8%AC%D8%B1-%D8%B9%D9%84%D9%89-%D9%85%D8%B9%D8%B1%D9%83%D8%A9-2,2026-03-28T11:05:00.000+02:00,2,0,preliminary,"district uncertain (Rmeish/Debel border area), verify; distinct attack_type - small-arms fire, not airstrike/artillery/drone; article also mentions Yatar/Beit Yahoun strikes and an unexploded rocket on Maaraka w/ no deaths"
INC-0204,423197,https://www.nna-leb.gov.lb/ar/news/423197/%D8%BA%D8%A7%D8%B1%D8%AA%D8%A7%D9%86-%D8%B9%D9%84%D9%89-%D9%85%D9%8A%D9%81%D8%AF%D9%88%D9%86-%D9%88%D9%83%D9%81%D8%B1%D8%AA%D8%A8%D9%86%D9%8A%D8%AA-%D9%88%D8%B3%D9%82%D9%88%D8%B7-%D8%B4%D9%87%D9%8A%D8%AF-2,2026-03-28T14:24:54.000+02:00,1,0,preliminary,article also mentions a separate Meifadoun strike w/ no deaths given
INC-0205,423095,https://www.nna-leb.gov.lb/ar/news/423095/%D8%B3%D9%82%D9%88%D8%B7-%D8%B4%D9%87%D8%AF%D8%A7%D8%A1-%D9%85%D9%86-%D9%85%D8%B3%D8%B9%D9%81%D9%8A-%D9%83%D8%B4%D8%A7%D9%81%D8%A9-%D8%A7%D9%84%D8%B1%D8%B3%D8%A7%D9%84%D8%A9-%D8%A8%D8%BA%D8%A7%D8%B1%D8%A9-%D8%B9%D9%84%D9%89-%D8%B7%D8%B1%D9%8A%D9%82-%D8%B2%D9%88%D8%B7%D8%B1-%D8%A7%D9%84%D8%B4%D8%B1%D9%82%D9%8A%D8%A9-2,2026-03-28T07:20:31.000+02:00,,,preliminary,"plural 'martyrs', no number given"
INC-0206,423088,https://www.nna-leb.gov.lb/ar/news/423088/%D8%BA%D8%A7%D8%B1%D8%AA%D8%A7%D9%86-%D8%B9%D9%84%D9%89-%D8%AA%D9%88%D9%84%D9%8A%D9%86-%D9%88%D8%A7%D9%84%D8%AD%D9%86%D9%8A%D8%A9-%D9%88%D9%88%D9%82%D9%88%D8%B9-%D8%A5%D8%B5%D8%A7%D8%A8%D8%A7%D8%AA-%D9%88%D9%82%D8%B5%D9%81-%D9%84%D8%A3%D8%B7%D8%B1%D8%A7%D9%81-%D8%A8%D9%84%D8%AF%D8%A9-%D8%A7%D9%84%D8%A8%D8%B3%D8%AA%D8%A7%D9%86-2,2026-03-28T06:22:21.000+02:00,,,preliminary,"'between dead and wounded', all Syrian nationals, no number given; chain continues in 423103/423112/423276 (final: 7)"
INC-0206,423103,https://www.nna-leb.gov.lb/ar/news/423103/%D8%A7%D8%B3%D8%AA%D9%87%D8%AF%D8%A7%D9%81-%D8%A8%D9%8A%D8%AA-%D8%A7%D9%84%D8%B3%D9%8A%D8%A7%D8%AF-%D9%88%D8%A7%D9%84%D9%85%D9%86%D8%B5%D9%88%D8%B1%D9%8A-%D9%88%D8%A7%D9%84%D9%82%D9%84%D9%8A%D9%84%D8%A9-%D9%88%D8%B4%D9%87%D8%AF%D8%A7%D8%A1-%D9%88%D8%AC%D8%B1%D8%AD%D9%89-%D9%81%D9%8A-%D8%BA%D8%A7%D8%B1%D8%A9-%D8%A7%D9%84%D8%AD%D9%86%D9%8A%D8%A9-2,2026-03-28T08:08:37.000+02:00,,,preliminary,"continuation of the 423088 chain, still no firm number here; article also covers Beit Siyad/Al-Mansouri strikes and Qlaile artillery w/ no deaths given here"
INC-0206,423112,https://www.nna-leb.gov.lb/ar/news/423112/%D8%A7%D9%86%D8%AA%D8%B4%D8%A7%D9%84-%D8%AC%D8%AB%D8%AB-5-%D8%B4%D9%87%D8%AF%D8%A7%D8%A1-%D8%B3%D9%88%D8%B1%D9%8A%D9%8A%D9%86-%D9%88%D8%A5%D8%B3%D8%B9%D8%A7%D9%81-8-%D9%85%D8%B5%D8%A7%D8%A8%D9%8A%D9%86-%D9%81%D9%8A-%D8%BA%D8%A7%D8%B1%D8%A9-%D8%A7%D9%84%D8%AD%D9%86%D9%8A%D8%A9-2,2026-03-28T09:10:00.000+02:00,5,8,preliminary,quantifies the 423088/423103 chain (5 Syrian bodies recovered); further updated to 7 in 423276 (final); article also mentions Ain Qana cemetery-area drone strike and Kfarsir/Arnoun strikes w/ no deaths given here
INC-0206,423276,https://www.nna-leb.gov.lb/ar/news/423276/%D8%A7%D9%84%D8%BA%D8%A7%D8%B1%D8%A9-%D8%B9%D9%84%D9%89-%D8%A7%D9%84%D8%AD%D9%86%D9%8A%D8%A9---%D8%B5%D9%88%D8%B1-%D8%A7%D8%B3%D8%AA%D8%B4%D9%87%D8%A7%D8%AF-7-%D8%A7%D8%B4%D8%AE%D8%A7%D8%B5-2,2026-03-28T18:57:16.000+02:00,7,9,final,FINAL MoPH toll for the 423088/423103/423112 chain (6 Syrian incl. 1 child + 1 Lebanese)
INC-0207,423240b,https://www.nna-leb.gov.lb/ar/news/423240/3-%D8%B4%D9%87%D8%AF%D8%A7%D8%A1-%D9%88%D8%AC%D8%B1%D9%8A%D8%AD-%D9%81%D9%8A-%D8%BA%D8%A7%D8%B1%D8%AA%D9%8A%D9%86-%D8%B9%D9%84%D9%89-%D9%85%D8%B9%D8%B1%D9%83%D8%A9-%D9%88%D8%A7%D9%84%D8%B9%D9%8A%D8%B4%D9%8A%D8%A9-%D9%88%D9%82%D8%B5%D9%81-%D9%84%D8%A8%D9%84%D8%AF%D8%AA%D9%8A-%D8%A7%D9%84%D9%87%D8%A8%D8%A7%D8%B1%D9%8A%D8%A9-%D9%88-%D8%A7%D9%84%D9%81%D8%B1%D8%AF%D9%8A%D8%B3-2,2026-03-28T16:29:00.000+02:00,2,0,preliminary,same source article as 423240; split into own row (different town)
INC-0208,423270,https://www.nna-leb.gov.lb/ar/news/423270/%D8%A7%D8%B3%D8%AA%D8%B4%D9%87%D8%A7%D8%AF-%D8%A7%D9%85%D8%B1%D8%A3%D8%A9-%D9%81%D9%8A-%D8%A7%D9%84%D8%BA%D8%A7%D8%B1%D8%A9-%D8%B9%D9%84%D9%89-%D8%AC%D9%88%D9%8A%D8%A7-2,2026-03-28T18:26:08.000+02:00,1,0,preliminary,"a further, distinct Joya incident this study period - different date from prior Joya strikes"
INC-0209,423093,https://www.nna-leb.gov.lb/ar/news/423093/%D8%A7%D8%B3%D8%AA%D9%87%D8%AF%D8%A7%D9%81-%D8%B4%D9%85%D8%B9-%D9%88%D9%8A%D8%A7%D8%B7%D8%B1-%D9%88%D8%B7%D9%8A%D8%B1-%D8%AD%D8%B1%D9%81%D8%A7-%D9%88%D8%B4%D9%82%D8%B1%D8%A7-%D9%88%D8%A7%D9%84%D9%82%D8%B7%D8%A7%D8%B9-%D8%A7%D9%84%D8%BA%D8%B1%D8%A8%D9%8A-%D9%88%D8%B3%D9%82%D9%88%D8%B7-%D8%B4%D9%87%D9%8A%D8%AF-%D9%81%D9%8A-%D8%BA%D8%A7%D8%B1%D8%A9-%D8%AD%D8%AF%D8%A7%D8%AB%D8%A7-2,2026-03-28T07:05:33.000+02:00,1,0,preliminary,article also covers Shamaa/Yatar/Tair Harfa/Shaqra strikes and western-sector artillery w/ no deaths given here
INC-0210,423099,https://www.nna-leb.gov.lb/ar/news/423099/%D8%B4%D9%87%D8%AF%D8%A7%D8%A1-%D9%81%D9%8A-%D8%BA%D8%A7%D8%B1%D8%A9-%D8%AF%D9%8A%D8%B1-%D8%A7%D9%84%D8%B2%D9%87%D8%B1%D8%A7%D9%86%D9%8A-2,2026-03-28T07:31:55.000+02:00,,,preliminary,"plural 'martyrs', no number given; at least one identified by name in 423199 (soldier)"
INC-0210,423199,https://www.nna-leb.gov.lb/ar/news/423199/%D9%82%D9%8A%D8%A7%D8%AF%D8%A9-%D8%A7%D9%84%D8%AC%D9%8A%D8%B4-%D9%86%D8%B9%D8%AA-%D8%A7%D9%84%D8%B9%D8%B1%D9%8A%D9%81-%D8%A7%D9%84%D8%B4%D9%87%D9%8A%D8%AF-%D9%85%D8%AD%D9%85%D8%AF-%D9%85%D9%81%D9%8A%D8%AF-%D8%B7%D9%81%D9%8A%D9%84%D9%8A-2,2026-03-28T14:28:57.000+02:00,1,0,preliminary,"Army eulogy naming Cpl. Mohammad Mufid Tfeili - the only quantified data point for 423099's otherwise vague 'martyrs' report, treated as contributing new information rather than pure commemoration"
INC-0210,423304,https://www.nna-leb.gov.lb/ar/news/423304/%D8%A7%D9%84%D8%BA%D8%A7%D8%B1%D8%A9-%D8%B9%D9%84%D9%89-%D8%AF%D9%8A%D8%B1-%D8%A7%D9%84%D8%B2%D9%87%D8%B1%D8%A7%D9%86%D9%8A-%D8%A7%D8%B3%D8%AA%D8%B4%D9%87%D8%A7%D8%AF-7-%D9%85%D9%88%D8%A7%D8%B7%D9%86%D9%8A%D9%86-%D9%88%D8%A5%D8%B5%D8%A7%D8%A8%D8%A9-%D8%AB%D9%85%D8%A7%D9%86%D9%8A%D8%A9-%D8%A8%D8%AC%D8%B1%D9%88%D8%AD-2,2026-03-28T21:13:39.000+02:00,7,8,final,"MoPH final toll, quantifies the vague 423099 report; matches the soldier named in 423199"
INC-0211,423127,https://www.nna-leb.gov.lb/ar/news/423127/%D8%B4%D9%87%D8%AF%D8%A7%D8%A1-%D8%A8%D9%8A%D9%86%D9%87%D9%85-%D8%A7%D9%85%D8%B1%D8%A3%D8%A9-%D9%81%D9%8A-%D8%BA%D8%A7%D8%B1%D8%A9-%D8%AC%D8%B2%D9%8A%D9%86-%D9%88%D8%A7%D8%B3%D8%AA%D9%87%D8%AF%D8%A7%D9%81-%D9%84%D8%AA%D9%88%D9%84%D9%8A%D9%86-%D9%88%D9%81%D8%B1%D9%88%D9%86-2,2026-03-28T10:30:00.000+02:00,,,preliminary,"plural 'martyrs', no number given - likely the same strike detailed in 423138 (journalists killed, one of whom is a woman) - flag as probable duplicate, use 423138's fuller figure (4)"
INC-0211,423138,https://www.nna-leb.gov.lb/ar/news/423138/%D8%A7%D8%B3%D8%AA%D8%B4%D9%87%D8%A7%D8%AF-%D8%A7%D9%84%D8%A5%D8%B9%D9%84%D8%A7%D9%85%D9%8A%D9%8A%D9%86-%D8%B9%D9%84%D9%8A-%D8%B4%D8%B9%D9%8A%D8%A8-%D9%88%D9%81%D8%A7%D8%B7%D9%85%D8%A9-%D9%81%D8%AA%D9%88%D9%86%D9%8A-%D9%81%D9%8A-%D8%BA%D8%A7%D8%B1%D8%A9-%D8%AC%D8%B2%D9%8A%D9%86-2,2026-03-28T11:45:00.000+02:00,4,0,preliminary,"named: journalists Ali Shoeib (Al-Manar) and Fatima Fatouni (Al-Mayadeen) + 2 others; likely same incident as 423127 - do not double count, this is the fuller/more specific report"
INC-0212,423091,https://www.nna-leb.gov.lb/ar/news/423091/%D8%B7%D9%88%D8%A7%D8%B1%D8%A6-%D8%A7%D9%84%D8%B5%D8%AD%D8%A9-%D8%A7%D8%B3%D8%AA%D8%B4%D9%87%D8%A7%D8%AF-%D9%85%D8%B3%D8%B9%D9%81-%D9%88%D8%A5%D8%B5%D8%A7%D8%A8%D8%A9-4-%D8%A8%D8%AC%D8%B1%D9%88%D8%AD-%D8%BA%D8%A7%D8%B1%D8%A9-%D9%81%D9%8A-%D9%83%D9%81%D8%B1%D8%AA%D8%A8%D9%86%D9%8A%D8%AA-2,2026-03-28T06:34:00.000+02:00,1,4,preliminary,"no retrospective-language marker in this article's own text, kept at its publish date (Mar 28); 423086 (previously treated as the same incident) has been re-dated to Mar 27 per validation audit - these are now standalone incidents, possibly the same underlying event reported a day apart by different sources, flag for user review"
INC-0213,423240,https://www.nna-leb.gov.lb/ar/news/423240/3-%D8%B4%D9%87%D8%AF%D8%A7%D8%A1-%D9%88%D8%AC%D8%B1%D9%8A%D8%AD-%D9%81%D9%8A-%D8%BA%D8%A7%D8%B1%D8%AA%D9%8A%D9%86-%D8%B9%D9%84%D9%89-%D9%85%D8%B9%D8%B1%D9%83%D8%A9-%D9%88%D8%A7%D9%84%D8%B9%D9%8A%D8%B4%D9%8A%D8%A9-%D9%88%D9%82%D8%B5%D9%81-%D9%84%D8%A8%D9%84%D8%AF%D8%AA%D9%8A-%D8%A7%D9%84%D9%87%D8%A8%D8%A7%D8%B1%D9%8A%D8%A9-%D9%88-%D8%A7%D9%84%D9%81%D8%B1%D8%AF%D9%8A%D8%B3-2,2026-03-28T16:29:00.000+02:00,1,1,preliminary,article also covers Habbariyeh/Ferdaws artillery and a Khiam strike w/ no deaths given here
INC-0214,423331,https://www.nna-leb.gov.lb/ar/news/423331/%D8%BA%D8%A7%D8%B1%D8%AA%D8%A7%D9%86-%D8%B9%D9%84%D9%89-%D9%85%D8%B1%D9%83%D8%B2-%D9%84%D9%84%D9%87%D9%8A%D8%A6%D8%A9-%D8%A7%D9%84%D8%B5%D8%AD%D9%8A%D8%A9-%D8%A8%D8%A7%D9%84%D9%82%D8%B1%D8%A8-%D9%85%D9%86-%D9%85%D8%B3%D8%AA%D8%B4%D9%81%D9%89-%D8%A8%D9%86%D8%AA-%D8%AC%D8%A8%D9%8A%D9%84-%D9%88%D8%B3%D9%82%D9%88%D8%B7-%D8%B4%D9%87%D8%AF%D8%A7%D8%A1-%D9%88%D8%AC%D8%B1%D8%AD%D9%89-2,2026-03-29T06:45:00.000+02:00,,,preliminary,vague count ('info about deaths and injuries'); quantified in 423333 (2 medics); article also mentions a Deir Kifa health-center strike w/ no injuries
INC-0214,423333,https://www.nna-leb.gov.lb/ar/news/423333/%D8%A7%D8%B3%D8%AA%D8%B4%D9%87%D8%A7%D8%AF-%D9%85%D8%B3%D8%B9%D9%81%D9%8A%D9%86-%D9%81%D9%8A-%D8%A7%D9%84%D8%BA%D8%A7%D8%B1%D8%A9-%D8%B9%D9%84%D9%89-%D9%85%D8%B1%D9%83%D8%B2-%D8%A7%D9%84%D9%87%D9%8A%D8%A6%D8%A9-%D8%A7%D9%84%D8%B5%D8%AD%D8%A9-%D9%81%D9%8A-%D9%85%D8%AD%D9%8A%D8%B7-%D9%85%D8%B3%D8%AA%D8%B4%D9%81%D9%89-%D8%A8%D9%86%D8%AA-%D8%AC%D8%A8%D9%8A%D9%84-2,2026-03-29T07:09:00.000+02:00,2,0,preliminary,update/quantification of 423331
INC-0215,423422,https://www.nna-leb.gov.lb/ar/news/423422/%D9%88%D8%B2%D8%A7%D8%B1%D8%A9-%D8%A7%D9%84%D8%B5%D8%AD%D8%A9-%D8%AC%D8%B1%D9%8A%D9%85%D8%A9-%D9%85%D8%B2%D8%AF%D9%88%D8%AC%D8%A9-%D8%B6%D8%AF-%D8%A7%D9%84%D9%82%D8%B7%D8%A7%D8%B9-%D8%A7%D9%84%D8%B5%D8%AD%D9%8A-%D9%81%D9%8A-%D8%A8%D9%86%D8%AA-%D8%AC%D8%A8%D9%8A%D9%84-%D8%A7%D9%84%D9%8A%D9%88%D9%85-2,2026-03-29T12:51:46.000+02:00,1,0,preliminary,"MoPH statement, possibly overlapping with the 423331/423333 Bint Jbeil hospital-area health-center strike (same day) - flag heavily for merge review re: whether additive to that 2-medic total or a distinct third"
INC-0216,423318,https://www.nna-leb.gov.lb/ar/news/423318/%D9%82%D8%B5%D9%81-%D9%82%D8%B1%D9%89-%D9%81%D9%8A-%D8%B5%D9%88%D8%B1-%D9%88%D8%B3%D9%82%D9%88%D8%B7-9-%D8%B4%D9%87%D8%AF%D8%A7%D8%A1-%D9%81%D9%8A-%D8%A7%D9%84%D8%BA%D8%A7%D8%B1%D8%AA%D9%8A%D9%86-%D8%A7%D9%84%D9%85%D8%B9%D8%A7%D8%AF%D9%8A%D8%AA%D9%8A%D9%86-%D8%B9%D9%84%D9%89-%D8%A7%D9%84%D8%AD%D9%86%D9%8A%D8%A9-%D9%88%D8%AC%D9%88%D9%8A%D8%A7-2,2026-03-29T05:12:00.000+02:00,2,3,preliminary,article also restates a 7-dead Al-Haniyeh toll that likely duplicates the March 28 final toll (423276) rather than being a new incident - not counted separately; also mentions Deb'aal/Batouliyeh/Deir Qanoun Ras al-Ain/Bayyada/Bint Jbeil activity w/ no new deaths given here
INC-0217,423421,https://www.nna-leb.gov.lb/ar/news/423421/%D9%82%D8%B5%D9%81-%D9%85%D8%B9%D8%A7%D8%AF-%D9%84%D8%A8%D9%84%D8%AF%D8%AA%D9%8A-%D8%B4%D9%82%D8%B1%D8%A7-%D9%88%D8%B7%D9%8A%D8%B1%D8%AD%D8%B1%D9%81%D8%A7-2,2026-03-29T12:54:44.000+02:00,4,0,preliminary,during ongoing artillery shelling of the area; update in 423494 (5); article also mentions Tair Harfa shelling w/ no deaths
INC-0217,423494,https://www.nna-leb.gov.lb/ar/news/423494/%D9%88%D8%B2%D8%A7%D8%B1%D8%A9-%D8%A7%D9%84%D8%B5%D8%AD%D8%A9-5-%D8%B4%D9%87%D8%AF%D8%A7%D8%A1-%D9%81%D9%8A-%D8%A7%D9%84%D8%BA%D8%A7%D8%B1%D8%A9-%D8%B9%D9%84%D9%89-%D8%B4%D9%82%D8%B1%D8%A7-2,2026-03-29T20:34:06.000+02:00,5,2,preliminary,MoPH update to 423421 (4->5)
INC-0218,423335,https://www.nna-leb.gov.lb/ar/news/423335/%D8%A7%D8%B3%D8%AA%D8%B4%D9%87%D8%A7%D8%AF-%D8%B4%D8%AE%D8%B5%D9%8A%D9%86-%D9%81%D9%8A-%D8%A7%D9%84%D8%BA%D8%A7%D8%B1%D8%A9-%D8%B9%D9%84%D9%89-%D8%A8%D9%84%D8%AF%D8%A9-%D8%B9%D8%A8%D8%A7-%D9%88%D8%AF%D9%85%D8%A7%D8%B1-%D9%83%D8%A8%D9%8A%D8%B1-%D9%81%D9%8A-%D8%B3%D9%86%D8%AA%D8%B1-%D8%AA%D8%AC%D8%A7%D8%B1%D9%8A-%D9%81%D9%8A-%D8%A7%D9%84%D9%86%D8%A8%D8%B7%D9%8A%D8%A9-2,2026-03-29T07:20:13.000+02:00,2,0,preliminary,"distinct date from other Aaba incidents this study period; article also references damage to a Nabatieh city commercial center from a prior night's strike, no deaths given"
INC-0219,423579,https://www.nna-leb.gov.lb/ar/news/423579/%D9%82%D9%8A%D8%A7%D8%AF%D8%A9-%D8%A7%D9%84%D8%AC%D9%8A%D8%B4-%D8%A7%D8%B3%D8%AA%D8%B4%D9%87%D8%A7%D8%AF-%D8%AC%D9%86%D8%AF%D9%8A-%D9%88%D8%A5%D8%B5%D8%A7%D8%A8%D8%A9-%D8%A2%D8%AE%D8%B1%D9%8A%D9%86-%D8%A8%D8%A7%D8%B9%D8%AA%D8%AF%D8%A7%D8%A1-%D8%A5%D8%B3%D8%B1%D8%A7%D8%A6%D9%8A%D9%84%D9%8A-%D9%84%D8%AD%D8%A7%D8%AC%D8%B2-%D8%A7%D9%84%D8%AC%D9%8A%D8%B4-%D9%81%D9%8A-%D8%A7%D9%84%D8%B9%D8%A7%D9%85%D8%B1%D9%8A%D8%A9-2,2026-03-30T09:39:45.000+02:00,1,,preliminary,"Army statement; detail/update in 423672 (same incident, 1 dead + 5 injured incl. an officer)"
INC-0219,423672,https://www.nna-leb.gov.lb/ar/news/423672/%D8%A7%D9%84%D8%AC%D9%8A%D8%B4-%D8%B4%D9%87%D9%8A%D8%AF-%D9%885-%D8%AC%D8%B1%D8%AD%D9%89-%D9%85%D9%86-%D8%A8%D9%8A%D9%86%D9%87%D9%85-%D8%B6%D8%A7%D8%A8%D8%B7-%D9%81%D9%8A-%D8%A7%D8%B9%D8%AA%D8%AF%D8%A7%D8%A1-%D8%A5%D8%B3%D8%B1%D8%A7%D8%A6%D9%8A%D9%84%D9%8A-%D9%85%D8%A8%D8%A7%D8%B4%D8%B1-%D8%B9%D9%84%D9%89-%D8%AD%D8%A7%D8%AC%D8%B2-%D9%84%D9%84%D8%AC%D9%8A%D8%B4-%D9%81%D9%8A-%D8%A7%D9%84%D8%B9%D8%A7%D9%85%D8%B1%D9%8A%D8%A9-2,2026-03-30T15:44:00.000+02:00,1,5,preliminary,"Army statement, update/detail to 423579 - do not double count"
INC-0220,423630,https://www.nna-leb.gov.lb/ar/news/423630/%D9%85%D8%B1%D9%83%D8%B2-%D8%B9%D9%85%D9%84%D9%8A%D8%A7%D8%AA-%D8%B7%D9%88%D8%A7%D8%B1%D8%A6-%D8%A7%D9%84%D8%B5%D8%AD%D8%A9-%D8%A7%D8%B3%D8%AA%D8%B4%D9%87%D8%A7%D8%AF-%D9%85%D9%88%D8%A7%D8%B7%D9%86-%D9%88%D8%A5%D8%B5%D8%A7%D8%A8%D8%A9-17-%D8%A2%D8%AE%D8%B1%D9%8A%D9%86-%D8%A8%D8%AC%D8%B1%D9%88%D8%AD-%D9%81%D9%8A-%D8%BA%D8%A7%D8%B1%D8%A9-%D8%A7%D9%84%D8%B9%D8%AF%D9%88-%D8%B9%D9%84%D9%89-%D9%85%D9%86%D8%B7%D9%82%D8%A9-%D8%A7%D9%84%D8%B1%D8%AD%D8%A7%D8%A8-2,2026-03-30T13:01:00.000+02:00,1,17,preliminary,
INC-0221,423679,https://www.nna-leb.gov.lb/ar/news/423679/4-%D8%B4%D9%87%D8%AF%D8%A7%D8%A1-%D9%88%D8%AC%D8%B1%D8%AD%D9%89-%D9%81%D9%8A-%D8%BA%D8%A7%D8%B1%D8%A9-%D8%B9%D9%84%D9%89-%D9%85%D9%86%D8%B2%D9%84-%D9%81%D9%8A-%D8%A7%D9%84%D8%B4%D9%87%D8%A7%D8%A8%D9%8A%D8%A9-2,2026-03-30T16:20:36.000+02:00,4,,preliminary,a further distinct Al-Shihabiyeh incident this study period - different date
INC-0222,423544,https://www.nna-leb.gov.lb/ar/news/423544/%D8%B4%D9%87%D9%8A%D8%AF-%D9%88%D8%AC%D8%B1%D9%8A%D8%AD-%D9%81%D9%8A-%D8%BA%D8%A7%D8%B1%D8%A9-%D8%B9%D9%84%D9%89-%D8%A8%D8%B1%D8%B9%D8%B4%D9%8A%D8%AA-2,2026-03-30T07:44:00.000+02:00,1,1,preliminary,
INC-0223,423651,https://www.nna-leb.gov.lb/ar/news/423651/%D8%A7%D8%B3%D8%AA%D8%B4%D9%87%D8%A7%D8%AF-4-%D9%85%D9%88%D8%A7%D8%B7%D9%86%D9%8A%D9%86-%D8%AC%D8%B1%D8%A7%D8%A1-%D8%A7%D9%84%D8%BA%D8%A7%D8%B1%D8%A9-%D8%B9%D9%84%D9%89-%D9%85%D8%AF%D9%8A%D9%86%D8%A9-%D8%A8%D9%86%D8%AA-%D8%AC%D8%A8%D9%8A%D9%84-2,2026-03-30T14:31:00.000+02:00,4,0,preliminary,a further distinct Bint Jbeil city strike this study period - different date
INC-0224,423546,https://www.nna-leb.gov.lb/ar/news/423546/%D8%B4%D9%87%D8%AF%D8%A7%D8%A1-%D9%81%D9%8A-%D8%BA%D8%A7%D8%B1%D8%A7%D8%AA-%D8%A5%D8%B3%D8%B1%D8%A7%D8%A6%D9%8A%D9%84%D9%8A%D8%A9-%D9%85%D8%AA%D8%AC%D8%AF%D8%AF%D8%A9-%D8%B9%D9%84%D9%89-%D8%AD%D9%86%D8%A7%D9%88%D9%8A%D9%87-2,2026-03-30T07:50:00.000+02:00,,,preliminary,"'a number of martyrs', no figure given; distinct date from the March 10 Hanawiyeh double-tap strike (419097, batch 4)"
INC-0225,423940,https://www.nna-leb.gov.lb/ar/news/423940/%D8%B4%D9%87%D9%8A%D8%AF-%D9%81%D9%8A-%D8%A7%D8%B3%D8%AA%D9%87%D8%AF%D8%A7%D9%81-%D8%B3%D9%8A%D8%A7%D8%B1%D8%A9-%D8%B9%D9%84%D9%89-%D8%B7%D8%B1%D9%8A%D9%82-%D9%85%D8%AD%D9%84%D8%A9-%D8%B9%D9%8A%D9%86-%D8%A7%D9%84%D9%85%D8%B2%D8%B1%D8%A7%D8%A8-%D9%81%D9%8A-%D8%AA%D8%A8%D9%86%D9%8A%D9%86-%D9%88%D8%BA%D8%A7%D8%B1%D8%A7%D8%AA-%D8%B9%D9%84%D9%89-%D8%AD%D8%A7%D8%B1%D9%88%D9%81-%D9%88%D8%A8%D8%B1%D8%B9%D8%B4%D9%8A%D8%AA-2,2026-03-31T17:53:00.000+02:00,1,0,preliminary,article also mentions Haroof/Bar'ashit strikes w/ no deaths given here
INC-0226,423788,https://www.nna-leb.gov.lb/ar/news/423788/4-%D8%B4%D9%87%D8%AF%D8%A7%D8%A1-%D9%81%D9%8A-%D8%BA%D8%A7%D8%B1%D8%AA%D9%8A%D9%86-%D8%B9%D9%84%D9%89-%D8%AF%D9%8A%D8%B1-%D9%83%D9%8A%D9%81%D8%A7-%D9%88%D8%A7%D9%84%D9%82%D8%A7%D8%B3%D9%85%D9%8A%D8%A9-2,2026-03-31T08:37:00.000+02:00,2,0,preliminary,update/confirmation in 423796 (2/3 injured)
INC-0226,423796,https://www.nna-leb.gov.lb/ar/news/423796/%D8%B4%D9%87%D9%8A%D8%AF%D8%A7%D9%86-%D9%883-%D8%AC%D8%B1%D8%AD%D9%89-%D9%81%D9%8A-%D8%BA%D8%A7%D8%B1%D8%A9-%D8%B9%D9%84%D9%89-%D8%A7%D9%84%D9%82%D8%A7%D8%B3%D9%85%D9%8A%D8%A9-%D9%88%D8%BA%D8%A7%D8%B1%D8%A9-%D8%A5%D8%B3%D8%B1%D8%A7%D8%A6%D9%8A%D9%84%D9%8A%D8%A9-%D8%AA%D8%B3%D8%AA%D9%87%D8%AF%D9%81-%D8%A7%D9%84%D9%82%D9%86%D8%B7%D8%B1%D8%A9-2,2026-03-31T09:05:04.000+02:00,2,3,preliminary,MoPH confirmation of 423788 - do not double count; article also mentions a Qantara strike w/ no deaths given here
INC-0227,423948,https://www.nna-leb.gov.lb/ar/news/423948/%D8%A3%D9%83%D8%AB%D8%B1-%D9%85%D9%86-5-%D8%B4%D9%87%D8%AF%D8%A7%D8%A1-%D9%81%D9%8A-%D8%A7%D9%84%D8%BA%D8%A7%D8%B1%D8%A9-%D8%B9%D9%84%D9%89-%D8%A7%D9%84%D9%86%D8%AC%D8%A7%D8%B1%D9%8A%D8%A9-%D9%88%D9%81%D9%82-%D8%A7%D9%84%D9%85%D8%B9%D9%84%D9%88%D9%85%D8%A7%D8%AA-%D8%A7%D9%84%D8%A3%D9%88%D9%84%D9%8A%D8%A9-2,2026-03-31T19:19:23.000+02:00,5,,preliminary,'more than 5' per initial info; MoPH update 423955 gives a lower count (4) - flag discrepancy
INC-0227,423955,https://www.nna-leb.gov.lb/ar/news/423955/%D8%AD%D8%B5%D9%8A%D9%84%D8%A9-%D8%A3%D9%88%D9%84%D9%8A%D8%A9-%D9%84%D9%84%D8%BA%D8%A7%D8%B1%D8%A9-%D8%B9%D9%84%D9%89-%D8%A7%D9%84%D9%86%D8%AC%D8%A7%D8%B1%D9%8A%D8%A9-4-%D8%B4%D9%87%D8%AF%D8%A7%D8%A1-%D8%A8%D9%8A%D9%86%D9%87%D9%85-%D8%B3%D9%8A%D8%AF%D8%AA%D8%A7%D9%86-2,2026-03-31T20:20:01.000+02:00,4,,preliminary,"MoPH figure for 423948 chain, lower than the '5+' initial estimate - flag discrepancy; 2 of 4 dead are women"
INC-0228,423950,https://www.nna-leb.gov.lb/ar/news/423950/%D8%A5%D8%B3%D8%AA%D8%B4%D9%87%D8%A7%D8%AF-%D8%B4%D8%A7%D8%A8-%D9%88%D8%B2%D9%88%D8%AC%D8%AA%D9%87-%D9%88%D8%AC%D9%86%D9%8A%D9%86%D9%87%D8%A7-%D9%81%D9%8A-%D8%A7%D9%84%D8%BA%D8%A7%D8%B1%D8%A9-%D8%B9%D9%84%D9%89-%D8%AC%D8%A8%D8%B4%D9%8A%D8%AA-%D9%88%D8%B4%D9%87%D9%8A%D8%AF%D8%A7%D9%86-%D8%A7%D8%AB%D9%86%D8%A7%D9%86-%D9%81%D9%8A-%D8%A7%D9%84%D8%BA%D8%A7%D8%B1%D8%A9-%D8%B9%D9%84%D9%89-%D9%83%D9%81%D8%B1%D8%A7-2,2026-03-31T19:35:21.000+02:00,2,0,preliminary,named: Akram al-Ibrahimi + pregnant wife Alaa Naimi Bahmad
INC-0229,423971,https://www.nna-leb.gov.lb/ar/news/423971/%D8%B4%D9%87%D9%8A%D8%AF%D8%A7%D9%86-%D9%81%D9%8A-%D8%A7%D9%84%D8%A7%D8%B3%D8%AA%D9%87%D8%AF%D8%A7%D9%81-%D8%A7%D9%84%D8%A7%D8%B3%D8%B1%D8%A7%D8%A6%D9%8A%D9%84%D9%8A-%D9%84%D8%B3%D9%8A%D8%A7%D8%B1%D8%A9-%D8%B9%D9%84%D9%89-%D8%A7%D9%88%D8%AA%D9%88%D8%B3%D8%AA%D8%B1%D8%A7%D8%AF-%D8%AE%D9%84%D8%AF%D8%A9-2,2026-03-31T21:51:46.000+02:00,2,0,preliminary,"district uncertain, verify; update/confirmation in 423973"
INC-0229,423973,https://www.nna-leb.gov.lb/ar/news/423973/%D8%A7%D9%84%D8%B5%D8%AD%D8%A9-%D8%B4%D9%87%D9%8A%D8%AF%D8%A7%D9%86-%D9%88%D8%AB%D9%84%D8%A7%D8%AB%D8%A9-%D8%AC%D8%B1%D8%AD%D9%89-%D9%81%D9%8A-%D8%A7%D9%84%D8%BA%D8%A7%D8%B1%D8%A9-%D8%B9%D9%84%D9%89-%D8%AE%D9%84%D8%AF%D8%A9-%D9%88%D9%84%D8%A7-%D8%A5%D8%AE%D9%84%D8%A7%D8%A1-%D9%81%D9%8A-%D8%A7%D9%84%D8%B2%D9%87%D8%B1%D8%A7%D8%A1-2,2026-03-31T22:19:00.000+02:00,2,3,preliminary,MoPH confirmation of 423971 - do not double count; article separately clarifies (fact-check) that no patient evacuation occurred at Al-Zahraa hospital re: an unrelated Jnah-area rumor - not an incident
INC-0230,423788b,https://www.nna-leb.gov.lb/ar/news/423788/4-%D8%B4%D9%87%D8%AF%D8%A7%D8%A1-%D9%81%D9%8A-%D8%BA%D8%A7%D8%B1%D8%AA%D9%8A%D9%86-%D8%B9%D9%84%D9%89-%D8%AF%D9%8A%D8%B1-%D9%83%D9%8A%D9%81%D8%A7-%D9%88%D8%A7%D9%84%D9%82%D8%A7%D8%B3%D9%85%D9%8A%D8%A9-2,2026-03-31T08:37:00.000+02:00,2,0,preliminary,same source article as 423788; split into own row (different town) - distinct from 423331's earlier no-injury Deir Kifa health-center strike
INC-0231,423850,https://www.nna-leb.gov.lb/ar/news/423850/%D8%B4%D9%87%D9%8A%D8%AF%D8%A7%D9%86-%D9%88-%D8%AB%D9%84%D8%A7%D8%AB%D8%A9-%D8%AC%D8%B1%D8%AD%D9%89-%D8%AC%D8%B1%D8%A7%D8%A1-%D8%A7%D9%84%D8%BA%D8%A7%D8%B1%D8%A9-%D8%B9%D9%84%D9%89-%D8%B5%D8%B1%D9%8A%D9%81%D8%A7-2,2026-03-31T12:28:15.000+02:00,2,3,preliminary,third distinct Srifa incident this study period - different date; update in 423952 (3/19 injured)
INC-0231,423952,https://www.nna-leb.gov.lb/ar/news/423952/%D8%BA%D8%A7%D8%B1%D8%A9-%D8%B9%D9%84%D9%89-%D9%85%D9%86%D8%B2%D9%84-%D9%81%D9%8A-%D8%B5%D8%B1%D9%8A%D9%81%D8%A7-2,2026-03-31T19:40:00.000+02:00,3,19,preliminary,MoPH update to 423850 (2->3)
INC-0232,423746,https://www.nna-leb.gov.lb/ar/news/423746/%D8%B4%D9%87%D9%8A%D8%AF-%D9%81%D9%8A-%D8%B9%D8%A8%D8%A7-%D9%88%D8%BA%D8%A7%D8%B1%D8%A7%D8%AA-%D8%B9%D9%84%D9%89-%D9%82%D8%B1%D9%89-%D9%81%D9%8A-%D8%A7%D9%84%D9%86%D8%A8%D8%B7%D9%8A%D8%A9-2,2026-03-31T05:37:52.000+02:00,1,0,preliminary,named: Shadi Hassan Moallem; distinct date from 423335's Aaba strike; article also mentions Al-Dawir/Samouqa/Deir al-Zahrani strikes w/ no deaths given here
INC-0233,423953,https://www.nna-leb.gov.lb/ar/news/423953/%D8%A5%D8%B3%D8%AA%D9%87%D8%AF%D8%A7%D9%81-%D9%86%D9%82%D8%B7%D8%A9-%D8%AA%D8%AC%D9%85%D8%B9-%D9%84%D9%83%D8%B4%D8%A7%D9%81%D8%A9-%D8%A7%D9%84%D8%B1%D8%B3%D8%A7%D9%84%D8%A9-%D9%81%D9%8A-%D9%83%D9%81%D8%B1%D8%A7-2,2026-03-31T19:43:00.000+02:00,1,2,preliminary,possibly the same or an overlapping strike as 423950b's 2-dead Kfarra report (same day) - flag heavily for merge review; +11 civilians injured
INC-0234,423950b,https://www.nna-leb.gov.lb/ar/news/423950/%D8%A5%D8%B3%D8%AA%D8%B4%D9%87%D8%A7%D8%AF-%D8%B4%D8%A7%D8%A8-%D9%88%D8%B2%D9%88%D8%AC%D8%AA%D9%87-%D9%88%D8%AC%D9%86%D9%8A%D9%86%D9%87%D8%A7-%D9%81%D9%8A-%D8%A7%D9%84%D8%BA%D8%A7%D8%B1%D8%A9-%D8%B9%D9%84%D9%89-%D8%AC%D8%A8%D8%B4%D9%8A%D8%AA-%D9%88%D8%B4%D9%87%D9%8A%D8%AF%D8%A7%D9%86-%D8%A7%D8%AB%D9%86%D8%A7%D9%86-%D9%81%D9%8A-%D8%A7%D9%84%D8%BA%D8%A7%D8%B1%D8%A9-%D8%B9%D9%84%D9%89-%D9%83%D9%81%D8%B1%D8%A7-2,2026-03-31T19:35:21.000+02:00,2,0,preliminary,"same source article as 423950; split into own row (different town) - possibly overlaps with 423953's Kfarra responder-point strike (same day), flag for merge review"
