title,media_name,media_url,url,publish_date,language,indexed_date
War in the Middle East: Latest developments,naharnet.com,naharnet.com,https://www.naharnet.com/stories/en/319094-war-in-the-middle-east-latest-developments,2026-03-21,en,2026-03-23 04:23:06.950769+00:00
"3 killed, inured in Israeli attacks on Lebanon",mehrnews.com,mehrnews.com,https://en.mehrnews.com/news/242808/3-killed-inured-in-Israeli-attacks-on-Lebanon,2026-03-21,en,2026-03-22 04:23:10.679240+00:00
Our woman in Beirut: the untold story of spy Shulamit Cohen,ynetnews.com,ynetnews.com,https://www.ynetnews.com/magazine/article/rjfhzv2qbg,2026-03-21,en,2026-03-22 03:21:09.559411+00:00
"The Latest: Israel intensifying attacks, Iran shows defiance as its nuclear site hit",thestar.com,thestar.com,https://www.thestar.com/news/world/middle-east/the-latest-us-deploys-more-troops-to-mideast-as-trump-considers-winding-down-military-operations/article_303c4d86-e26e-50d8-b474-59b02261695a.html,2026-03-21,en,2026-03-22 02:25:55.579743+00:00
Israeli military says it is striking Hezbollah targets in Beirut,straitstimes.com,straitstimes.com,https://www.straitstimes.com/world/middle-east/israeli-military-says-it-is-striking-hezbollah-targets-in-beirut,2026-03-21,en,2026-03-22 01:25:06.711650+00:00
Israel’s new war goal: Erasing Hezbollah from Lebanon’s political picture,jang.com.pk,jang.com.pk,https://jang.com.pk/en/62139-israels-new-war-goal-erasing-hezbollah-from-lebanons-political-picture-news,2026-03-21,en,2026-03-22 01:22:23.259815+00:00
"Israel targeting Hezbollah in Beirut strikes, south Lebanon also struck",standardmedia.co.ke,standardmedia.co.ke,https://www.standardmedia.co.ke/world/article/2001543531/israel-targeting-hezbollah-in-beirut-strikes-south-lebanon-struck,2026-03-21,en,2026-03-21 23:27:13.823185+00:00
Iran fires missiles at UK-US military base Diego Garcia,channel4.com,channel4.com,https://www.channel4.com/news/iran-fires-missiles-at-uk-us-military-base-diego-garcia,2026-03-21,en,2026-03-21 23:24:31.534916+00:00
"War in the Middle East: Iran nuclear facility hit as equivalent of ‘one classroom of children’ killed, wounded daily in Lebanon",un.org,un.org,https://news.un.org/en/story/2026/03/1167175,2026-03-21,en,2026-03-21 22:31:48.808738+00:00
Meet the woman who fights to go into war zones,theage.com.au,theage.com.au,https://www.theage.com.au/national/meet-the-woman-who-fights-to-go-into-war-zones-20260319-p5qg2g.html?ref=rss&utm_medium=rss&utm_source=rss_national,2026-03-21,en,2026-03-21 22:29:43.460273+00:00
Meet the woman who fights to go into war zones,smh.com.au,smh.com.au,https://www.smh.com.au/national/meet-the-woman-who-fights-to-go-into-war-zones-20260319-p5qg2g.html?ref=rss&utm_medium=rss&utm_source=rss_national,2026-03-21,en,2026-03-21 22:29:35.514125+00:00
Iran missiles hit US bases in Bahrain,news.az,news.az,https://news.az/news/iran-missiles-hit-us-bases-in-bahrain-video,2026-03-21,en,2026-03-21 22:25:26.652014+00:00
"Week 4 of Iran war: Trump claims 'victory' amid strikes, oil surge",dailysabah.com,dailysabah.com,https://www.dailysabah.com/world/americas/week-4-of-iran-war-trump-claims-victory-amid-strikes-oil-surge,2026-03-21,en,2026-03-21 22:23:07.788194+00:00
"Iranian missile hits Arad, southern ‘Israel’; multiple casualties: reports",almanar.com.lb,almanar.com.lb,https://english.almanar.com.lb/article/40807/,2026-03-21,la,2026-03-21 21:22:43.041590+00:00
"Death toll from Israeli attacks rises to 1,204, says Lebanon",aa.com.tr,aa.com.tr,https://www.aa.com.tr/en/middle-east/death-toll-from-israeli-attacks-rises-to-1-204-says-lebanon/3874224,2026-03-21,en,2026-03-21 21:19:17.542926+00:00
NUJ condemns Israeli attacks on media workers in Lebanon,einpresswire.com,einpresswire.com,https://www.einpresswire.com/article/900897407/nuj-condemns-israeli-attacks-on-media-workers-in-lebanon,2026-03-21,en,2026-03-21 20:46:09.973486+00:00
Latest developments in Middle East war,freemalaysiatoday.com,freemalaysiatoday.com,https://www.freemalaysiatoday.com/category/highlight/2026/03/21/latest-developments-in-middle-east-war-3,2026-03-21,en,2026-03-21 20:35:08.585366+00:00
"Hezbollah rocket injures 5 in north, buildings damaged in barrages as IDF strikes Lebanon",timesofisrael.com,timesofisrael.com,https://www.timesofisrael.com/hezbollah-rockets-damage-buildings-in-north-as-idf-strikes-lebanon-kills-gunmen/,2026-03-21,en,2026-03-21 20:24:47.525784+00:00
Wave of executions feared in Iran as authorities hang 3 young men nabbed in protests,timesofisrael.com,timesofisrael.com,https://www.timesofisrael.com/wave-of-executions-feared-in-iran-as-authorities-hang-3-young-men-nabbed-in-protests/,2026-03-21,la,2026-03-21 20:24:14.041165+00:00
It’s been 18 months since the last war in Lebanon. This time it’s different,cnn.com,cnn.com,https://www.cnn.com/2026/03/21/middleeast/lebanon-this-war-is-different-intl,2026-03-21,en,2026-03-21 20:19:25.452984+00:00
Inside the enormous human toll of the war with Iran,cnn.com,cnn.com,https://www.cnn.com/2026/03/21/world/video/lebanon-children-war-toll-isobel-yeung-pkg-latam-intl,2026-03-21,en,2026-03-21 20:19:05.364945+00:00
"At 16:05 on Saturday, 21/03/2026, the Mujahideen of the Islamic Resistance targeted the Ze’ev Air Defense Base in the occupied city of Haifa with a squadron of attack drones: statement 30",almanar.com.lb,almanar.com.lb,https://english.almanar.com.lb/article/40692/,2026-03-21,la,2026-03-21 19:32:52.568537+00:00
"At 18:00 on Saturday, 21/03/2026, the Islamic Resistance fighters targeted a Merkava tank in the town of Khiam with a guided missile and hit it directly: statement 31",almanar.com.lb,almanar.com.lb,https://english.almanar.com.lb/article/40732/,2026-03-21,la,2026-03-21 19:32:46.557240+00:00
"At 17:20 on Saturday, 21/03/2026, Islamic Resistance fighters targeted a gathering of vehicles and soldiers of the Israeli enemy army in the Al-Maasara neighborhood of the border town of Maroun Al-Ras with artillery shells: statement 33",almanar.com.lb,almanar.com.lb,https://english.almanar.com.lb/article/40777/,2026-03-21,en,2026-03-21 19:32:36.575814+00:00
"As part of the warning issued by the Islamic Resistance to a number of settlements in northern occupied Palestine, at 18:00 on Saturday, March 21, 2026, Islamic Resistance fighters targeted the Shomera barracks with a rocket barrage: statement 29",almanar.com.lb,almanar.com.lb,https://english.almanar.com.lb/article/40682/,2026-03-21,en,2026-03-21 19:32:14.333836+00:00
Yedioth Ahronoth reports 34 injuries in Iranian missile attack on Dimona,almanar.com.lb,almanar.com.lb,https://english.almanar.com.lb/article/40752/,2026-03-21,la,2026-03-21 19:32:08.385910+00:00
Israeli media: Iranian missile fire causes a building collapse in Dimona,almanar.com.lb,almanar.com.lb,https://english.almanar.com.lb/article/40702/,2026-03-21,la,2026-03-21 19:31:57.133431+00:00
Zionist media: The number of wounded in Dimona has reached 22,almanar.com.lb,almanar.com.lb,https://english.almanar.com.lb/article/40722/,2026-03-21,la,2026-03-21 19:31:48.496285+00:00
"As part of the warning issued by the Islamic Resistance to a number of settlements in northern occupied Palestine, at 17:20 on Saturday, March 21, 2026, Islamic Resistance fighters targeted the Avivim settlement with a rocket barrage: statement 32",almanar.com.lb,almanar.com.lb,https://english.almanar.com.lb/article/40742/,2026-03-21,en,2026-03-21 19:31:26.674444+00:00
"Israel attacks Tehran, Beirut as US sends Marines to Middle East",dunyanews.tv,dunyanews.tv,https://dunyanews.tv/en/World/941692-israel-attacks-tehran-beirut-as-us-sends-marines-to-middle-east,2026-03-21,en,2026-03-21 19:22:49.003030+00:00
"Israel says it targeted over 200 sites in Iran, Lebanon",news.az,news.az,https://news.az/news/israel-says-it-targeted-over-200-sites-in-iran-lebanon,2026-03-21,en,2026-03-21 19:17:46.248578+00:00
Israel tấn công hơn 2.000 mục tiêu ở Lebanon,vov.vn,vov.vn,https://vov.vn/the-gioi/israel-tan-cong-hon-2000-muc-tieu-o-lebanon-post1277422.vov,2026-03-20,vi,2026-03-21 18:38:46.751728+00:00
"The U.S. is deploying 3 more amphibious assault ships and 2,500 additional Marines to the Mideast, joining more than 50,000 troops already there",fortune.com,fortune.com,https://fortune.com/2026/03/21/us-iran-war-amphibious-assault-ships-2500-additional-marines-ground-troops/,2026-03-21,en,2026-03-21 18:24:02.293042+00:00
Israel Confronts A Resilient Foe In Hezbollah,timesofisrael.com,timesofisrael.com,https://blogs.timesofisrael.com/israel-confronts-a-resilient-foe-in-hezbollah/,2026-03-21,en,2026-03-21 18:22:40.836763+00:00
Trump says US considering 'winding down' Iran war,independent.ie,independent.ie,https://www.independent.ie/world-news/trump-says-us-considering-winding-down-iran-war/a2078318561.html,2026-03-21,en,2026-03-21 17:25:50.923295+00:00
"Al-Manar reporter: Missile salvo targets Israeli occupation force in west of Taybeh town, South Lebanon",almanar.com.lb,almanar.com.lb,https://english.almanar.com.lb/article/40647/,2026-03-21,la,2026-03-21 17:24:40.876850+00:00
"Al-Manar reporter: Missile salvo targets Israeli military gatherings in the border area, south Lebanon",almanar.com.lb,almanar.com.lb,https://english.almanar.com.lb/article/40637/,2026-03-21,la,2026-03-21 17:23:57.780530+00:00
"As part of the warning issued by the Islamic Resistance to a number of settlements in northern occupied Palestine, at 17:00 on Saturday, March 21, 2026, Islamic Resistance fighters targeted the Nahariya settlement with a rocket barrage: statement 27",almanar.com.lb,almanar.com.lb,https://english.almanar.com.lb/article/40627/,2026-03-21,en,2026-03-21 17:23:42.635453+00:00
Nowruz and Eid holidays marked by Iranians and Muslims as bombs fall,newsweek.com,newsweek.com,https://www.newsweek.com/nowruz-and-eid-holidays-marked-by-iranians-and-muslims-as-bombs-fall-11713754,2026-03-21,en,2026-03-21 17:20:28.071439+00:00
"Iran says strike hit key nuclear facility as Mideast war enters week 4, US sends more troops",hindustantimes.com,hindustantimes.com,https://www.hindustantimes.com/world-news/iran-says-strike-hit-key-nuclear-facility-as-mideast-war-enters-week-4-us-sends-more-troops-101774104555798.html,2026-03-21,en,2026-03-21 16:22:56.163864+00:00
"'We will not stop': Katz says Israel, US to intensify strikes on Iran in coming days",ynetnews.com,ynetnews.com,https://www.ynetnews.com/article/hjrkfbhqzl,2026-03-21,en,2026-03-21 16:21:47.859311+00:00
Lebanese journalists speak out on life under Hezbollah's grip,jpost.com,jpost.com,https://www.jpost.com/jerusalem-report/article-890549,2026-03-19,en,2026-03-21 16:21:46.463338+00:00
"IDF troops clash with Hezbollah in Lebanon, kill terrorists in firefight",jpost.com,jpost.com,https://www.jpost.com/middle-east/article-890703,2026-03-21,en,2026-03-21 16:20:01.411038+00:00
How Iran's IRGC rebooted Hezbollah to be ready for war,ynetnews.com,ynetnews.com,https://www.ynetnews.com/article/sjgflxnqbx,2026-03-21,en,2026-03-21 16:19:37.527087+00:00
Iran Says Strike Hit Its Natanz Nuclear Enrichment Facility,breitbart.com,breitbart.com,https://www.breitbart.com/europe/2026/03/21/iran-says-strike-hit-its-natanz-nuclear-enrichment-facility/,2026-03-21,en,2026-03-21 15:51:22.936488+00:00
"There are runners there, too",tribune.net.ph,tribune.net.ph,https://tribune.net.ph/2026/03/21/there-are-runners-there-too,2026-03-21,en,2026-03-21 15:49:54.425872+00:00
Iran war: What’s happening on day 22 of US-Israel attacks?,jamaicainquirer.com,jamaicainquirer.com,https://jamaicainquirer.com/iran-war-whats-happening-on-day-22-of-us-israel-attacks/,2026-03-21,en,2026-03-21 14:54:27.667770+00:00
Iran’s IRGC: Air defense systems struck another F-16 early Saturday in central Iran,almanar.com.lb,almanar.com.lb,https://english.almanar.com.lb/article/40602/,2026-03-21,la,2026-03-21 14:50:16.511967+00:00
How Iran's IRGC Rebooted Lebanon's Hezbollah to Be Ready for War,usnews.com,usnews.com,https://www.usnews.com/news/world/articles/2026-03-21/how-irans-irgc-rebooted-lebanons-hezbollah-to-be-ready-for-war,2026-03-21,en,2026-03-21 14:49:18.217902+00:00
Iran war: What’s happening on day 22 of US-Israel attacks?,guyanainquirer.com,guyanainquirer.com,https://guyanainquirer.com/iran-war-whats-happening-on-day-22-of-us-israel-attacks/,2026-03-21,en,2026-03-21 14:22:22.562531+00:00
Iran war: What’s happening on day 22 of US-Israel attacks?,bahamasspectator.com,bahamasspectator.com,https://bahamasspectator.com/iran-war-whats-happening-on-day-22-of-us-israel-attacks/,2026-03-21,en,2026-03-21 14:19:33.563462+00:00
Àdó olóró Israel ti ṣekúpa èèyàn 1001 ní Lebanon,bbc.com,bbc.com,https://www.bbc.com/yoruba/articles/cx230nzjj1mo,2026-03-21,vi,2026-03-21 13:45:45.020680+00:00
"Afghanistan News Today – Breaking News, Politics, Sports Live Updates",ariananews.af,ariananews.af,https://www.ariananews.af/trump-says-us-considering-winding-down-iran-war/,2026-03-21,en,2026-03-21 13:34:00.942068+00:00
Iran war: What’s happening on day 22 of US-Israel attacks?,grenadachronicle.com,grenadachronicle.com,https://grenadachronicle.com/iran-war-whats-happening-on-day-22-of-us-israel-attacks/,2026-03-21,en,2026-03-21 13:33:49.360600+00:00
It’s been 18 months since the last war in Lebanon. This time it’s different,yahoo.com,yahoo.com,https://sg.news.yahoo.com/18-months-since-last-war-120205939.html,2026-03-21,en,2026-03-21 13:31:05.631786+00:00
Iran war: What’s happening on day 22 of US-Israel attacks?,stvincenttribune.com,stvincenttribune.com,https://stvincenttribune.com/iran-war-whats-happening-on-day-22-of-us-israel-attacks/,2026-03-21,en,2026-03-21 13:30:22.672724+00:00
Exclusive: Bahrain says Patriot missile system involved in March 9 blast over residential area,reuters.com,reuters.com,https://www.reuters.com/world/middle-east/bahrain-says-patriot-missile-system-involved-march-9-blast-over-residential-area-2026-03-21/,2026-03-21,en,2026-03-21 13:23:17.764188+00:00
The spokesperson for Khatam al-Anbiya Central Headquarters: This war will continue as long as the option of attacking our land remains part of your strategies,almanar.com.lb,almanar.com.lb,https://english.almanar.com.lb/article/40592/,2026-03-21,la,2026-03-21 12:49:42.712933+00:00
Israeli enemy admits that one of its aircraft was targeted by an Iranian surface-to-air missile during raids on Iran,almanar.com.lb,almanar.com.lb,https://english.almanar.com.lb/article/40567/,2026-03-21,la,2026-03-21 12:48:51.905605+00:00
How Iran's IRGC rebuilt Lebanon's Hezbollah to be ready for war,timesofisrael.com,timesofisrael.com,https://www.timesofisrael.com/how-irans-irgc-rebuilt-lebanons-hezbollah-to-be-ready-for-war/,2026-03-21,en,2026-03-21 12:48:10.613383+00:00
Iran war: What’s happening on day 22 of US-Israel attacks?,aljazeera.com,aljazeera.com,https://www.aljazeera.com/news/2026/3/21/iran-war-what-is-happening-on-day-22-of-us-israel-attacks?traffic_source=rss,2026-03-21,en,2026-03-21 12:45:04.762284+00:00
Iran says a strike hit a key nuclear facility as Mideast war enters week 4,irishexaminer.com,irishexaminer.com,https://www.irishexaminer.com/world/arid-41814287.html,2026-03-21,en,2026-03-21 12:42:49.608096+00:00
"Israel, Iran Trade Attacks As US Sends 2,500 Marines To Mideast",channelstv.com,channelstv.com,https://www.channelstv.com/2026/03/21/israel-iran-trade-attacks-as-us-sends-2-500-marines-to-mideast/,2026-03-21,en,2026-03-21 12:39:50.453367+00:00
Iran war: What’s happening on day 22 of US-Israel attacks?,dominicagazette.com,dominicagazette.com,https://dominicagazette.com/iran-war-whats-happening-on-day-22-of-us-israel-attacks/,2026-03-21,en,2026-03-21 12:38:31.585976+00:00
Iran war: What’s happening on day 22 of US-Israel attacks?,haitigazette.com,haitigazette.com,https://haitigazette.com/iran-war-whats-happening-on-day-22-of-us-israel-attacks/,2026-03-21,en,2026-03-21 12:36:09.890107+00:00
Israel-Iran War Day 22 | Iranian Missile Fire Wrecks Kindergarten in Central Israel; No Injuries Reported,haaretz.com,haaretz.com,https://www.haaretz.com/israel-news/israel-security/2026-03-21/ty-article-live/iranian-missile-debris-lands-near-temple-mount-al-aqsa-in-jerusalem-old-city/0000019d-0d66-d46f-affd-9dfe44310005,2026-03-21,en,2026-03-21 12:32:46.239529+00:00
What we know on day 22 of the US and Israel’s war with Iran,cnn.com,cnn.com,https://www.cnn.com/2026/03/21/middleeast/us-israel-iran-middle-east-war-day-22-what-we-know-intl-hnk,2026-03-21,en,2026-03-21 12:31:09.758702+00:00
"Live updates: Trump says US considering ‘winding down’ Iran war, as US removes sanctions on 140 million barrels of Iranian oil",cnn.com,cnn.com,https://www.cnn.com/world/live-news/iran-war-us-israel-trump-03-21-26,2026-03-21,en,2026-03-21 12:30:29.814775+00:00
"Israel strikes Tehran, Beirut as Trump mulls 'winding down' war",enca.com,enca.com,https://www.enca.com/news/israel-strikes-tehran-beirut-trump-mulls-winding-down-war,2026-03-21,en,2026-03-21 12:29:31.456414+00:00
"Natanz nuclear facility hit in air strike, says Iran",irishnews.com,irishnews.com,https://www.irishnews.com/news/world/natanz-nuclear-facility-hit-in-air-strike-says-iran-UZ34Y2GCVFJTPMK44RF6UUOZ3E/,2026-03-21,en,2026-03-21 12:27:34.830262+00:00
Israel launches fresh strikes on Tehran and Beirut,rte.ie,rte.ie,https://www.rte.ie/news/2026/0321/1564482-middle-east-conflict/,2026-03-21,en,2026-03-21 12:25:20.907084+00:00
Israel bombs Beirut's southern suburbs and south Lebanon,naharnet.com,naharnet.com,https://www.naharnet.com/stories/en/319093-israel-bombs-beirut-s-southern-suburbs-and-south-lebanon,2026-03-21,en,2026-03-21 12:22:53.096285+00:00
"'The same tragedy, again and again': At 33, Abbas has been displaced three times",sbs.com.au,sbs.com.au,https://www.sbs.com.au/news/article/inside-lebanons-growing-displacement-crisis/ih7ntv5xh,2026-03-20,en,2026-03-21 12:19:58.719621+00:00
Iran war: What’s happening on day 22 of US-Israel attacks?,puertoricotribune.com,puertoricotribune.com,https://puertoricotribune.com/iran-war-whats-happening-on-day-22-of-us-israel-attacks/,2026-03-21,en,2026-03-21 12:19:29.816680+00:00
Iran war: What’s happening on day 22 of US-Israel attacks?,antiguatribune.com,antiguatribune.com,https://antiguatribune.com/iran-war-whats-happening-on-day-22-of-us-israel-attacks/,2026-03-21,en,2026-03-21 12:18:33.308738+00:00
How Iran's IRGC rebooted Lebanon's Hezbollah to be ready for war,reuters.com,reuters.com,https://www.reuters.com/world/middle-east/how-irans-irgc-rebooted-lebanons-hezbollah-be-ready-war-2026-03-21/,2026-03-21,en,2026-03-21 12:17:52.248775+00:00
"Iran Says Natanz Nuclear Facility Hit Again In Strikes, No Leak Reported",ndtv.com,ndtv.com,https://www.ndtv.com/world-news/iran-israel-us-war-iran-says-natanz-nuclear-facility-hit-again-in-strikes-no-leak-reported-11247084,2026-03-21,en,2026-03-21 11:04:15.181309+00:00
Middle East crisis live: Trump says US considering ‘winding down’ war; Iran fired missiles at Diego Garcia military base,theguardian.com,theguardian.com,https://www.theguardian.com/world/live/2026/mar/21/middle-east-crisis-live-iran-war-trump-eases-oil-sanctions-israel-strikes,2026-03-21,en,2026-03-21 11:03:05.322661+00:00
How Iran Rebooted Lebanon's Hezbollah To Be Ready For War,ndtv.com,ndtv.com,https://www.ndtv.com/world-news/how-iran-rebooted-lebanons-hezbollah-to-be-ready-for-war-11247003,2026-03-21,en,2026-03-21 11:02:53.895115+00:00
Al-Manar correspondent: Two rocket salvos fired towards enemy gatherings inside the border towns in the eastern sector,almanar.com.lb,almanar.com.lb,https://english.almanar.com.lb/article/40527/,2026-03-21,la,2026-03-21 11:01:45.053263+00:00
Al-Manar correspondent: Enemy warplanes launched an attack targeting Bint Jbeil,almanar.com.lb,almanar.com.lb,https://english.almanar.com.lb/article/40517/,2026-03-21,la,2026-03-21 11:01:39.024361+00:00
Iranian media: US-Israeli aggression again targeted Natanz Uranium enrichment facility this morning,almanar.com.lb,almanar.com.lb,https://english.almanar.com.lb/article/40537/,2026-03-21,la,2026-03-21 11:01:16.319336+00:00
The Islamic Resistance: We targeted a gathering of Israeli enemy soldiers and vehicles at the Marj site opposite the border town of Markaba with a rocket barrage,almanar.com.lb,almanar.com.lb,https://english.almanar.com.lb/article/40547/,2026-03-21,la,2026-03-21 11:00:49.161845+00:00
Israel and US target Iranian nuclear facility as US sends Marines to Middle East,independent.ie,independent.ie,https://www.independent.ie/world-news/israel-and-us-target-iranian-nuclear-facility-as-us-sends-marines-to-middle-east/a2078318561.html,2026-03-21,en,2026-03-21 11:00:17.699656+00:00
Iran war: What’s happening on day 22 of US-Israel attacks?,stluciachronicle.com,stluciachronicle.com,https://stluciachronicle.com/iran-war-whats-happening-on-day-22-of-us-israel-attacks/,2026-03-21,en,2026-03-21 10:59:29.482233+00:00
"Israel attacks Tehran, Beirut as US sends Marines to Middle East",timesofearth.com,timesofearth.com,https://www.timesofearth.com/2026/03/21/israel-attacks-tehran-beirut-as-us-sends-marines-to-middle-east/,2026-03-21,en,2026-03-21 10:59:22.641411+00:00
"US, Israel strike Iran's Natanz uranium facility: Iran atomic energy organisation",indiatimes.com,indiatimes.com,https://economictimes.indiatimes.com/news/international/world-news/us-israel-attack-irans-natanz-nuclear-facility-iran-atomic-energy-organisation/articleshow/129716424.cms,2026-03-21,en,2026-03-21 10:58:36.923799+00:00
Israel-Iran war: How IRGC rebooted Lebanon's Hezbollah to be ready for war,indiatimes.com,indiatimes.com,https://economictimes.indiatimes.com/news/defence/israel-iran-war-how-irgc-rebooted-lebanons-hezbollah-to-be-ready-for-war/articleshow/129716052.cms,2026-03-21,en,2026-03-21 10:58:31.691870+00:00
Iran war: What’s happening on day 22 of US-Israel attacks?,trinidadtribune.com,trinidadtribune.com,https://trinidadtribune.com/iran-war-whats-happening-on-day-22-of-us-israel-attacks/,2026-03-21,en,2026-03-21 10:58:07.342017+00:00
Iran war: What’s happening on day 22 of US-Israel attacks?,stkittsgazette.com,stkittsgazette.com,https://stkittsgazette.com/iran-war-whats-happening-on-day-22-of-us-israel-attacks/,2026-03-21,en,2026-03-21 10:57:31.857388+00:00
Iran war: What’s happening on day 22 of US-Israel attacks?,dominicanrepublicpost.com,dominicanrepublicpost.com,https://dominicanrepublicpost.com/iran-war-whats-happening-on-day-22-of-us-israel-attacks/,2026-03-21,en,2026-03-21 10:56:50.430153+00:00
"Id brings smiles, yet stirs scars for many",thehindu.com,thehindu.com,https://www.thehindu.com/photos/in-pictures-id-brings-smiles-yet-stirs-scars-for-many/article70768455.ece,2026-03-21,en,2026-03-21 10:51:58.437615+00:00
"â50+ Strikes In 24 Hoursâ: Hezbollah RAINS Hellfire On Israel In Ultimate Iran Revenge, IDF Shocked",indiatimes.com,indiatimes.com,https://timesofindia.indiatimes.com/videos/international/50-strikes-in-24-hours-hezbollah-rains-hellfire-on-israel-in-ultimate-iran-revenge-idf-shocked/videoshow/129715909.cms,2026-03-21,en,2026-03-21 10:51:32.406054+00:00
Iran war: What’s happening on day 22 of US-Israel attacks?,barbadosgazette.com,barbadosgazette.com,https://barbadosgazette.com/iran-war-whats-happening-on-day-22-of-us-israel-attacks/,2026-03-21,en,2026-03-21 10:49:33.816680+00:00
The Latest: US Deploys More Troops to Mideast as Trump Considers ‘Winding Down’ Military Operations,usnews.com,usnews.com,https://www.usnews.com/news/best-states/washington/articles/2026-03-21/the-latest-us-deploys-more-troops-to-mideast-as-trump-considers-winding-down-military-operations,2026-03-21,en,2026-03-21 10:42:49.448012+00:00
Iran Says a Strike Hit a Key Nuclear Facility as Mideast War Enters Week 4 and US Sends More Troops,usnews.com,usnews.com,https://www.usnews.com/news/world/articles/2026-03-21/trump-hints-at-wind-down-of-war-as-us-sends-more-troops-and-iran-threatens-tourism-sites,2026-03-21,en,2026-03-21 10:42:37.940531+00:00
Israel Strikes Hezbollah's Civilian as Well as Military Wings in an Attempt to Crush the Group,usnews.com,usnews.com,https://www.usnews.com/news/world/articles/2026-03-21/israel-strikes-hezbollahs-civilian-as-well-as-military-wings-in-an-attempt-to-crush-the-group,2026-03-21,en,2026-03-21 10:41:58.333678+00:00
"Israel, Iran Trade Attacks as US Sends Marines to Middle East",usnews.com,usnews.com,https://www.usnews.com/news/world/articles/2026-03-21/israel-attacks-tehran-beirut-as-us-sends-marines-to-middle-east,2026-03-21,en,2026-03-21 10:41:47.299053+00:00
How Iran's IRGC rebooted Lebanon's Hezbollah to be ready for war,straitstimes.com,straitstimes.com,https://www.straitstimes.com/world/middle-east/how-irans-irgc-rebooted-lebanons-hezbollah-to-be-ready-for-war,2026-03-21,en,2026-03-21 10:39:22.448837+00:00
"Iran war: Israel launches strikes on Tehran, Beirut",dw.com,dw.com,https://www.dw.com/en/iran-war-israel-launches-strikes-on-tehran-beirut/live-76462692?maca=en-rss-en-top-1022-rdf,2026-03-21,en,2026-03-21 10:37:10.995490+00:00
Israel says targeting Hezbollah in Beirut as south Lebanon struck,channelnewsasia.com,channelnewsasia.com,https://www.channelnewsasia.com/world/israel-targeting-hezbollah-beirut-lebanon-attack-6008561,2026-03-21,en,2026-03-21 10:36:38.775564+00:00
"The week in photos: March 14-20, 2026",rappler.com,rappler.com,https://www.rappler.com/world/global-affairs/the-week-in-photos-march-14-20-2026/,2026-03-21,en,2026-03-21 10:32:17.688161+00:00
What we know on day 22 of the US and Israel’s war with Iran,news.az,news.az,https://news.az/news/what-we-know-on-day-22-of-the-us-and-israels-war-with-iran,2026-03-21,en,2026-03-21 10:32:11.171570+00:00
Israel strikes Iran and Beirut as Hormuz tensions rise,news.az,news.az,https://news.az/news/israel-strikes-iran-and-beirut-as-hormuz-tensions-rise,2026-03-21,en,2026-03-21 10:30:20.887685+00:00
"Israel attacks Tehran, Beirut as US sends Marines to Middle East",gmanetwork.com,gmanetwork.com,https://www.gmanetwork.com/news/topstories/world/980844/israel-attacks-tehran-beirut-as-us-sends-marines-to-middle-east/story/,2026-03-21,en,2026-03-21 10:22:30.573454+00:00
"Trump considering ‘winding down’ war on Iran, Israel launches fresh attacks on Tehran",irishtimes.com,irishtimes.com,https://www.irishtimes.com/world/middle-east/2026/03/21/trump-considering-winding-down-war-on-iran-israel-launches-fresh-attacks-on-tehran/,2026-03-21,en,2026-03-21 10:19:38.138306+00:00
Trump hints at wind-down of war as US sends more troops and Iran threatens tourism sites,independent.co.uk,independent.co.uk,https://www.independent.co.uk/news/world/americas/donald-trump-iran-middle-east-israel-marines-b2943057.html,2026-03-21,en,2026-03-21 08:58:30.879314+00:00
"Israel attacks Tehran, Beirut as U.S. sends Marines to West Asia",thehindu.com,thehindu.com,https://www.thehindu.com/news/international/israel-attacks-tehran-beirut-as-us-sends-marines-to-west-asia/article70768459.ece,2026-03-21,en,2026-03-21 08:55:51.256645+00:00
Eid celebrations dimmed by war and displacement across Middle East,island.lk,island.lk,https://island.lk/eid-celebrations-dimmed-by-war-and-displacement-across-middle-east/,2026-03-21,en,2026-03-21 08:54:42.437647+00:00
"West Asia war: Israel attacks Tehran, Beirut as US sends Marines to Middle East",indiatimes.com,indiatimes.com,https://economictimes.indiatimes.com/news/international/world-news/west-asia-war-israel-attacks-tehran-beirut-as-us-sends-marines-to-middle-east/articleshow/129713141.cms,2026-03-21,en,2026-03-21 08:50:58.913179+00:00
The Latest: US deploys thousands more troops to the war as Iran threatens world tourism sites,thestar.com,thestar.com,https://www.thestar.com/news/world/middle-east/the-latest-iran-retaliates-against-gulf-energy-sites-as-stocks-sink-worldwide/article_54b2ccf8-82d5-51d5-b444-0db5e7ecab37.html,2026-03-20,en,2026-03-21 08:43:50.847971+00:00
Aegean Air to raise prices due to Middle East conflict,ekathimerini.com,ekathimerini.com,https://www.ekathimerini.com/economy/1298751/aegean-air-to-raise-prices-due-to-middle-east-conflict/,2026-03-21,en,2026-03-21 08:43:05.569430+00:00
UAE says it dismantled terrorist network funded by Iran and Hezbollah,timesofisrael.com,timesofisrael.com,https://www.timesofisrael.com/uae-says-it-dismantled-terrorist-network-funded-by-iran-and-hezbollah/,2026-03-21,en,2026-03-21 08:42:53.262214+00:00
Iran threatens tourism sites and US sends more Marines to Middle East as Trump hints at wind-down,thestar.com,thestar.com,https://www.thestar.com/news/world/middle-east/iran-hits-kuwaiti-oil-refinery-and-explosions-boom-over-tehran-from-israeli-attack/article_5008bd27-d921-5723-9dbf-2b888b0a8314.html,2026-03-20,en,2026-03-21 08:42:39.994626+00:00
Trump hints at wind-down of war as US sends more troops and Iran threatens tourism sites,thestar.com,thestar.com,https://www.thestar.com/news/world/trump-hints-at-wind-down-of-war-as-us-sends-more-troops-and-iran-threatens-tourism-sites/article_355ea05c-e5ef-58df-becd-6c41989e0d09.html,2026-03-21,en,2026-03-21 08:41:15.676134+00:00
The Latest: US deploys more troops to Mideast as Trump considers ‘winding down’ military operations,thestar.com,thestar.com,https://www.thestar.com/news/world/the-latest-us-deploys-more-troops-to-mideast-as-trump-considers-winding-down-military-operations/article_303c4d86-e26e-50d8-b474-59b02261695a.html,2026-03-21,en,2026-03-21 08:40:50.960429+00:00
Israel strikes Hezbollah’s civilian as well as military wings in an attempt to crush the group,thestar.com,thestar.com,https://www.thestar.com/news/world/middle-east/israel-strikes-hezbollahs-civilian-as-well-as-military-wings-in-an-attempt-to-crush-the-group/article_019feec8-f077-5f65-b2f5-2f7866d538f6.html,2026-03-21,en,2026-03-21 08:39:42.458879+00:00
"Israel strikes Tehran, Beirut as Trump mulls 'winding down' war",yahoo.com,yahoo.com,https://sg.news.yahoo.com/israel-strikes-tehran-beirut-trump-054230435.html,2026-03-21,en,2026-03-21 08:31:34.249072+00:00
What we know on day 22 of the US and Israel’s war with Iran,yahoo.com,yahoo.com,https://sg.news.yahoo.com/know-day-22-us-israel-044935075.html,2026-03-21,en,2026-03-21 08:30:38.186099+00:00
Israel Iran War News Day 22: Trump rules out ceasefire as Gulf strikes escalate,indiatimes.com,indiatimes.com,https://economictimes.indiatimes.com/news/defence/iran-israel-war-latest-news-day-22-us-israel-iran-uae-conflict-donald-trump-mojtaba-khamenei-strait-of-hormuz-attacks-crude-oil-and-gas-drone-missiles/articleshow/129712724.cms,2026-03-21,en,2026-03-21 08:30:28.584830+00:00
Iran threatens tourism sites and US sends more marines to Middle East as Trump hints at wind-down,indiatimes.com,indiatimes.com,https://economictimes.indiatimes.com/nri/latest-updates/iran-threatens-tourism-sites-and-us-sends-more-marines-to-middle-east-as-trump-hints-at-wind-down/articleshow/129713244.cms,2026-03-21,en,2026-03-21 08:30:03.242948+00:00
"Iran war: Israel launches strikes on Tehran, Beirut",dw.com,dw.com,https://www.dw.com/en/iran-war-israel-launches-strikes-on-tehran-beirut/live-76462692?maca=en-rss-en-top-1022-xml-atom,2026-03-21,en,2026-03-21 08:28:52.257486+00:00
IDF strikes Hezbollah targets in Beirut as constant rocket fire hits northern Israel,ynetnews.com,ynetnews.com,https://www.ynetnews.com/article/sybbjoj911e,2026-03-21,en,2026-03-21 08:27:09.169981+00:00
Israeli military says it is striking Hezbollah targets in Beirut,adaderana.lk,adaderana.lk,http://www.adaderana.lk/news.php?nid=120025,2026-03-21,en,2026-03-21 08:26:03.204987+00:00
The Latest: US deploys more troops to Mideast as Trump considers ‘winding down’ military operations,independent.co.uk,independent.co.uk,https://www.independent.co.uk/news/donald-trump-united-states-iran-israel-marines-b2943054.html,2026-03-21,en,2026-03-21 07:21:31.509149+00:00
Israel strikes Hezbollah's civilian as well as military wings in an attempt to crush the group,independent.co.uk,independent.co.uk,https://www.independent.co.uk/news/lebanon-hezbollah-israel-iran-beirut-b2943053.html,2026-03-21,en,2026-03-21 07:21:21.994197+00:00
"Israel attacks Tehran, Beirut as US sends Marines to Middle East",reuters.com,reuters.com,https://www.reuters.com/world/middle-east/israel-attacks-tehran-beirut-us-sends-marines-middle-east-2026-03-21/,2026-03-21,en,2026-03-21 07:19:20.175080+00:00
Israeli Military Says It Is Striking Hezbollah Targets in Beirut,usnews.com,usnews.com,https://www.usnews.com/news/world/articles/2026-03-20/israeli-military-says-it-is-striking-hezbollah-targets-in-beirut,2026-03-20,en,2026-03-21 07:02:36.235904+00:00
"After Israel talks, French minister sees no obvious short-term end to Middle East war",dunyanews.tv,dunyanews.tv,https://dunyanews.tv/en/World/941612-after-israel-talks-french-minister-sees-no-obvious-shortterm-end-to-,2026-03-20,en,2026-03-21 06:45:35.202798+00:00
Israeli military says it is striking Hezbollah targets in Beirut,straitstimes.com,straitstimes.com,https://www.straitstimes.com/asia/israeli-military-says-it-is-striking-hezbollah-targets-in-beirut,2026-03-21,en,2026-03-21 06:43:37.613275+00:00
"Iran hits Kuwait refinery, Israel kills Iranian Guards spokesman as war rages on",dunyanews.tv,dunyanews.tv,https://dunyanews.tv/en/World/941601-iran-hits-kuwait-refinery-israel-kills-iranian-guards-spokesman-as-wa,2026-03-20,en,2026-03-21 06:42:40.269416+00:00
Israeli air strikes target Hezbollah in south Beirut,rte.ie,rte.ie,https://www.rte.ie/news/2026/0321/1564482-israel-strikes-beirut/,2026-03-21,en,2026-03-21 06:35:50.373047+00:00
US‑Iran‑Israel War LIVE: Iran Launches Fresh Wave Of Missiles Towards Israel As Tel Aviv Strikes 'Regime Targets' In Tehran,news18.com,news18.com,https://www.news18.com/world/iran-israel-united-states-war-news-live-updates-tehran-expands-attacks-targets-gulf-oil-refinery-saudi-kuwaiti-energy-donald-trump-netanyahu-liveblog-ws-l-9989298.html,2026-03-21,en,2026-03-21 06:35:43.949920+00:00
Israeli strikes target southern suburbs of Beirut,aa.com.tr,aa.com.tr,https://www.aa.com.tr/en/middle-east/israeli-strikes-target-southern-suburbs-of-beirut-/3873590,2026-03-21,en,2026-03-21 06:26:58.047577+00:00
Israel Says It is Striking Hezbollah Targets in Beirut,deccanchronicle.com,deccanchronicle.com,https://www.deccanchronicle.com/west-asia/israel-says-it-is-striking-hezbollah-targets-in-beirut-1945289,2026-03-21,en,2026-03-21 06:26:29.166150+00:00
War in the Middle East: latest developments,yahoo.com,yahoo.com,https://sg.news.yahoo.com/war-middle-east-latest-developments-184018867.html,2026-03-21,en,2026-03-21 06:23:11.753685+00:00
US hails Lebanon’s proposal for talks with Israel as Hezbollah keeps up rocket fire,timesofisrael.com,timesofisrael.com,https://www.timesofisrael.com/us-hails-lebanons-proposal-for-talks-with-israel-as-hezbollah-keeps-up-rocket-fire/,2026-03-21,en,2026-03-21 06:17:05.959098+00:00
US-Iran war LIVE updates: US-UK base Diego Garcia in focus after Iran's attempted hit; Israel strikes 'regime targets',hindustantimes.com,hindustantimes.com,https://www.hindustantimes.com/world-news/us-iran-war-live-updates-israel-strait-of-hormuz-tehran-trump-netanyahu-strikes-middle-new-crisis-oil-prices-eid-nowruz-101774053815014.html,2026-03-21,en,2026-03-21 06:13:02.285568+00:00
Iran war live: Trump says no ceasefire as Khamenei issues defiant message,stluciachronicle.com,stluciachronicle.com,https://stluciachronicle.com/iran-war-live-trump-says-no-ceasefire-as-khamenei-issues-defiant-message/,2026-03-20,en,2026-03-21 05:59:50.457296+00:00
Iran war live: Trump says no ceasefire as Khamenei issues defiant message,stkittsgazette.com,stkittsgazette.com,https://stkittsgazette.com/iran-war-live-trump-says-no-ceasefire-as-khamenei-issues-defiant-message/,2026-03-20,en,2026-03-21 05:56:11.529144+00:00
"Even in ‘the world as it is,’ international law could have saved the U.S. from itself",theglobeandmail.com,theglobeandmail.com,https://www.theglobeandmail.com/opinion/article-international-law-could-have-saved-us-from-itself/,2026-03-20,en,2026-03-21 05:54:09.329605+00:00
Israeli military says it is striking Hezbollah targets in Beirut,reuters.com,reuters.com,https://www.reuters.com/world/middle-east/israeli-military-says-it-is-striking-hezbollah-targets-beirut-2026-03-21/,2026-03-21,en,2026-03-21 05:51:15.735188+00:00
"At 22:35 on Friday, 20/03/2026, Islamic Resistance fighters targeted a gathering of Israeli enemy army soldiers in Mount Wardeh in the border town of Markaba with a rocket barrage: statement 48",almanar.com.lb,almanar.com.lb,https://english.almanar.com.lb/article/40402/,2026-03-21,la,2026-03-21 05:35:14.019004+00:00
"At 23:30 on Friday, March 20, 2026, Islamic Resistance fighters targeted a gathering of Israeli enemy soldiers and vehicles in Khallat al-Aaksa, in the outskirts of the border town of al-Adaisseh, with a rocket barrage: statement 55",almanar.com.lb,almanar.com.lb,https://english.almanar.com.lb/article/40472/,2026-03-21,en,2026-03-21 05:34:58.968721+00:00
"At 23:00 on Friday, March 20, 2026, Islamic Resistance fighters targeted a gathering of Israeli enemy soldiers and vehicles at the Marj site off the border town of Markaba with a large barrage of rockets: statement 54",almanar.com.lb,almanar.com.lb,https://english.almanar.com.lb/article/40462/,2026-03-21,la,2026-03-21 05:34:46.246957+00:00
"At 22:50 on Friday, March 20, 2026, Islamic Resistance fighters targeted a gathering of Israeli enemy army soldiers in Mount Wardeh in the border town of Markaba with a rocket salvo: statement 49",almanar.com.lb,almanar.com.lb,https://english.almanar.com.lb/article/40412/,2026-03-21,la,2026-03-21 05:34:20.301350+00:00
"At 22:20 on Friday, March 20, 2026, Islamic Resistance fighters targeted a gathering of Israeli enemy soldiers and vehicles at the Marj site off the border town of Markaba with a large barrage of rocket: statement 52",almanar.com.lb,almanar.com.lb,https://english.almanar.com.lb/article/40442/,2026-03-21,la,2026-03-21 05:33:59.289606+00:00
"At 22:20 on Friday, March 20, 2026, Islamic Resistance fighters targeted a gathering of Israeli enemy army soldiers in the park of the border town of Maroun al-Ras with a rocket barrage: statement 51",almanar.com.lb,almanar.com.lb,https://english.almanar.com.lb/article/40432/,2026-03-21,la,2026-03-21 05:33:53.186976+00:00
"At 22:35 on Friday, 20/03/2026, Islamic Resistance fighters targeted a gathering of Israeli enemy army soldiers in the Taybeh project with a rocket barrage: statement 50",almanar.com.lb,almanar.com.lb,https://english.almanar.com.lb/article/40422/,2026-03-21,la,2026-03-21 05:33:33.696847+00:00
"At 22:00 on Friday, March 20, 2026, Islamic Resistance fighters targeted a gathering of Israeli enemy army soldiers in Mount Wardeh in the border town of Markaba with a rocket barrage: statement 47",almanar.com.lb,almanar.com.lb,https://english.almanar.com.lb/article/40392/,2026-03-21,la,2026-03-21 05:33:10.268115+00:00
Israeli Channel 12: One of Hezbollah drones flew over the Western Galilee and returned to Lebanon,almanar.com.lb,almanar.com.lb,https://english.almanar.com.lb/article/40492/,2026-03-21,la,2026-03-21 05:33:04.156545+00:00
Supreme leader says Iran dealt enemies ‘dizzying blow’,freemalaysiatoday.com,freemalaysiatoday.com,https://www.freemalaysiatoday.com/category/highlight/2026/03/21/supreme-leader-says-iran-dealt-enemies-dizzying-blow,2026-03-21,en,2026-03-21 05:29:52.585788+00:00
'War Has Aged Us': Lebanon's Kids Face Hardships Amidst Israeli Strikes,ndtv.com,ndtv.com,https://www.ndtv.com/world-news/war-has-aged-us-lebanons-kids-arent-alright-11243255#publisher=newsstand,2026-03-20,en,2026-03-21 05:28:19.178293+00:00
Israel strikes 'decimated' Iran as war roils markets,standardmedia.co.ke,standardmedia.co.ke,https://www.standardmedia.co.ke/world/article/2001543466/israel-strikes-decimated-iran-as-war-roils-markets,2026-03-20,en,2026-03-21 05:17:15.118199+00:00
"At 05:22 on Friday, March 20, 2026, Islamic Resistance fighters targeted a gathering of Israeli enemy army soldiers in Khallat al-Mahafer, in the outskirts of the border town of al-Adaisseh, with a rocket barrage: statement 43",almanar.com.lb,almanar.com.lb,https://english.almanar.com.lb/article/40352/,2026-03-21,la,2026-03-21 05:03:17.313722+00:00
"At 22:05 on Friday, March 20, 2026, Islamic Resistance fighters targeted a gathering of Israeli enemy army soldiers in the Dhahr Al-Tayara area between the border towns of Markaba and Rab al-Thalathin with a rocket barrage: statement 42",almanar.com.lb,almanar.com.lb,https://english.almanar.com.lb/article/40342/,2026-03-21,la,2026-03-21 05:02:19.861876+00:00
"At 21:30 on Friday, March 20, 2026, the Islamic Resistance fighters targeted a gathering of Israeli enemy soldiers and vehicles in Khallat al-Aqsa, outside the border town of al-Adaisseh, with a rocket salvo: statement 44",almanar.com.lb,almanar.com.lb,https://english.almanar.com.lb/article/40362/,2026-03-21,la,2026-03-21 05:02:04.055864+00:00
"At 05:22 on Friday, March 20, 2026, Islamic Resistance fighters targeted a gathering of Israeli enemy army soldiers at the Marj site off the border town of Markaba with a rocket barrage: statement 41",almanar.com.lb,almanar.com.lb,https://english.almanar.com.lb/article/40332/,2026-03-21,la,2026-03-21 05:01:59.028078+00:00
"At 12:00 on Friday, March 20, 2026, the Islamic Resistance fighters targeted the Eilat base northeast of the occupied city of Safed with a missile salvo: statement 40",almanar.com.lb,almanar.com.lb,https://english.almanar.com.lb/article/40322/,2026-03-21,la,2026-03-21 05:01:54.079459+00:00
US mulling takeover of Kharg island to pressurise Iran into opening Strait of Hormuz,irishtimes.com,irishtimes.com,https://www.irishtimes.com/world/middle-east/2026/03/20/us-mulling-takeover-of-kharg-island-to-pressurise-iran-into-opening-strait-of-hormuz/,2026-03-20,en,2026-03-21 05:00:18.001058+00:00
How an Israeli raid tore apart the tiny Lebanese town of Nabi Chit,theage.com.au,theage.com.au,https://www.theage.com.au/world/middle-east/it-was-carnage-how-an-israeli-raid-tore-apart-this-tiny-lebanese-town-20260319-p5qs7b.html?ref=rss&utm_medium=rss&utm_source=rss_world,2026-03-20,en,2026-03-21 04:49:37.055575+00:00
How an Israeli raid tore apart the tiny Lebanese town of Nabi Chit,smh.com.au,smh.com.au,https://www.smh.com.au/world/middle-east/it-was-carnage-how-an-israeli-raid-tore-apart-this-tiny-lebanese-town-20260319-p5qs7b.html?ref=rss&utm_medium=rss&utm_source=rss_world,2026-03-20,en,2026-03-21 04:43:07.069802+00:00
"Hezbollah, Israel and the battle for Lebanon’s future",theglobeandmail.com,theglobeandmail.com,https://www.theglobeandmail.com/world/article-hezbollah-israel-lebanon-future/,2026-03-20,en,2026-03-21 04:36:16.695085+00:00
Iran threatens to target world tourist sites as U.S. plans to send more warships and Marines,theglobeandmail.com,theglobeandmail.com,https://www.theglobeandmail.com/business/article-iran-us-israel-war-kuwait-attacks/,2026-03-20,en,2026-03-21 04:35:31.766526+00:00
EXCLUSIVA El responsable de energía de Qatar dice que había advertido del peligro de provocar a Irán,reuters.com,reuters.com,https://www.reuters.com/es/negocio/UWVY7CZ33JIRXB2KDEKLT2AZOY-2026-03-20/,2026-03-20,es,2026-03-21 04:26:52.615458+00:00
War in Middle East Looms Over Eid and Nowruz Celebrations,nytimes.com,nytimes.com,https://www.nytimes.com/video/world/middleeast/100000010791921/iran-war-middle-east-muslims-eid-nowruz.html,2026-03-20,en,2026-03-21 04:25:41.365392+00:00
"‘Whispers in May,’ ‘Just Look Up,’ ‘Amazomania’ Among CPH:DOX Winners",hollywoodreporter.com,hollywoodreporter.com,https://www.hollywoodreporter.com/movies/movie-news/cphdox-awards-winners-2026-whispers-in-may-just-look-up-1236542335/,2026-03-20,en,2026-03-21 04:23:11.163325+00:00
Iran war live updates: Iran threatens global tourist destinations as US sends more troops to Middle East,abc.net.au,abc.net.au,https://www.abc.net.au/news/2026-03-21/iran-israel-war-live-updates/106480906,2026-03-21,en,2026-03-21 04:20:40.265785+00:00
Why Israel Is Attacking Lebanon,newyorker.com,newyorker.com,https://www.newyorker.com/news/q-and-a/why-israel-is-attacking-lebanon,2026-03-20,en,2026-03-21 04:15:41.031749+00:00
“Liberate Their Bodies From Their Souls”: The Lies That Sell the Iran War,theintercept.com,theintercept.com,https://theintercept.com/2026/03/20/podcast-war-beirut-lebanon-iran/,2026-03-20,en,2026-03-21 04:13:39.441878+00:00
"At 18:00 on Friday, March 20, 2026, the Islamic Resistance fighters targeted the Mahafa Alon base, southwest of the occupied city of Safed, with a rocket salvo: statement 39",almanar.com.lb,almanar.com.lb,https://english.almanar.com.lb/article/40292/,2026-03-21,la,2026-03-21 04:05:26.396714+00:00
"Mojtaba Khamenei Says Iran Dealt Enemies ""Dizzying Blow""",ndtv.com,ndtv.com,https://www.ndtv.com/world-news/iran-war-mojtaba-khamenei-says-iran-dealt-enemies-dizzying-blow-11245294,2026-03-21,en,2026-03-21 03:59:01.129722+00:00
"US sending Marines and amphibious assault ship to Middle East, officials say",adaderana.lk,adaderana.lk,http://www.adaderana.lk/news.php?nid=120019,2026-03-21,en,2026-03-21 03:54:41.984076+00:00
At least 20 dead in fresh Israeli strikes on Lebanon,news18.com,news18.com,https://www.news18.com/agency-feeds/at-least-20-dead-in-fresh-israeli-strikes-on-lebanon-9989256.html,2026-03-21,en,2026-03-21 03:52:12.297879+00:00
"US deploys amphibious warship, thousands of Marines to West Asia amid Iran war",indiatimes.com,indiatimes.com,https://economictimes.indiatimes.com/news/defence/us-deploys-amphibious-warship-thousands-of-marines-to-west-asia-amid-iran-war/articleshow/129708166.cms,2026-03-21,en,2026-03-21 03:47:09.128370+00:00
No video or audio with new purported statement from Iran’s supreme leader,cnn.com,cnn.com,https://www.cnn.com/2026/03/20/world/video/mojtaba-khamenei-statement-iran-supreme-leader-war-digvid,2026-03-20,en,2026-03-21 03:33:42.660765+00:00
‘She’s a real Scorpio’: Gen Z’s love for astrology is showing up in their jewelry,cnn.com,cnn.com,https://www.cnn.com/2026/03/20/style/gen-z-astrology-jewelry-trends,2026-03-20,en,2026-03-21 03:32:47.597324+00:00
Supreme leader says Iran dealt enemies 'dizzying blow',enca.com,enca.com,https://www.enca.com/news/supreme-leader-says-iran-dealt-enemies-dizzying-blow,2026-03-20,en,2026-03-21 03:28:44.937096+00:00
EXCLUSIVO-Chefe de Energia do Catar diz ter alertado sobre perigos de provocar o Irã,reuters.com,reuters.com,https://www.reuters.com/pt/negocio/PTYV27FTUVKV3KWFQ6V2XAQB6A-2026-03-20/,2026-03-20,pt,2026-03-21 03:26:05.345837+00:00
Supreme Leader Khamenei Says Iran Dealt Enemies ‘Dizzying Blow’,channelstv.com,channelstv.com,https://www.channelstv.com/2026/03/20/supreme-leader-khamenei-says-iran-dealt-enemies-dizzying-blow/,2026-03-20,en,2026-03-21 03:04:36.357239+00:00
"War, Displacement Cast Shadow Over Muslim Eid Holiday in Lebanon",usnews.com,usnews.com,https://www.usnews.com/news/world/articles/2026-03-20/war-displacement-cast-shadow-over-muslim-eid-holiday-in-lebanon,2026-03-20,en,2026-03-21 03:00:39.750176+00:00
Supreme leader says Iran dealt enemies 'dizzying blow',manilatimes.net,manilatimes.net,https://www.manilatimes.net/2026/03/21/world/supreme-leader-says-iran-dealt-enemies-dizzying-blow/2304641,2026-03-21,en,2026-03-21 02:40:33.947704+00:00
"On Thursday, March 19, 2026, Islamic Resistance fighters targeted a gathering of Israeli enemy army soldiers south of the border town of Maroun Al-Ras with a squadron of attack drones: statement 38",almanar.com.lb,almanar.com.lb,https://english.almanar.com.lb/article/40277/,2026-03-21,la,2026-03-21 02:37:21.163117+00:00
Five Iranian missiles hit ‘Israel’: Zionist media,almanar.com.lb,almanar.com.lb,https://english.almanar.com.lb/article/40227/,2026-03-21,la,2026-03-21 02:36:49.476515+00:00
"At 14:00 on Friday, 20/03/2026, Islamic Resistance fighters targeted a gathering of Israeli enemy army soldiers south of the border town of Maroun al-Ras with a squadron of attack drones: statement 33",almanar.com.lb,almanar.com.lb,https://english.almanar.com.lb/article/40237/,2026-03-21,la,2026-03-21 02:36:43.111708+00:00
"On Thursday, March 19, 2026, Islamic Resistance fighters shot down an Israeli glider over the town of Baraashit town using appropriate weapons: statement 37",almanar.com.lb,almanar.com.lb,https://english.almanar.com.lb/article/40267/,2026-03-21,la,2026-03-21 02:35:52.916489+00:00
"At 08:00 on Friday, 20/03/2026, the Islamic Resistance fighters targeted a gathering of Israeli enemy army soldiers at the newly established site in Jabal al-Bat in the border town of Aitaroun with a combat glider: statement 35",almanar.com.lb,almanar.com.lb,https://english.almanar.com.lb/article/40247/,2026-03-21,la,2026-03-21 02:35:27.719840+00:00
"After Israel talks, French minister sees no obvious short-term end to Middle East war",straitstimes.com,straitstimes.com,https://www.straitstimes.com/world/middle-east/after-israel-talks-french-minister-sees-no-obvious-short-term-end-to-middle-east-war,2026-03-20,en,2026-03-21 02:32:07.178244+00:00
"War, displacement cast shadow over Muslim Eid holiday in Lebanon",straitstimes.com,straitstimes.com,https://www.straitstimes.com/world/middle-east/war-displacement-cast-shadow-over-muslim-eid-holiday-in-lebanon,2026-03-20,en,2026-03-21 02:31:31.369582+00:00
"Iran hits Kuwait refinery, Israel kills Iranian Guards spokesman as war rages on",thecitizen.co.tz,thecitizen.co.tz,https://www.thecitizen.co.tz/tanzania/news/international/iran-hits-kuwait-refinery-israel-kills-iranian-guards-spokesman-as-war-rages-on-5397658,2026-03-20,en,2026-03-21 02:28:30.104909+00:00
"Al-Manar reporter: New missile salvo targets IOF in Khiam town, South Lebanon",almanar.com.lb,almanar.com.lb,https://english.almanar.com.lb/article/40187/,2026-03-21,la,2026-03-21 00:58:06.855857+00:00
Exclusive: Qatar's energy boss says he had warned of dangers of provoking Iran,reuters.com,reuters.com,https://www.reuters.com/business/energy/qatars-energy-boss-says-he-had-warned-dangers-provoking-iran-2026-03-20/,2026-03-20,en,2026-03-21 00:55:18.827018+00:00
"‘Eid is gone for us’: War, displacement cast shadow over Eid holiday in Lebanon",dawn.com,dawn.com,https://www.dawn.com/news/1984103/eid-is-gone-for-us-war-displacement-cast-shadow-over-eid-holiday-in-lebanon,2026-03-20,en,2026-03-21 00:41:56.412557+00:00
A holy time for Muslims marred by the fear and uncertainty of war,nbcnews.com,nbcnews.com,https://www.nbcnews.com/world/middle-east/ramadan-eid-al-fitr-amid-war-rcna263788,2026-03-20,en,2026-03-20 23:54:06.224130+00:00
Fears of an all-out Israeli invasion mount in Lebanon,nbcnews.com,nbcnews.com,https://www.nbcnews.com/world/middle-east/israel-invasion-lebanon-fears-litani-river-displaced-beirut-hezbollah-rcna263645,2026-03-20,en,2026-03-20 23:53:09.556616+00:00
"War, displacement cast shadow over Muslim Eid holiday in Lebanon",reuters.com,reuters.com,https://www.reuters.com/world/middle-east/war-displacement-cast-shadow-over-muslim-eid-holiday-lebanon-2026-03-20/,2026-03-20,en,2026-03-20 23:11:41.743210+00:00
"Hezbollah’s Islamic Resistance fighters targeted an Israeli Merkava in Taybe Lebanese border town with a guided missile, direct hit achieved: Military Media statement",almanar.com.lb,almanar.com.lb,https://english.almanar.com.lb/article/40122/,2026-03-21,la,2026-03-20 23:10:24.597049+00:00
Hezbollah’s Islamic Resistance fighters launch barrages of rockets targeting the newly established Israeli site in Aytaroun’s Jabal Al-Bat and Kfar Giladi Barracks: Military Media statements,almanar.com.lb,almanar.com.lb,https://english.almanar.com.lb/article/40152/,2026-03-21,la,2026-03-20 23:10:16.104195+00:00
Islamic Resistance fighters targeted a position of Israeli enemy army soldiers in Jabal Wardeh in the Lebanese border town of Markaba with appropriate weapons: Hezbollah Military Media statement no. 21,almanar.com.lb,almanar.com.lb,https://english.almanar.com.lb/article/40162/,2026-03-21,la,2026-03-20 23:10:09.958862+00:00
Hezbollah’s Islamic Resistance fighters targeted Israeli gatherings in taybe and Aytaroun Forest Lebanese border towns with artillery shells and salvo of rockets: Military Media statements,almanar.com.lb,almanar.com.lb,https://english.almanar.com.lb/article/40132/,2026-03-21,la,2026-03-20 23:09:34.841823+00:00
Islamic Resistance fighters fired barrages of rockets at Israeli settlements of Shlomi and Avivim with barrages of rockets: Hezbollah Military Media statements,almanar.com.lb,almanar.com.lb,https://english.almanar.com.lb/article/40142/,2026-03-21,la,2026-03-20 23:09:06.676428+00:00
"Despite IDF strikes, Iran's feared Basij security forces still patrol Tehran's streets",timesofisrael.com,timesofisrael.com,https://www.timesofisrael.com/despite-idf-strikes-irans-feared-basij-security-forces-still-patrol-tehrans-streets/,2026-03-20,en,2026-03-20 23:08:12.032949+00:00
'War has aged us': Lebanon's kids aren't alright,naharnet.com,naharnet.com,https://www.naharnet.com/stories/en/319082-war-has-aged-us-lebanon-s-kids-aren-t-alright,2026-03-20,en,2026-03-20 22:47:27.384890+00:00
Lebanon's mounting death toll,reuters.com,reuters.com,https://www.reuters.com/world/lebanons-mounting-death-toll-2026-03-20/,2026-03-20,en,2026-03-20 22:46:59.095692+00:00
Aoun calls for truce as French minister visits Lebanon and Israel,naharnet.com,naharnet.com,https://www.naharnet.com/stories/en/319084-aoun-calls-for-truce-as-french-minister-visits-lebanon-and-israel,2026-03-20,en,2026-03-20 22:46:51.836582+00:00
Israeli warplanes break sound barrier over Beirut,naharnet.com,naharnet.com,https://www.naharnet.com/stories/en/319081-israeli-warplanes-break-sound-barrier-over-beirut,2026-03-20,en,2026-03-20 22:46:08.034757+00:00
"Islamic Resistance fighters targeted Israeli settlements of Shomera and Kiryat Shmona with barrages of rockets: Hezbollah Military Media statements no. 4, 5",almanar.com.lb,almanar.com.lb,https://english.almanar.com.lb/article/40072/,2026-03-21,la,2026-03-20 22:42:32.138468+00:00
"Hezbollah’s Islamic Resistance fighters targeted Israeli barracks of Yaara and Mattat with squadrons of kamikaze drones: Military Media statements no. 6, 7",almanar.com.lb,almanar.com.lb,https://english.almanar.com.lb/article/40082/,2026-03-21,la,2026-03-20 22:41:51.616148+00:00
"Islamic Resistance fighters targeted Israeli settlements of Ramot Naftali, Hanita, Netu’a and Yir’on as well as Biranit Barracks (91st Division Headquarters) and Zar’it Barracks with barrages of rockets: Hezbollah Military Media statements",almanar.com.lb,almanar.com.lb,https://english.almanar.com.lb/article/40092/,2026-03-21,la,2026-03-20 22:40:42.488103+00:00
‘No obvious end’ to West Asia war: France foreign minister amid Modi-Macron peace efforts,hindustantimes.com,hindustantimes.com,https://www.hindustantimes.com/world-news/no-obvious-end-to-west-asia-war-france-foreign-minister-amid-modi-macron-peace-efforts-101774010271417.html,2026-03-20,en,2026-03-20 22:40:31.978070+00:00
"After Israel Talks, French Minister Sees No Obvious Short-Term End to Middle East War",usnews.com,usnews.com,https://www.usnews.com/news/world/articles/2026-03-20/france-sees-no-obvious-short-term-end-to-middle-east-war-barrot-says,2026-03-20,en,2026-03-20 22:39:38.353559+00:00
Israeli bombing in southern Lebanon: Order of Malta volunteer among the victims,fides.org,fides.org,https://www.fides.org/en/news/77496-ASIA_LEBANON_Israeli_bombing_in_southern_Lebanon_Order_of_Malta_volunteer_among_the_victims,2026-03-20,en,2026-03-20 22:31:19.822042+00:00
Kuwait refinery hit as Iran says it has ‘no concern’ over missile production,straitstimes.com,straitstimes.com,https://www.straitstimes.com/world/middle-east/kuwait-refinery-hit-as-iran-says-missile-production-no-concern,2026-03-20,en,2026-03-20 21:56:20.998851+00:00
‘War has aged us’: Lebanon’s kids aren’t all right,straitstimes.com,straitstimes.com,https://www.straitstimes.com/world/middle-east/war-has-aged-us-lebanons-kids-arent-all-right,2026-03-20,en,2026-03-20 21:55:40.766755+00:00
War against Hezbollah causing divide in Shi'ite community,jpost.com,jpost.com,https://www.jpost.com/middle-east/article-890651,2026-03-20,en,2026-03-20 21:55:17.901730+00:00
"After Israel talks, French minister sees no obvious short-term end to Middle East war",reuters.com,reuters.com,https://www.reuters.com/world/middle-east/france-sees-no-obvious-short-term-end-middle-east-war-barrot-says-2026-03-20/,2026-03-20,en,2026-03-20 21:37:27.538232+00:00
Islamic Resistance fighters targeted a gathering of Israeli enemy soldiers in the southern Lebanese city of Khiam with a salvo of rockets: Hezbollah Military Media statement no. 3,almanar.com.lb,almanar.com.lb,https://english.almanar.com.lb/article/40037/,2026-03-20,la,2026-03-20 21:36:01.290235+00:00
Hezbollah’s Islamic Resistance fighters targeted Yiftah settlement with a rocket barrage: Military Media statement no. 2,almanar.com.lb,almanar.com.lb,https://english.almanar.com.lb/article/40027/,2026-03-20,la,2026-03-20 21:35:57.225218+00:00
Israeli media: Rescue services responding to reports of cluster bomb impacts after missile attack on central ‘Israel’,almanar.com.lb,almanar.com.lb,https://english.almanar.com.lb/article/39967/,2026-03-20,la,2026-03-20 21:35:48.841003+00:00
9 Israelis injured in Iranian cluster munition impact in Rehovot: rescue services,almanar.com.lb,almanar.com.lb,https://english.almanar.com.lb/article/39997/,2026-03-20,la,2026-03-20 21:35:42.606101+00:00
Enemy Warplanes Strike South Lebanon Amid Ongoing Aggression,almanar.com.lb,almanar.com.lb,https://english.almanar.com.lb/article/39972/,2026-03-20,en,2026-03-20 21:35:18.006845+00:00
"Under Israeli bombardment, Lebanon urges Trump to intervene",cbc.bb,cbc.bb,https://www.cbc.bb/news/international-news/under-israeli-bombardment-lebanon-urges-trump-to-intervene/,2026-03-20,en,2026-03-20 21:35:11.735421+00:00
Enemy media: Sirens sound throughout the occupied Palestinian territories,almanar.com.lb,almanar.com.lb,https://english.almanar.com.lb/article/40007/,2026-03-20,la,2026-03-20 21:34:54.129308+00:00
'War has aged us': Lebanon's kids aren't alright,dunyanews.tv,dunyanews.tv,https://dunyanews.tv/en/World/941587-war-has-aged-us-lebanons-kids-arent-alright,2026-03-20,en,2026-03-20 21:33:54.552232+00:00
Enemy media: 5 missiles launched from Iran towards Haifa in the north and Beersheba in the south,almanar.com.lb,almanar.com.lb,https://english.almanar.com.lb/article/40017/,2026-03-20,la,2026-03-20 21:33:45.633947+00:00
"Displacement, bombs and air raid sirens weigh on Mideast Eid celebrations",dunyanews.tv,dunyanews.tv,https://dunyanews.tv/en/World/941521-displacement-bombs-and-air-raid-sirens-weigh-on-mideast-eid-celebrati,2026-03-20,en,2026-03-20 21:33:39.875054+00:00
‘War has aged us’: Lebanon’s kids aren’t alright as Israeli bombing continues unabated,dawn.com,dawn.com,https://www.dawn.com/news/1984061/war-has-aged-us-lebanons-kids-arent-alright-as-israeli-bombing-continues-unabated,2026-03-20,en,2026-03-20 21:29:41.930845+00:00
"Hail..Headless Hydra: Why Iran is not surrendering even after killing of 15 top leaders, US' $11 billion+ blowout, 16 aircraft losses",indiatimes.com,indiatimes.com,https://economictimes.indiatimes.com/news/new-updates/hail-headless-hydra-why-iran-is-not-surrendering-even-after-killing-of-15-top-leaders-us-11-billion-blowout-16-aircraft-losses/articleshow/129698799.cms,2026-03-20,en,2026-03-20 21:25:22.277994+00:00
Eid celebrations dimmed by war and displacement across Middle East,aljazeera.com,aljazeera.com,https://www.aljazeera.com/news/2026/3/20/eid-celebrations-dimmed-by-war-and-displacement-across-middle-east?traffic_source=rss,2026-03-20,en,2026-03-20 21:21:41.186103+00:00
Spanish foreign minister urges end to Israeli offensive in Lebanon,aa.com.tr,aa.com.tr,https://www.aa.com.tr/en/europe/spanish-foreign-minister-urges-end-to-israeli-offensive-in-lebanon/3872786,2026-03-20,en,2026-03-20 21:20:31.532027+00:00
Eid celebrations dimmed by war and displacement across Middle East,jamaicainquirer.com,jamaicainquirer.com,https://jamaicainquirer.com/eid-celebrations-dimmed-by-war-and-displacement-across-middle-east/,2026-03-20,en,2026-03-20 21:17:55.869007+00:00
Eid celebrations dimmed by war and displacement across Middle East,stvincenttribune.com,stvincenttribune.com,https://stvincenttribune.com/eid-celebrations-dimmed-by-war-and-displacement-across-middle-east/,2026-03-20,en,2026-03-20 21:00:30.367339+00:00
Eid celebrations dimmed by war and displacement across Middle East,stluciachronicle.com,stluciachronicle.com,https://stluciachronicle.com/eid-celebrations-dimmed-by-war-and-displacement-across-middle-east/,2026-03-20,en,2026-03-20 20:58:45.646191+00:00
Eid celebrations dimmed by war and displacement across Middle East,dominicagazette.com,dominicagazette.com,https://dominicagazette.com/eid-celebrations-dimmed-by-war-and-displacement-across-middle-east/,2026-03-20,en,2026-03-20 20:48:23.964549+00:00
Eid celebrations dimmed by war and displacement across Middle East,grenadachronicle.com,grenadachronicle.com,https://grenadachronicle.com/eid-celebrations-dimmed-by-war-and-displacement-across-middle-east/,2026-03-20,en,2026-03-20 20:26:39.947997+00:00
Middle East Conflict Intensifies on 21st Day of War,paktribune.com,paktribune.com,https://paktribune.com/middle-east-conflict-intensifies-on-21st-day-of-war/,2026-03-20,en,2026-03-20 20:25:49.162942+00:00
Lebanon’s Children Bear the Brunt of Relentless Bombing,paktribune.com,paktribune.com,https://paktribune.com/lebanons-children-bear-the-brunt-of-relentless-bombing/,2026-03-20,en,2026-03-20 20:25:33.406095+00:00
Kuwait's refinery hit as Iran launches new wave of drone strikes,nigerianeye.com,nigerianeye.com,https://www.nigerianeye.com/2026/03/kuwaits-refinery-hit-as-iran-launches.html,2026-03-20,en,2026-03-20 20:20:47.493694+00:00
"RT Reporter Injured During 'On Air' Segment By Israeli Strike, Angering Moscow",zerohedge.com,zerohedge.com,https://www.zerohedge.com/geopolitical/moscow-angry-after-rt-reporter-injured-during-air-segment-israeli-strike,2026-03-20,en,2026-03-20 20:18:06.579514+00:00
'War has aged us': Lebanon's kids aren't alright,geo.tv,geo.tv,https://www.geo.tv/latest/656558-war-has-aged-us-lebanons-kids-arent-alright,2026-03-20,en,2026-03-20 20:17:58.801050+00:00
Eid celebrations dimmed by war and displacement across Middle East,antiguatribune.com,antiguatribune.com,https://antiguatribune.com/eid-celebrations-dimmed-by-war-and-displacement-across-middle-east/,2026-03-20,en,2026-03-20 20:17:44.158033+00:00
"Under Israeli bombardment, Lebanon urges Trump to intervene, calls for ‘immediate’ talks with Israel",cnn.com,cnn.com,https://www.cnn.com/2026/03/19/middleeast/lebanese-prime-minister-exclusive-interview-latam-intl,2026-03-19,en,2026-03-20 20:15:18.951200+00:00
Eid celebrations dimmed by war and displacement across Middle East,trinidadtribune.com,trinidadtribune.com,https://trinidadtribune.com/eid-celebrations-dimmed-by-war-and-displacement-across-middle-east/,2026-03-20,en,2026-03-20 20:13:36.965361+00:00
Eid celebrations dimmed by war and displacement across Middle East,guyanainquirer.com,guyanainquirer.com,https://guyanainquirer.com/eid-celebrations-dimmed-by-war-and-displacement-across-middle-east/,2026-03-20,en,2026-03-20 20:12:45.357827+00:00
Eid celebrations dimmed by war and displacement across Middle East,stkittsgazette.com,stkittsgazette.com,https://stkittsgazette.com/eid-celebrations-dimmed-by-war-and-displacement-across-middle-east/,2026-03-20,en,2026-03-20 20:12:30.865843+00:00
Enemy media: Sirens sound in Kiryat Zar’it and Shomerah in Western Galilee,almanar.com.lb,almanar.com.lb,https://english.almanar.com.lb/article/39902/,2026-03-20,la,2026-03-20 20:12:11.107433+00:00
Wave 67 of Operation True Promise 4 has been launched: IRGC,almanar.com.lb,almanar.com.lb,https://english.almanar.com.lb/article/39912/,2026-03-20,la,2026-03-20 20:12:07.394353+00:00
Israeli media: Sirens sound in Dovev and Mattat in the Western Galilee over suspected drone infiltration,almanar.com.lb,almanar.com.lb,https://english.almanar.com.lb/article/39957/,2026-03-20,la,2026-03-20 20:11:59.394547+00:00
'War has aged us': Lebanon's kids aren't alright,yahoo.com,yahoo.com,https://sg.news.yahoo.com/war-aged-us-lebanons-kids-100534417.html,2026-03-20,en,2026-03-20 20:11:48.315954+00:00
Lebanon’s Maj. Gen. Ibrahim to Al-Manar: Resistance Performance in Battlefield “More than Excellent”,almanar.com.lb,almanar.com.lb,https://english.almanar.com.lb/article/39937/,2026-03-20,en,2026-03-20 20:11:02.584212+00:00
Eid celebrations dimmed by war and displacement across Middle East,dominicanrepublicpost.com,dominicanrepublicpost.com,https://dominicanrepublicpost.com/eid-celebrations-dimmed-by-war-and-displacement-across-middle-east/,2026-03-20,en,2026-03-20 20:10:49.327784+00:00
Eid celebrations dimmed by war and displacement across Middle East,puertoricotribune.com,puertoricotribune.com,https://puertoricotribune.com/eid-celebrations-dimmed-by-war-and-displacement-across-middle-east/,2026-03-20,en,2026-03-20 20:05:35.681103+00:00
'Nothing to celebrate': War and displacement eclipse Eid in Lebanon,sbs.com.au,sbs.com.au,https://www.sbs.com.au/news/article/lebanon-war-in-middle-east-eid-celebrations/uymb000dp,2026-03-20,en,2026-03-20 19:44:32.892851+00:00
'Not surprising at all': Israel's tactics in Lebanon and a threat to 'finish the job',sbs.com.au,sbs.com.au,https://www.sbs.com.au/news/article/not-surprising-at-all-how-does-israel-want-to-finish-the-job-in-lebanon/3s3q2poc2,2026-03-19,en,2026-03-20 19:43:52.201422+00:00
Eid celebrations dimmed by war and displacement across Middle East,haitigazette.com,haitigazette.com,https://haitigazette.com/eid-celebrations-dimmed-by-war-and-displacement-across-middle-east/,2026-03-20,en,2026-03-20 19:43:49.105284+00:00
"Pentagon eyes $200bn war fund as Iran strikes Gulf oil, gas",geo.tv,geo.tv,https://www.geo.tv/latest/656543-pentagon-eyes-200bn-war-fund-as-iran-strikes-gulf-oil-gas,2026-03-20,en,2026-03-20 19:41:30.798343+00:00
Eid celebrations dimmed by war and displacement across Middle East,barbadosgazette.com,barbadosgazette.com,https://barbadosgazette.com/eid-celebrations-dimmed-by-war-and-displacement-across-middle-east/,2026-03-20,en,2026-03-20 19:38:33.490269+00:00
Eid celebrations dimmed by war and displacement across Middle East,bahamasspectator.com,bahamasspectator.com,https://bahamasspectator.com/eid-celebrations-dimmed-by-war-and-displacement-across-middle-east/,2026-03-20,en,2026-03-20 19:36:29.798406+00:00
Ex-Home Front Command official warns of brutal choice amid Hezbollah threat,jpost.com,jpost.com,https://www.jpost.com/middle-east/article-890624,2026-03-20,en,2026-03-20 19:29:08.015417+00:00
Kuwait refinery ablaze as Iran launches new wave of drone strikes,punchng.com,punchng.com,https://punchng.com/kuwait-refinery-ablaze-as-iran-launches-new-wave-of-drone-strikes/,2026-03-20,en,2026-03-20 19:23:28.609312+00:00
Israel removing Hezbollah would be its biggest victory in decades,newsweek.com,newsweek.com,https://www.newsweek.com/israel-removing-hezbollah-would-be-its-biggest-victory-in-decades-11706721,2026-03-20,en,2026-03-20 19:10:15.370289+00:00
Israeli air defense reservist arrested on suspicion of spying for Iran,almanar.com.lb,almanar.com.lb,https://english.almanar.com.lb/article/39872/,2026-03-20,la,2026-03-20 18:48:40.037399+00:00
Israeli occupation military says it hit Syrian army “after attack on Druze”,almanar.com.lb,almanar.com.lb,https://english.almanar.com.lb/article/39882/,2026-03-20,la,2026-03-20 18:48:18.783779+00:00
"Al-Manar correspondent in south Lebanon reports Israeli strikes on Qlaile, Shaaitiyeh and Kfar Tibneet",almanar.com.lb,almanar.com.lb,https://english.almanar.com.lb/article/39862/,2026-03-20,la,2026-03-20 18:48:14.136112+00:00
"Hebrew media: During the last few nights, several evacuation operations were carried out for wounded Israeli soldiers from “very complex and inaccessible” locations inside Lebanon",almanar.com.lb,almanar.com.lb,https://english.almanar.com.lb/article/39892/,2026-03-20,la,2026-03-20 18:47:52.482044+00:00
Middle East war coverage: How Herald and Age reporters David Crowe and Kate Geraghty navigated a war zone,smh.com.au,smh.com.au,https://www.smh.com.au/national/nsw/inside-the-conflict-zone-how-our-team-navigated-war-torn-beirut-20260319-p5qs71.html?ref=rss&utm_medium=rss&utm_source=rss_feed,2026-03-20,en,2026-03-20 18:37:29.730255+00:00
From The Past Pages Of Dawn: 1976: Fifty Years Ago: Karami escapes death,dawn.com,dawn.com,https://www.dawn.com/news/1983990/from-the-past-pages-of-dawn-1976-fifty-years-ago-karami-escapes-death,2026-03-20,en,2026-03-20 18:27:38.254593+00:00
Displaced Lebanese long for peace as Eid al-Fitr approaches,theglobeandmail.com,theglobeandmail.com,https://www.theglobeandmail.com/world/article-eid-al-fitr-lebanon-war/,2026-03-19,en,2026-03-20 18:12:37.974686+00:00
Hezbollah battles Israeli troops in Lebanon,dawn.com,dawn.com,https://www.dawn.com/news/1983919/hezbollah-battles-israeli-troops-in-lebanon,2026-03-20,en,2026-03-20 18:06:02.126718+00:00
Supreme leader says Iran dealt enemies 'dizzying blow',yahoo.com,yahoo.com,https://sg.news.yahoo.com/israel-strikes-decimated-iran-war-060757482.html,2026-03-20,en,2026-03-20 17:42:42.887295+00:00
"Israel pushes Hezbollah further north in Lebanon - buying time, but not security",jpost.com,jpost.com,https://www.jpost.com/israel-news/defense-news/article-890602,2026-03-20,en,2026-03-20 17:39:42.418014+00:00
"Afghanistan News Today – Breaking News, Politics, Sports Live Updates",ariananews.af,ariananews.af,https://www.ariananews.af/israel-launches-new-wave-of-attacks-on-iran-as-regional-crisis-deepens/,2026-03-20,en,2026-03-20 17:31:30.204543+00:00
Israel strikes 'decimated' Iran as war roils markets,rte.ie,rte.ie,https://www.rte.ie/news/world/2026/0320/1564298-israel-us-iran/,2026-03-20,en,2026-03-20 17:18:02.175679+00:00
No cheer on Nowruz : Iranians to mark new year with prayers remembrance,indiatimes.com,indiatimes.com,https://timesofindia.indiatimes.com/world/middle-east/no-cheer-on-nowruz-iranians-to-mark-new-year-with-prayers-remembrance/articleshow/129691267.cms,2026-03-20,en,2026-03-20 16:49:40.558563+00:00
"Iran hits Kuwait refinery, Israel kills Iranian Guards spokesman as war rages on",rappler.com,rappler.com,https://www.rappler.com/world/middle-east/usa-israel-war-iran-updates-march-20-2026/,2026-03-20,en,2026-03-20 16:44:58.724855+00:00
"US-Iran war LIVE updates: Mojtaba extends Eid, Nowruz greetings as blasts heard in Tehran",hindustantimes.com,hindustantimes.com,https://www.hindustantimes.com/world-news/us-iran-war-live-updates-israel-strait-of-hormuz-tehran-trump-netanyahu-tel-aviv-jerusalem-eid-oil-prices-dubai-uae-101773967484013.html,2026-03-20,en,2026-03-20 16:30:36.047032+00:00
"Netanyahu’s war on Iran: Israeli Prime Minister’s long-term strategy to dismantle regime faces domestic, international challenges",theage.com.au,theage.com.au,https://www.theage.com.au/world/middle-east/netanyahu-s-dreams-came-true-with-the-iran-war-will-it-propel-him-to-victory-20260318-p5ozqs.html?ref=rss&utm_medium=rss&utm_source=rss_feed,2026-03-20,en,2026-03-20 16:23:41.155217+00:00
"Netanyahu’s war on Iran: Israeli Prime Minister’s long-term strategy to dismantle regime faces domestic, international challenges",smh.com.au,smh.com.au,https://www.smh.com.au/world/middle-east/netanyahu-s-dreams-came-true-with-the-iran-war-will-it-propel-him-to-victory-20260318-p5ozqs.html?ref=rss&utm_medium=rss&utm_source=rss_feed,2026-03-20,en,2026-03-20 16:16:40.639962+00:00
"Displacement, bombs and air raid sirens weigh on Mideast Eid celebrations",yahoo.com,yahoo.com,https://sg.news.yahoo.com/displacement-bombs-air-raid-sirens-001939240.html,2026-03-20,en,2026-03-20 15:59:47.598191+00:00
"At 23:50 on Thursday, March 19, 2026, Islamic Resistance fighters targeted a gathering of Israeli enemy soldiers and vehicles in Jdeidet Mays al-Jabal border town with a rocket barrage: statement 38",almanar.com.lb,almanar.com.lb,https://english.almanar.com.lb/article/39812/,2026-03-20,la,2026-03-20 15:53:41.887654+00:00
"As part of the warning issued by the Islamic Resistance to a number of settlements in northern occupied Palestine, at 17:25 on Thursday, 19/03/2026, Islamic Resistance fighters targeted the Margaliot settlement with a rocket barrage: statement 33",almanar.com.lb,almanar.com.lb,https://english.almanar.com.lb/article/39747/,2026-03-20,en,2026-03-20 15:52:56.609985+00:00
"At 20:10 on Thursday, March 19, 2026, Islamic Resistance fighters targeted a gathering of Israeli enemy soldiers and vehicles in the park of the border town of Maroun al-Ras with a rocket barrage: statement 34",almanar.com.lb,almanar.com.lb,https://english.almanar.com.lb/article/39767/,2026-03-20,la,2026-03-20 15:52:39.231771+00:00
"At 04:30 on Thursday, 19/03/2026, Islamic Resistance fighters targeted a gathering of Israeli enemy army soldiers in the park of the border town of Maroun al-Ras with a rocket barrage: statement 31",almanar.com.lb,almanar.com.lb,https://english.almanar.com.lb/article/39722/,2026-03-20,la,2026-03-20 15:52:34.973188+00:00
IRGC announces 66th wave of Operation True Promise 4: Israeli targets in Tel Aviv and south of occupied Palestine in addition to US bases in the region were struck,almanar.com.lb,almanar.com.lb,https://english.almanar.com.lb/article/39837/,2026-03-20,la,2026-03-20 15:52:28.003271+00:00
"At 23:20 on Thursday, 19/03/2026, Islamic Resistance fighters targeted a gathering of Israeli enemy soldiers and vehicles in the Al-Khazzan hill in the border town of Al-Adaisseh with a rocket barrage: statement 36",almanar.com.lb,almanar.com.lb,https://english.almanar.com.lb/article/39792/,2026-03-20,la,2026-03-20 15:51:51.696405+00:00
"At 23:30 on Thursday, 19/03/2026, Islamic Resistance fighters targeted a gathering of Israeli enemy soldiers and vehicles in the Taybeh project with a rocket barrage: statement 37",almanar.com.lb,almanar.com.lb,https://english.almanar.com.lb/article/39802/,2026-03-20,la,2026-03-20 15:51:45.151561+00:00
"Netanyahu transcript: 'We have to be more powerful than the barbarians, or they will crash our gates, destroy our societies'",timesofisrael.com,timesofisrael.com,https://www.timesofisrael.com/netanyahu-transcript-we-have-to-be-more-powerful-than-the-barbarians-or-they-will-crash-our-gates-destroy-our-societies/,2026-03-20,en,2026-03-20 15:50:03.873915+00:00
France's Foreign Minister Heads to Israel After Lebanon Talks,usnews.com,usnews.com,https://www.usnews.com/news/world/articles/2026-03-19/french-foreign-minister-barrot-to-go-to-israel-on-friday,2026-03-19,en,2026-03-20 04:32:18.290573+00:00
France's foreign minister heads to Israel after Lebanon talks,straitstimes.com,straitstimes.com,https://www.straitstimes.com/world/europe/frances-foreign-minister-heads-to-israel-after-lebanon-talks,2026-03-20,en,2026-03-20 01:24:00.572083+00:00
Trump compares Iran strikes to Pearl Harbor as he meets Japan’s PM,stvincenttribune.com,stvincenttribune.com,https://stvincenttribune.com/trump-compares-iran-strikes-to-pearl-harbor-as-he-meets-japans-pm/,2026-03-19,en,2026-03-20 01:23:28.458044+00:00
Day 20: why isn't every cluster missile intercepted — and what's left of Iran's nuclear program,ynetnews.com,ynetnews.com,https://www.ynetnews.com/article/rjyaght9bx,2026-03-19,en,2026-03-19 23:59:22.556492+00:00
"At 17:20 on Thursday, 19/03/2026, Islamic Resistance fighters targeted a gathering of Israeli enemy army soldiers in the Al-Muhaysibat hill, south of the Al-Taybeh project, with artillery shells: statement 29",almanar.com.lb,almanar.com.lb,https://english.almanar.com.lb/article/39697/,2026-03-20,la,2026-03-19 23:56:28.197160+00:00
"At 17:20 on Thursday, 19/03/2026, Islamic Resistance fighters targeted a gathering of Israeli enemy army vehicles in the Taybeh project area with artillery shells: statement 28",almanar.com.lb,almanar.com.lb,https://english.almanar.com.lb/article/39687/,2026-03-20,la,2026-03-19 23:55:41.030587+00:00
"At 19:00 on Thursday, March 19, 2026, Islamic Resistance fighters targeted the Harmon site with a missile salvo: statement 26",almanar.com.lb,almanar.com.lb,https://english.almanar.com.lb/article/39662/,2026-03-20,la,2026-03-19 23:55:30.519126+00:00
"At 16:45 on Thursday, March 19, 2026, Islamic Resistance fighters targeted a gathering of Israeli enemy army soldiers in Khirbet al-Kassif, southwest of the town of Taybeh, with artillery shells: statement 27",almanar.com.lb,almanar.com.lb,https://english.almanar.com.lb/article/39677/,2026-03-20,la,2026-03-19 23:54:58.221297+00:00
"Iran war live updates: Iran vows 'zero restraint' if oil sites hit, Trump says US won't send ground troops",abc.net.au,abc.net.au,https://www.abc.net.au/news/2026-03-20/iran-israel-us-war-live-updates/106475836,2026-03-20,en,2026-03-19 23:50:28.515626+00:00
"Death toll from Israeli attacks on Lebanon passes 1,000",rte.ie,rte.ie,https://www.rte.ie/news/middle-east/2026/0319/1564269-lebanon-death-toll/,2026-03-19,en,2026-03-19 23:44:24.827513+00:00
Israel is rapidly killing Iran's top leaders. Experts warn the strategy could backfire,pbs.org,pbs.org,https://www.pbs.org/newshour/world/israel-is-rapidly-killing-irans-top-leaders-experts-warn-the-strategy-could-backfire,2026-03-19,en,2026-03-19 23:44:07.100879+00:00
French foreign minister Barrot to go to Israel,dawn.com,dawn.com,https://www.dawn.com/news/1983840/french-foreign-minister-barrot-to-go-to-israel,2026-03-20,en,2026-03-19 23:42:10.800676+00:00
Humanoid art and Eid al-Fitr preparations: photos of the day – Thursday,theguardian.com,theguardian.com,https://www.theguardian.com/news/gallery/2026/mar/19/humanoid-art-and-eid-al-fitr-preparations-photos-of-the-day-thursday,2026-03-19,en,2026-03-19 22:45:57.596141+00:00
"Lebanon’s president says initiative for talks with Israel still in place, hindered by ongoing escalation",aa.com.tr,aa.com.tr,https://www.aa.com.tr/en/middle-east/lebanon-s-president-says-initiative-for-talks-with-israel-still-in-place-hindered-by-ongoing-escalation/3872213,2026-03-19,en,2026-03-19 22:19:09.181182+00:00
"What you need to know about Iran today, with Matthew Doran",abc.net.au,abc.net.au,https://www.abc.net.au/news/2026-03-20/iran-israel-war-daily-news-briefing/106467598,2026-03-20,en,2026-03-19 22:16:19.854729+00:00
RT Reporter and Cameraman Injured by Israeli Strike in Lebanon,nytimes.com,nytimes.com,https://www.nytimes.com/video/world/middleeast/100000010789510/lebanon-airstrikes-isreal-iran-war.html,2026-03-19,en,2026-03-19 22:11:36.558270+00:00
"Lebanon Death Toll Passes 1,000, Amnesty Says Israel Must Stop Attacking Hospitals",antiwar.com,antiwar.com,https://news.antiwar.com/2026/03/19/lebanon-death-toll-passes-1000-amnesty-says-israel-must-stop-attacking-hospitals/?utm_source=rss&utm_medium=rss&utm_campaign=lebanon-death-toll-passes-1000-amnesty-says-israel-must-stop-attacking-hospitals,2026-03-19,en,2026-03-19 22:08:54.669408+00:00
Trump rates Macron 'an 8' as France and US split over Middle East strategy,foxnews.com,foxnews.com,https://www.foxnews.com/world/trump-rates-macron-an-8-france-us-split-over-middle-east-strategy,2026-03-19,en,2026-03-19 22:01:30.878947+00:00
Salam says tying Lebanon to regional crises gives Israel pretext for aggression,naharnet.com,naharnet.com,https://naharnet.com/stories/en/319076-salam-says-tying-lebanon-to-regional-crises-gives-israel-pretext-for-aggression,2026-03-19,en,2026-03-19 21:59:21.837733+00:00
France's foreign minister heads to Israel after Lebanon talks,reuters.com,reuters.com,https://www.reuters.com/world/middle-east/french-foreign-minister-barrot-go-israel-friday-2026-03-19/,2026-03-19,en,2026-03-19 21:56:00.371227+00:00
Israel’s invasion of Lebanon could wind up saving Hezbollah from itself,theglobeandmail.com,theglobeandmail.com,https://www.theglobeandmail.com/opinion/article-israels-invasion-of-lebanon-could-wind-up-saving-hezbollah-from-itself/,2026-03-19,en,2026-03-19 21:50:35.593885+00:00
France says it will double its humanitarian aid to Lebanon,reuters.com,reuters.com,https://www.reuters.com/world/middle-east/france-says-it-will-double-its-humanitarian-aid-lebanon-2026-03-19/,2026-03-19,en,2026-03-19 21:39:13.857472+00:00
"Death toll surpasses 1,000 in Lebanon as Israeli bombardment continues",stluciachronicle.com,stluciachronicle.com,https://stluciachronicle.com/death-toll-surpasses-1000-in-lebanon-as-israeli-bombardment-continues/,2026-03-19,en,2026-03-19 21:30:37.485434+00:00
ANALYSIS | Is this Hezbollah's last war?,cbc.ca,cbc.ca,https://www.cbc.ca/news/world/hezbollah-war-israel-9.7007514?cmp=rss,2026-03-19,en,2026-03-19 21:27:46.090235+00:00
'We were incredibly lucky': Moment UK journalist survives Israeli strike in Lebanon,standard.co.uk,standard.co.uk,https://www.standard.co.uk/news/world/british-journalist-survives-israel-strike-lebanon-rt-idf-b1275675.html,2026-03-19,en,2026-03-19 21:25:38.729982+00:00
"EXCLUSIVO Ataque do Irã elimina 17% da capacidade de GNL do Qatar por até cinco anos, diz CEO da QatarEnergy",reuters.com,reuters.com,https://www.reuters.com/pt/negocio/NLRW3LYSI5O7HPDSOMXXVN7JSQ-2026-03-19/,2026-03-19,pt,2026-03-19 20:20:18.043462+00:00
"Death toll surpasses 1,000 in Lebanon as Israeli bombardment continues",stkittsgazette.com,stkittsgazette.com,https://stkittsgazette.com/death-toll-surpasses-1000-in-lebanon-as-israeli-bombardment-continues/,2026-03-19,en,2026-03-19 20:18:35.868270+00:00
"Death toll surpasses 1,000 in Lebanon as Israeli bombardment continues",haitigazette.com,haitigazette.com,https://haitigazette.com/death-toll-surpasses-1000-in-lebanon-as-israeli-bombardment-continues/,2026-03-19,en,2026-03-19 20:06:07.398103+00:00
Why An Israeli Attack On An Iranian Gas Field Is Such A Big Deal,huffingtonpost.co.uk,huffingtonpost.co.uk,https://www.huffingtonpost.co.uk/entry/why-an-israeli-attack-on-an-iranian-gas-field-is-such-a-big-deal_uk_69bbaaa6e4b0411b809f9293,2026-03-19,en,2026-03-19 20:04:25.026839+00:00
Hezbollah’s gamble risks dragging Lebanon deeper,jpost.com,jpost.com,https://www.jpost.com/jerusalem-report/article-890317,2026-03-19,en,2026-03-19 19:51:07.164735+00:00
Iran hits more Gulf energy sites,tribune.net.ph,tribune.net.ph,https://tribune.net.ph/2026/03/19/iran-hits-more-gulf-energy-sites,2026-03-19,en,2026-03-19 19:50:45.956093+00:00
"Death toll surpasses 1,000 in Lebanon as Israeli bombardment continues",trinidadtribune.com,trinidadtribune.com,https://trinidadtribune.com/death-toll-surpasses-1000-in-lebanon-as-israeli-bombardment-continues/,2026-03-19,en,2026-03-19 19:48:34.619440+00:00
"Death toll surpasses 1,000 in Lebanon as Israeli bombardment continues",grenadachronicle.com,grenadachronicle.com,https://grenadachronicle.com/death-toll-surpasses-1000-in-lebanon-as-israeli-bombardment-continues/,2026-03-19,en,2026-03-19 19:47:40.617187+00:00
"Lebanon Faces ‘Catastrophic’ Situation, Catholic Humanitarian Leader Says",ncregister.com,ncregister.com,https://www.ncregister.com/cna/lebanon-faces-catastrophic-situation-catholic-humanitarian-leader-says,2026-03-19,en,2026-03-19 19:45:22.620826+00:00
"Death toll surpasses 1,000 in Lebanon as Israeli bombardment continues",barbadosgazette.com,barbadosgazette.com,https://barbadosgazette.com/death-toll-surpasses-1000-in-lebanon-as-israeli-bombardment-continues/,2026-03-19,en,2026-03-19 19:45:08.160554+00:00
"Death toll surpasses 1,000 in Lebanon as Israeli bombardment continues",aljazeera.com,aljazeera.com,https://www.aljazeera.com/news/2026/3/19/death-toll-surpasses-1000-in-lebanon-as-israeli-bombardment-continues?traffic_source=rss,2026-03-19,en,2026-03-19 19:37:38.221724+00:00
"Death toll surpasses 1,000 in Lebanon as Israeli bombardment continues",jamaicainquirer.com,jamaicainquirer.com,https://jamaicainquirer.com/death-toll-surpasses-1000-in-lebanon-as-israeli-bombardment-continues/,2026-03-19,en,2026-03-19 19:32:18.916615+00:00
"Death toll surpasses 1,000 in Lebanon as Israeli bombardment continues",dominicagazette.com,dominicagazette.com,https://dominicagazette.com/death-toll-surpasses-1000-in-lebanon-as-israeli-bombardment-continues/,2026-03-19,en,2026-03-19 19:30:31.118940+00:00
Qatar Blames Iran for Attack on Major Energy Hub,nytimes.com,nytimes.com,https://www.nytimes.com/video/world/middleeast/100000010789342/qatar-iran-attack-energy-hub.html,2026-03-19,en,2026-03-19 19:23:41.716648+00:00
Israeli media: Six missiles hit Kiryat Shmona,almanar.com.lb,almanar.com.lb,https://english.almanar.com.lb/article/39567/,2026-03-19,la,2026-03-19 18:25:10.651420+00:00
"At 16:45 on Thursday, 19/03/2026, the Islamic Resistance fighters targeted the Misgav Am site opposite the border town of Al-Adaisseh with a rocket salvo: statement 23",almanar.com.lb,almanar.com.lb,https://english.almanar.com.lb/article/39622/,2026-03-19,la,2026-03-19 18:25:04.406791+00:00
Islamic Resistance targeted at 16:45 on Thursday 19/03/2026 a gathering of soldiers of the Israeli enemy army in the Taybeh project area with artillery shells: statement 22,almanar.com.lb,almanar.com.lb,https://english.almanar.com.lb/article/39612/,2026-03-19,la,2026-03-19 18:24:22.531664+00:00
Israeli military radio: Iranian missile hits oil refineries in Haifa,almanar.com.lb,almanar.com.lb,https://english.almanar.com.lb/article/39577/,2026-03-19,la,2026-03-19 18:24:00.482713+00:00
"Death toll surpasses 1,000 in Lebanon as Israeli bombardment continues",stvincenttribune.com,stvincenttribune.com,https://stvincenttribune.com/death-toll-surpasses-1000-in-lebanon-as-israeli-bombardment-continues/,2026-03-19,en,2026-03-19 18:19:36.017770+00:00
"Death toll surpasses 1,000 in Lebanon as Israeli bombardment continues",guyanainquirer.com,guyanainquirer.com,https://guyanainquirer.com/death-toll-surpasses-1000-in-lebanon-as-israeli-bombardment-continues/,2026-03-19,en,2026-03-19 18:13:49.039540+00:00
"Death toll surpasses 1,000 in Lebanon as Israeli bombardment continues",antiguatribune.com,antiguatribune.com,https://antiguatribune.com/death-toll-surpasses-1000-in-lebanon-as-israeli-bombardment-continues/,2026-03-19,en,2026-03-19 18:13:33.364407+00:00
Israel Is Missing Its Big Chance in Lebanon,theatlantic.com,theatlantic.com,https://www.theatlantic.com/international/2026/03/israel-lebanon-iran-hezbollah/686444/?utm_source=feed,2026-03-19,en,2026-03-19 18:08:56.041112+00:00
"Death toll surpasses 1,000 in Lebanon as Israeli bombardment continues",dominicanrepublicpost.com,dominicanrepublicpost.com,https://dominicanrepublicpost.com/death-toll-surpasses-1000-in-lebanon-as-israeli-bombardment-continues/,2026-03-19,en,2026-03-19 18:01:00.656006+00:00
"Iran war briefing day 20: Gas prices spike, US floats oil sanctions relief",newsweek.com,newsweek.com,https://www.newsweek.com/iran-war-briefing-day-20-gas-prices-spike-us-floats-oil-sanctions-relief-11702091,2026-03-19,en,2026-03-19 17:57:16.173700+00:00
"Death toll surpasses 1,000 in Lebanon as Israeli bombardment continues",puertoricotribune.com,puertoricotribune.com,https://puertoricotribune.com/death-toll-surpasses-1000-in-lebanon-as-israeli-bombardment-continues/,2026-03-19,en,2026-03-19 17:53:26.307980+00:00
Moment British journalist Steve Sweeney nearly killed in Israeli strike,mirror.co.uk,mirror.co.uk,https://www.mirror.co.uk/news/world-news/breaking-moment-british-war-correspondent-36894767,2026-03-19,en,2026-03-19 17:32:35.679227+00:00
Israeli airstrike lands perilously close to journalist during report to camera,metro.co.uk,metro.co.uk,https://metro.co.uk/2026/03/19/israeli-airstrike-lands-perilously-close-journalist-report-camera-27537771/,2026-03-19,en,2026-03-19 17:29:59.049685+00:00
War Diary Day 20: Energy war pushes region to the brink,dawn.com,dawn.com,https://www.dawn.com/news/1983749/war-diary-day-20-energy-war-pushes-region-to-the-brink,2026-03-19,en,2026-03-19 17:27:56.448053+00:00
Iranian FM Abbas Araghchi: “ZERO restraint if our infrastructures are struck again”,almanar.com.lb,almanar.com.lb,https://english.almanar.com.lb/article/39552/,2026-03-19,la,2026-03-19 17:26:10.841976+00:00
Hezbollah’s Islamic Resistance fighters targeted Kiryat Shmona with a barrage of rockets for fourth time today: Military Media statement no. 15,almanar.com.lb,almanar.com.lb,https://english.almanar.com.lb/article/39542/,2026-03-19,la,2026-03-19 17:25:01.456387+00:00
Lý do cái chết của ông Ali Larijani có thể khiến cuộc chiến tại Iran kéo dài,vov.vn,vov.vn,https://vov.vn/the-gioi/quan-sat/ly-do-cai-chet-cua-ong-ali-larijani-co-the-khien-cuoc-chien-tai-iran-keo-dai-post1276642.vov,2026-03-18,vi,2026-03-19 16:48:32.004489+00:00
Israeli attacks kill 4 in southern Lebanon,aa.com.tr,aa.com.tr,https://www.aa.com.tr/en/middle-east/israeli-attacks-kill-4-in-southern-lebanon/3871819,2026-03-19,en,2026-03-19 16:40:01.380571+00:00
Minister Darragh O’Brien commits to ‘substantial supports’ after hauliers meeting; Pete Hegseth claims US allies ‘ungrateful’,independent.ie,independent.ie,https://www.independent.ie/world-news/middle-east/minister-darragh-obrien-commits-to-substantial-supports-after-hauliers-meeting-pete-hegseth-claims-us-allies-ungrateful/a42214499.html,2026-03-19,en,2026-03-19 16:36:17.086862+00:00
"As Israel expands strikes on Beirut, delivery drivers steer clear of danger",straitstimes.com,straitstimes.com,https://www.straitstimes.com/world/middle-east/as-israel-expands-strikes-on-beirut-delivery-drivers-steer-clear-of-danger,2026-03-19,en,2026-03-19 14:43:50.672648+00:00
Beirut photographer puts himself in the firing line to capture Israeli strikes,nbcnews.com,nbcnews.com,https://www.nbcnews.com/world/middle-east/israel-war-iran-lebanon-beirut-strikes-photographer-fadel-itani-rcna264087,2026-03-19,en,2026-03-19 14:38:50.759622+00:00
Islamic Resistance fighters fired a salvo of rockets at the Israeli settlement of Even Menachem: Hezbollah Military Media statement no. 14,almanar.com.lb,almanar.com.lb,https://english.almanar.com.lb/article/39507/,2026-03-19,la,2026-03-19 14:37:37.561785+00:00
Islamic Resistance fighters targeted Israeli gathering in Labbouneh with a barrage of rockets: Hezbollah Media Military statement no. 13,almanar.com.lb,almanar.com.lb,https://english.almanar.com.lb/article/39497/,2026-03-19,la,2026-03-19 14:37:22.097216+00:00
"Hezbollah’s Islamic Resistance forces fired barrage of rockets at the newly established site in Nimr al-Jamal, opposite the border town of Alma al-Shaab as well as Labbouneh: Military Media no. 12",almanar.com.lb,almanar.com.lb,https://english.almanar.com.lb/article/39467/,2026-03-19,la,2026-03-19 14:37:00.295821+00:00
"Hezbollah’s Islamic Resistace forces fired barrages of rockets targeting Israeli site of Adather (Mount Adir) and Tzrifin Base: Military Media statements no. 10, 11",almanar.com.lb,almanar.com.lb,https://english.almanar.com.lb/article/39457/,2026-03-19,la,2026-03-19 14:36:50.410035+00:00
"Al-Manar correspondent in south Lebanon reports Israeli strikes on the towns of Sultaniyeh, Aynata and Kafra",almanar.com.lb,almanar.com.lb,https://english.almanar.com.lb/article/39517/,2026-03-19,la,2026-03-19 14:36:14.357040+00:00
"Exclusive: Iran attack wipes out 17% of Qatar’s LNG capacity for up to five years, QatarEnergy CEO says",reuters.com,reuters.com,https://www.reuters.com/business/energy/iran-attack-damage-wipes-out-17-qatars-lng-capacity-three-five-years-qatarenergy-2026-03-19/,2026-03-19,en,2026-03-19 14:34:18.520738+00:00
"Iran vẫn sở hữu kho tên lửa dồi dào, Israel tiếp tục tấn công Lebanon",vov.vn,vov.vn,https://vov.vn/the-gioi/iran-van-so-huu-kho-ten-lua-doi-dao-israel-tiep-tuc-tan-cong-lebanon-post1276837.vov,2026-03-19,vi,2026-03-19 14:22:57.481369+00:00
More on the Great Big Stinking Lies About Iran,antiwar.com,antiwar.com,https://original.antiwar.com/david_stockman/2026/03/18/more-on-the-great-big-stinking-lies-about-iran/?utm_source=rss&utm_medium=rss&utm_campaign=more-on-the-great-big-stinking-lies-about-iran,2026-03-18,en,2026-03-19 13:28:04.333302+00:00
"Eid Moon Sighting 2026: Check Timings For Dubai, Abu Dhabi, Riyadh, Doha, Beirut, Ankara, Egypt and Other Countries on March 19",newsx.com,newsx.com,https://www.newsx.com/lifestyle/eid-moon-sighting-2026-check-timings-for-dubai-abu-dhabi-riyadh-doha-beirut-ankara-egypt-and-other-countries-on-march-19-185439/,2026-03-19,en,2026-03-19 13:26:21.134954+00:00
IDF kills over 20 Hezbollah terrorists in 24 hours of southern Lebanon ops.,jpost.com,jpost.com,https://www.jpost.com/israel-news/defense-news/article-890494,2026-03-19,en,2026-03-19 13:25:14.877453+00:00
Six Iranian barrages overnight; sirens sound in northern and central Israel,ynetnews.com,ynetnews.com,https://www.ynetnews.com/article/rjlpqxtcbx,2026-03-19,en,2026-03-19 13:23:54.834076+00:00
Israeli Aggression Continues: Fresh Raids and Crimes Against Lebanese Civilians,almanar.com.lb,almanar.com.lb,https://english.almanar.com.lb/article/39427/,2026-03-19,en,2026-03-19 13:18:53.640173+00:00
Israeli enemy army issues evacuation threat to the residents of southern Zahrani River,almanar.com.lb,almanar.com.lb,https://english.almanar.com.lb/article/39442/,2026-03-19,la,2026-03-19 13:18:47.678073+00:00
Factbox-Airlines cancel more flights as Middle East conflict escalates,yahoo.com,yahoo.com,https://finance.yahoo.com/news/factbox-airlines-cancel-flights-us-123532820.html,2026-03-19,en,2026-03-19 12:38:02.440213+00:00
Seoul to provide US$2 mln in humanitarian aid to conflict-hit Lebanon,app.com.pk,app.com.pk,https://www.app.com.pk/global/seoul-to-provide-us2-mln-in-humanitarian-aid-to-conflict-hit-lebanon/,2026-03-19,en,2026-03-19 12:21:20.925955+00:00
Restive calm in Beirut after Israel's 'big surprises' threat,naharnet.com,naharnet.com,https://www.naharnet.com/stories/en/319060-restive-calm-in-beirut-after-israel-s-big-surprises-threat,2026-03-19,en,2026-03-19 11:47:35.629810+00:00
"Afghanistan News Today – Breaking News, Politics, Sports Live Updates",ariananews.af,ariananews.af,https://www.ariananews.af/us-weighs-troop-deployment-as-iran-war-enters-new-phase/,2026-03-19,en,2026-03-19 11:47:22.603530+00:00
Iraqi Kataeb Hezbollah says to pause US embassy attacks if Israel stops striking Dahieh,naharnet.com,naharnet.com,https://www.naharnet.com/stories/en/319054-iraqi-kataeb-hezbollah-says-to-pause-us-embassy-attacks-if-israel-stops-striking-dahieh,2026-03-19,en,2026-03-19 11:45:56.048568+00:00
EU calls on Israel to stop Lebanon operations,naharnet.com,naharnet.com,https://www.naharnet.com/stories/en/319056-eu-calls-on-israel-to-stop-lebanon-operations,2026-03-19,en,2026-03-19 11:45:12.072499+00:00
Israeli officials expressed surprise last week over Hezbollah’s capabilities: Hebrew media,almanar.com.lb,almanar.com.lb,https://english.almanar.com.lb/article/39412/,2026-03-19,la,2026-03-19 11:44:50.772499+00:00
Israel is rapidly killing Iran’s top leaders. Experts warn that could backfire,yahoo.com,yahoo.com,https://uk.news.yahoo.com/israel-rapidly-killing-iran-top-070035619.html,2026-03-19,en,2026-03-19 11:38:37.176543+00:00
"In Lebanon, war and displacement mar run-up to Eid al-Fitr holiday for many",thestar.com,thestar.com,https://www.thestar.com/news/world/in-lebanon-war-and-displacement-mar-run-up-to-eid-al-fitr-holiday-for-many/article_c21d5f78-4462-5122-97e0-c630bb577496.html,2026-03-19,en,2026-03-19 11:36:54.269223+00:00
"Israeli air raids devastate southern Lebanon, dozens killed in two days",aljazeera.com,aljazeera.com,https://www.aljazeera.com/news/2026/3/19/israeli-air-raids-devastate-southern-lebanon-dozens-killed-in-two-days?traffic_source=rss,2026-03-19,en,2026-03-19 11:32:41.365936+00:00
Donald Trump says US 'knew nothing about' Israeli attack on major Iranian gas field,sbs.com.au,sbs.com.au,https://www.sbs.com.au/news/article/iran-says-it-will-hit-gulf-energy-targets-in-response-to-israeli-strikes-on-pars-gas-field/7dvu0z3fn,2026-03-18,en,2026-03-19 11:26:03.230216+00:00
"In Lebanon, war, displacement mar run-up to Eid al-Fitr holiday for many",news18.com,news18.com,https://www.news18.com/agency-feeds/in-lebanon-war-displacement-mar-run-up-to-eid-al-fitr-holiday-for-many-9986235.html,2026-03-19,en,2026-03-19 11:04:47.351602+00:00
"As Israel Expands Strikes on Beirut, Delivery Drivers Steer Clear of Danger",usnews.com,usnews.com,https://www.usnews.com/news/world/articles/2026-03-19/as-israel-expands-strikes-on-beirut-delivery-drivers-steer-clear-of-danger,2026-03-19,en,2026-03-19 10:42:19.752827+00:00
Beirut food delivery drivers steer clear of danger as Israel expands strikes,hindustantimes.com,hindustantimes.com,https://www.hindustantimes.com/world-news/beirut-food-delivery-drivers-steer-clear-of-danger-as-israel-expands-strikes-101773911431237.html,2026-03-19,en,2026-03-19 10:40:25.808204+00:00
Al-Manar correspondent reports Israeli air strike on Al-Hosh town in Tyre district,almanar.com.lb,almanar.com.lb,https://english.almanar.com.lb/article/39387/,2026-03-19,la,2026-03-19 10:35:56.664419+00:00
"Israeli air raids devastate southern Lebanon, dozens killed in two days",stvincenttribune.com,stvincenttribune.com,https://stvincenttribune.com/israeli-air-raids-devastate-southern-lebanon-dozens-killed-in-two-days/,2026-03-19,en,2026-03-19 10:24:36.468763+00:00
"Israeli air raids devastate southern Lebanon, dozens killed in two days",jamaicainquirer.com,jamaicainquirer.com,https://jamaicainquirer.com/israeli-air-raids-devastate-southern-lebanon-dozens-killed-in-two-days/,2026-03-19,en,2026-03-19 10:20:35.157182+00:00
"Israeli air raids devastate southern Lebanon, dozens killed in two days",bahamasspectator.com,bahamasspectator.com,https://bahamasspectator.com/israeli-air-raids-devastate-southern-lebanon-dozens-killed-in-two-days/,2026-03-19,en,2026-03-19 10:19:31.375077+00:00
"As Israel expands strikes on Beirut, delivery drivers steer clear of danger",reuters.com,reuters.com,https://www.reuters.com/world/middle-east/israel-expands-strikes-beirut-delivery-drivers-steer-clear-danger-2026-03-19/,2026-03-19,en,2026-03-19 10:17:42.508295+00:00
Trump threatens to destroy Iran's largest gas field,enca.com,enca.com,https://www.enca.com/trump-threatens-destroy-irans-largest-gas-field,2026-03-19,en,2026-03-19 09:42:44.096896+00:00
"Israeli air raids devastate southern Lebanon, dozens killed in two days",stkittsgazette.com,stkittsgazette.com,https://stkittsgazette.com/israeli-air-raids-devastate-southern-lebanon-dozens-killed-in-two-days/,2026-03-19,en,2026-03-19 09:40:44.627157+00:00
Qatari Amiri Diwan: Emir of Qatar confirmed in a call he received from France’s Macron that targeting energy and water facilities is a threat to stability,almanar.com.lb,almanar.com.lb,https://english.almanar.com.lb/article/39322/,2026-03-19,la,2026-03-19 09:33:38.560922+00:00
Reuters reports Brent crude surges to $114 a barrel,almanar.com.lb,almanar.com.lb,https://english.almanar.com.lb/article/39342/,2026-03-19,la,2026-03-19 09:33:22.189512+00:00
AFP: Gas prices in Europe rise by more than 30% after the Iranian attack on a gas facility in Qatar,almanar.com.lb,almanar.com.lb,https://english.almanar.com.lb/article/39352/,2026-03-19,la,2026-03-19 09:33:04.807545+00:00
"Deputy Governor of Iran’s Lorestan province: 12 martyrs and 116 wounded in a US-Israeli attack on residential areas in Dorud, western Iran",almanar.com.lb,almanar.com.lb,https://english.almanar.com.lb/article/39302/,2026-03-19,la,2026-03-19 09:32:49.948978+00:00
"Iran causes 'extensive' damage to Qatar gas hub, sparks Trump warning",yahoo.com,yahoo.com,https://sg.news.yahoo.com/trump-threatens-destroy-irans-largest-052051556.html,2026-03-19,en,2026-03-19 09:32:34.294215+00:00
"Qatari Amiri Diwan: Emir of Qatar renewed his call for an immediate de-escalation, urging intensified diplomatic efforts to contain the escalating tensions",almanar.com.lb,almanar.com.lb,https://english.almanar.com.lb/article/39332/,2026-03-19,la,2026-03-19 09:32:06.643213+00:00
Al-Manar correspondent in south Lebanon reports Israeli strikes on border towns of Bint Jbeil and Khiam,almanar.com.lb,almanar.com.lb,https://english.almanar.com.lb/article/39292/,2026-03-19,la,2026-03-19 09:31:50.878462+00:00
"Israeli Health Ministry says 177 Israelis admitted to hospitals in the past 24 hours, bringing the total number of injuries since the war started to 3,924",almanar.com.lb,almanar.com.lb,https://english.almanar.com.lb/article/39312/,2026-03-19,la,2026-03-19 09:31:36.935231+00:00
Natural gas prices surge 35pc after key Gulf infrastructure attacked; Trump threatens retaliation on Iran; Government finalising move on energy prices,independent.ie,independent.ie,https://www.independent.ie/world-news/middle-east/natural-gas-prices-surge-35pc-after-key-gulf-infrastructure-attacked-trump-threatens-retaliation-on-iran-government-finalising-move-on-energy-prices/a42214499.html,2026-03-19,en,2026-03-19 09:31:31.700932+00:00
UN warns over 1M displaced in Lebanon amid Israeli strikes,news.az,news.az,https://news.az/news/un-warns-over-1m-displaced-in-lebanon-amid-israeli-strikes,2026-03-19,en,2026-03-19 09:31:26.190094+00:00
"Israeli air raids devastate southern Lebanon, dozens killed in two days",stluciachronicle.com,stluciachronicle.com,https://stluciachronicle.com/israeli-air-raids-devastate-southern-lebanon-dozens-killed-in-two-days/,2026-03-19,en,2026-03-19 09:29:42.307236+00:00
Donald Trump ‘is considering’ sending more troops to Middle East,irishtimes.com,irishtimes.com,https://www.irishtimes.com/world/middle-east/2026/03/19/iran-israel-us-middle-east-war-news-live-updates/,2026-03-19,en,2026-03-19 09:27:42.275408+00:00
"Israeli air raids devastate southern Lebanon, dozens killed in two days",guyanainquirer.com,guyanainquirer.com,https://guyanainquirer.com/israeli-air-raids-devastate-southern-lebanon-dozens-killed-in-two-days/,2026-03-19,en,2026-03-19 09:25:16.461563+00:00
"Israeli air raids devastate southern Lebanon, dozens killed in two days",dominicagazette.com,dominicagazette.com,https://dominicagazette.com/israeli-air-raids-devastate-southern-lebanon-dozens-killed-in-two-days/,2026-03-19,en,2026-03-19 09:22:51.206715+00:00
"Israeli air raids devastate southern Lebanon, dozens killed in two days",grenadachronicle.com,grenadachronicle.com,https://grenadachronicle.com/israeli-air-raids-devastate-southern-lebanon-dozens-killed-in-two-days/,2026-03-19,en,2026-03-19 09:22:23.844320+00:00
"Israeli air raids devastate southern Lebanon, dozens killed in two days",puertoricotribune.com,puertoricotribune.com,https://puertoricotribune.com/israeli-air-raids-devastate-southern-lebanon-dozens-killed-in-two-days/,2026-03-19,en,2026-03-19 09:20:07.292912+00:00
Watch: Lebanese artist plays cello amid rubble of buildings destroyed by Israeli strikes,hindustantimes.com,hindustantimes.com,https://www.hindustantimes.com/trending/watch-lebanese-artist-plays-cello-amid-rubble-of-buildings-destroyed-by-israeli-strikes-101773905199769.html,2026-03-19,en,2026-03-19 09:19:54.041444+00:00
Israel is rapidly killing Iran’s top leaders. Experts warn that could backfire,independent.co.uk,independent.co.uk,https://www.independent.co.uk/news/world/middle-east/ayatollah-killed-hamas-leaders-israel-b2941546.html,2026-03-19,en,2026-03-19 09:18:44.338031+00:00
"Israeli air raids devastate southern Lebanon, dozens killed in two days",haitigazette.com,haitigazette.com,https://haitigazette.com/israeli-air-raids-devastate-southern-lebanon-dozens-killed-in-two-days/,2026-03-19,en,2026-03-19 09:18:17.097590+00:00
"Israeli air raids devastate southern Lebanon, dozens killed in two days",dominicanrepublicpost.com,dominicanrepublicpost.com,https://dominicanrepublicpost.com/israeli-air-raids-devastate-southern-lebanon-dozens-killed-in-two-days/,2026-03-19,en,2026-03-19 08:35:35.151054+00:00
Trump threatens to destroy Iran's largest gas field,timesofmalta.com,timesofmalta.com,https://timesofmalta.com/article/trump-threatens-destroy-iran-largest-gas-field.1125689,2026-03-19,en,2026-03-19 08:34:01.952916+00:00
"Israeli air raids devastate southern Lebanon, dozens killed in two days",trinidadtribune.com,trinidadtribune.com,https://trinidadtribune.com/israeli-air-raids-devastate-southern-lebanon-dozens-killed-in-two-days/,2026-03-19,en,2026-03-19 08:33:32.593408+00:00
"Israeli air raids devastate southern Lebanon, dozens killed in two days",barbadosgazette.com,barbadosgazette.com,https://barbadosgazette.com/israeli-air-raids-devastate-southern-lebanon-dozens-killed-in-two-days/,2026-03-19,en,2026-03-19 08:32:03.826091+00:00
"Israel conducts wave of strikes on Beirut, knocks out southern bridges",dunyanews.tv,dunyanews.tv,https://dunyanews.tv/en/World/941345-israel-conducts-wave-of-strikes-on-beirut-knocks-out-southern-bridges,2026-03-19,en,2026-03-19 08:27:37.682299+00:00
"Both sides in Iran war ratchet up attacks on energy facilities, as oil prices surge",dunyanews.tv,dunyanews.tv,https://dunyanews.tv/en/World/941287-both-sides-in-iran-war-ratchet-up-attacks-on-energy-facilities-as-oil,2026-03-18,en,2026-03-19 08:27:22.505137+00:00
"Israel says killed Iran intel chief, tells military to hunt down officials",dunyanews.tv,dunyanews.tv,https://dunyanews.tv/en/World/941347-israel-says-killed-iran-intel-chief-tells-military-to-hunt-down-offic,2026-03-19,en,2026-03-19 08:25:02.495791+00:00
Qatar expels Iranian attaches after LNG facility strike,grenadachronicle.com,grenadachronicle.com,https://grenadachronicle.com/qatar-expels-iranian-attaches-after-lng-facility-strike/,2026-03-19,en,2026-03-19 08:23:45.475559+00:00
Israel is rapidly killing Iran’s top leaders. Experts warn the strategy could backfire,thestar.com,thestar.com,https://www.thestar.com/news/world/middle-east/israel-is-rapidly-killing-irans-top-leaders-experts-warn-the-strategy-could-backfire/article_80f1bb1c-f97a-57f9-9546-d3744f1ac53b.html,2026-03-19,en,2026-03-19 08:21:40.025900+00:00
"Israeli air raids devastate southern Lebanon, dozens killed in two days",antiguatribune.com,antiguatribune.com,https://antiguatribune.com/israeli-air-raids-devastate-southern-lebanon-dozens-killed-in-two-days/,2026-03-19,en,2026-03-19 08:18:37.984457+00:00
Experts warn Israel's strategy of killing Iran's top leaders could backfire,news18.com,news18.com,https://www.news18.com/agency-feeds/experts-warn-israels-strategy-of-killing-irans-top-leaders-could-backfire-9985724.html,2026-03-19,en,2026-03-19 07:43:19.339927+00:00
"âIsrael Of The Regionâ Ex Afghan Minister Slams Pakistan, Urges India To Take Stronger Action",indiatimes.com,indiatimes.com,https://timesofindia.indiatimes.com/videos/news/israel-of-the-region-ex-afghan-minister-slams-pakistan-urges-india-to-take-stronger-action/videoshow/129669755.cms,2026-03-19,en,2026-03-19 07:29:50.227988+00:00
IRAN GOVT INTACT': Trump Intel Chief 'ECHOES' Mojtaba Khamenei,indiatimes.com,indiatimes.com,https://timesofindia.indiatimes.com/videos/international/iran-govt-intact-trump-intel-chief-echoes-mojtaba-khamenei-tulsi-gabbard-shocks-senators/videoshow/129669569.cms,2026-03-19,en,2026-03-19 07:28:24.036366+00:00
Israel vs. Hezbollah: Is peace with Lebanon possible?,news.az,news.az,https://news.az/news/israel-vs-hezbollah-is-peace-with-lebanon-possible,2026-03-19,en,2026-03-19 07:26:06.602907+00:00
Trump Threatens To Destroy Iran’s Largest Gas Field,channelstv.com,channelstv.com,https://www.channelstv.com/2026/03/19/trump-threatens-to-destroy-irans-largest-gas-field/,2026-03-19,en,2026-03-19 07:21:15.040035+00:00
Israel is rapidly killing Iran's top leaders. Experts warn the strategy could backfire,independent.co.uk,independent.co.uk,https://www.independent.co.uk/news/world/europe/israel-iran-ayatollah-ali-khamenei-hassan-nasrallah-experts-b2941517.html,2026-03-19,en,2026-03-19 06:42:26.865865+00:00
Israel is rapidly killing Iran's top leaders. Experts warn the strategy could backfire,indiatimes.com,indiatimes.com,https://economictimes.indiatimes.com/news/international/world-news/israel-is-rapidly-killing-irans-top-leaders-experts-warn-the-strategy-could-backfire/articleshow/129671569.cms,2026-03-19,en,2026-03-19 06:39:57.628537+00:00
"Israeli forces strike heart of Beirut, destroy apartment buildings, gas stations, bridges",dawn.com,dawn.com,https://www.dawn.com/news/1983551/israeli-forces-strike-heart-of-beirut-destroy-apartment-buildings-gas-stations-bridges,2026-03-19,en,2026-03-19 06:27:40.682741+00:00
The Lebanon Sideshow Could Be Worse Than the Iranian Main Event,ncregister.com,ncregister.com,https://www.ncregister.com/commentaries/fernandez-lebanon-sideshow,2026-03-18,en,2026-03-19 05:31:21.899769+00:00
"Iran War Day 20 Live News: Energy site targets widen on both sides, US weighs boots on ground, oil surges over $108",indiatimes.com,indiatimes.com,https://economictimes.indiatimes.com/news/defence/iran-war-day-20-live-news-energy-site-targets-widen-on-both-sides-us-weighs-boots-on-ground-oil-surges-over-108/articleshow/129669552.cms,2026-03-19,en,2026-03-19 05:28:09.340015+00:00
"Inside Lebanon: Strikes, displacement and Israeli troops",sky.com,sky.com,https://news.sky.com/story/inside-lebanon-strikes-displacement-and-israeli-troops-13521463,2026-03-18,en,2026-03-19 04:35:25.704017+00:00
Trump says the U.S will retaliate if Iran attacks Qatar again,news18.com,news18.com,https://www.news18.com/agency-feeds/trump-says-the-u-s-will-retaliate-if-iran-attacks-qatar-again-9985411.html,2026-03-19,en,2026-03-19 04:21:09.512673+00:00
"Did You Tell Trump?': Sen. King Clashes With Gabbard, Ratcliffe On Iran War Intel",indiatimes.com,indiatimes.com,https://timesofindia.indiatimes.com/videos/international/did-you-tell-trump-sen-king-clashes-with-gabbard-ratcliffe-on-iran-war-intel-watch/videoshow/129668283.cms,2026-03-18,en,2026-03-19 03:46:41.186597+00:00
"'DARE NOT INTERVENE...': Iran Issues DIRECT WARNING TO US' Arab Ally, Signals 'DEADLY STRIKES'",indiatimes.com,indiatimes.com,https://timesofindia.indiatimes.com/videos/international/dare-not-intervene-iran-issues-direct-warning-to-us-arab-ally-signals-deadly-strikes/videoshow/129668346.cms,2026-03-19,en,2026-03-19 03:44:15.298761+00:00
"'Trump Selling Security Briefings?': Sen Kelly Throws Gabbard Off Guard, Cites 'Private Email'",indiatimes.com,indiatimes.com,https://timesofindia.indiatimes.com/videos/international/trump-selling-security-briefings-sen-kelly-throws-gabbard-off-guard-cites-private-email/videoshow/129668306.cms,2026-03-18,en,2026-03-19 03:40:52.354406+00:00
"Iran Attacks Ras Laffan, Home To Worldâs Largest LNG Facility",indiatimes.com,indiatimes.com,https://timesofindia.indiatimes.com/videos/international/iran-attacks-ras-laffan-home-to-worlds-largest-lng-facility-gas-plant-damaged/videoshow/129668261.cms,2026-03-18,en,2026-03-19 03:39:32.311905+00:00
Live updates: Iranâs intelligence minister killed by Israel; U.S. unleashes bunker busters,nbcnews.com,nbcnews.com,https://www.nbcnews.com/world/iran/live-blog/live-updates-iran-war-bunker-busters-israel-beirut-lebanon-hezbollah-rcna264012,2026-03-18,en,2026-03-19 03:31:36.782729+00:00
Israel says it eliminated Iranian intelligence chief; Tehran launches new attacks,scrippsnews.com,scrippsnews.com,https://www.scrippsnews.com/us-news/iran-war/israel-says-it-eliminated-iranian-intelligence-chief-tehran-launches-new-attacks,2026-03-18,en,2026-03-19 03:25:33.107301+00:00
Iranian cluster-style missile kills migrant worker in central Israel,ynetnews.com,ynetnews.com,https://www.ynetnews.com/article/bj11wlddqzg,2026-03-18,en,2026-03-19 03:19:55.935734+00:00
Report: US pushes Israel toward talks as Lebanon teeters on collapse,ynetnews.com,ynetnews.com,https://www.ynetnews.com/article/s13p0ddcwx,2026-03-18,en,2026-03-19 03:19:32.497423+00:00
Migrants in Lebanon displaced again as Mideast conflict escalates,pbs.org,pbs.org,https://www.pbs.org/newshour/show/migrants-in-lebanon-displaced-again-as-mideast-conflict-escalates,2026-03-18,en,2026-03-19 03:17:20.568956+00:00
"Iran war live: Qatar, Saudi energy sites attacked; Riyadh says trust gone",grenadachronicle.com,grenadachronicle.com,https://grenadachronicle.com/iran-war-live-qatar-saudi-energy-sites-attacked-riyadh-says-trust-gone/,2026-03-18,en,2026-03-19 02:29:41.734821+00:00
Iran targets Gulf energy sites after gas field strike,manilatimes.net,manilatimes.net,https://www.manilatimes.net/2026/03/19/world/americas-emea/iran-targets-gulf-energy-sites-after-gas-field-strike/2303322,2026-03-19,en,2026-03-19 02:28:07.844884+00:00
"Strikes hit world's largest natural gas field in Iran, and Tehran retaliates with more attacks as West Asia war continues",indiatimes.com,indiatimes.com,https://economictimes.indiatimes.com/news/defence/strikes-hit-worlds-largest-natural-gas-field-south-pars-in-iran-and-tehran-retaliates-with-more-attacks-as-west-asia-war-continues/articleshow/129668602.cms,2026-03-19,en,2026-03-19 02:20:28.003865+00:00
Iran targets Gulf energy sites after gas field strike,yahoo.com,yahoo.com,https://sg.finance.yahoo.com/news/iran-targets-gulf-energy-sites-003959058.html,2026-03-19,en,2026-03-19 02:19:29.737065+00:00
Both Sides in Iran War Ratchet Up Attacks on Energy Facilities; Oil Prices Keep Surging,newsmax.com,newsmax.com,https://www.newsmax.com/finance/streettalk/iran-iraq-us-israel-trump-march-18-2026/2026/03/18/id/1249968/,2026-03-18,en,2026-03-19 01:36:00.845886+00:00
"Iran War Enters Day 19: Beirut Bombed, Missiles Hit Near Tel Aviv",novinite.com,novinite.com,https://www.novinite.com/view_news.php?id=237553,2026-03-18,en,2026-03-19 01:35:39.931060+00:00
What are Iran’s options as war goes on?,stluciachronicle.com,stluciachronicle.com,https://stluciachronicle.com/what-are-irans-options-as-war-goes-on/,2026-03-18,en,2026-03-19 01:32:16.703474+00:00
Tehran vows attacks on Gulf oil and gas targets after Israel hits Iranian energy sites,geo.tv,geo.tv,https://www.geo.tv/latest/656324-tehran-vows-attacks-on-gulf-oil-and-gas-targets-after-israel-hits-iranian-energy-sites,2026-03-19,en,2026-03-19 01:30:16.119440+00:00
"Iran hits Qatar energy hub, targets Saudi Arabia, after huge gas field struck",rappler.com,rappler.com,https://www.rappler.com/philippines/iran-hits-qatar-energy-hub-targets-saudi-arabia-march-18-2026/,2026-03-18,en,2026-03-19 01:24:38.859616+00:00
"Both sides in Iran war ratchet up attacks on energy facilities, as oil prices surge",cnc3.co.tt,cnc3.co.tt,https://www.cnc3.co.tt/both-sides-in-iran-war-ratchet-up-attacks-on-energy-facilities-as-oil-prices-surge/?utm_source=rss&utm_medium=rss&utm_campaign=both-sides-in-iran-war-ratchet-up-attacks-on-energy-facilities-as-oil-prices-surge,2026-03-18,en,2026-03-19 00:48:38.944744+00:00
"Both sides in Iran war ratchet up attacks on energy facilities, as oil prices surge",trinidadtribune.com,trinidadtribune.com,https://trinidadtribune.com/both-sides-in-iran-war-ratchet-up-attacks-on-energy-facilities-as-oil-prices-surge/,2026-03-18,en,2026-03-19 00:45:26.209472+00:00
"Iran War Day 19 Live News: Israel kills Iran’s Intelligence Minister Khatib, missile attacks escalate, regional energy facilities hit",indiatimes.com,indiatimes.com,https://economictimes.indiatimes.com/news/defence/escalation-in-us-israel-war-on-iran-intelligence-minister-assassinated-regional-energy-facilities-hit/articleshow/129646144.cms,2026-03-18,en,2026-03-19 00:42:32.486192+00:00
EU calls on Israel to stop Lebanon operations,dawn.com,dawn.com,https://www.dawn.com/news/1983505/eu-calls-on-israel-to-stop-lebanon-operations,2026-03-19,en,2026-03-19 00:36:19.601048+00:00
Hezbollah Unleashes New Operation 'KHYBER 1' Against Israel; Dozens Of Rockets Hit Northern Towns,indiatimes.com,indiatimes.com,https://timesofindia.indiatimes.com/videos/international/hezbollah-unleashes-new-operation-khyber-1-against-israel-dozens-of-rockets-hit-northern-towns/videoshow/129665607.cms,2026-03-19,en,2026-03-19 00:30:35.978906+00:00
"Iran Balas Serangan Israel, Ketegangan Timur Tengah Memuncak",dw.com,dw.com,https://www.dw.com/id/iran-balas-serangan-israel-ketegangan-timur-tengah-memuncak/a-76407024?maca=ind-rss-ind-all-1487-rdf,2026-03-18,id,2026-03-18 23:44:24.747405+00:00
"Israel strikes Beirut, destroys southern bridges",manilatimes.net,manilatimes.net,https://www.manilatimes.net/2026/03/19/world/israel-strikes-beirut-destroys-southern-bridges/2303247,2026-03-19,en,2026-03-18 23:40:10.014889+00:00
"Israel steps up Beirut strikes, hits bridges in south Lebanon",japantoday.com,japantoday.com,https://japantoday.com/category/world/israel-steps-up-beirut-strikes-hits-bridges-in-south-lebanon1,2026-03-19,en,2026-03-18 23:38:40.181895+00:00
"Iran hits Qatar refinery, targets Saudi Arabia, after huge gas field struck",japantoday.com,japantoday.com,https://japantoday.com/category/world/iran-hits-qatar-refinery-targets-saudi-arabia-after-huge-gas-field-struck,2026-03-19,en,2026-03-18 23:37:38.021675+00:00
IDF kills Imam Hussein Division Commander within week of killing his predecessor,jpost.com,jpost.com,https://www.jpost.com/israel-news/defense-news/article-890451,2026-03-18,en,2026-03-18 23:28:39.447649+00:00
"Both Sides In Iran War Ratchet Up Attacks On Energy Facilities, As Oil Prices Surge",huffpost.com,huffpost.com,https://www.huffpost.com/entry/israel-says-it-killed-esmail-khatib-iran_n_69ba8226e4b09c2b7ebf9684,2026-03-18,en,2026-03-18 23:22:40.954461+00:00
"At 17:15 on Wednesday, 18/03/2026, Islamic Resistance fighters targeted a gathering of Israeli enemy army soldiers at the Marj site off the border town of Markaba for the second time with a squadron of attack drones: statement 33",almanar.com.lb,almanar.com.lb,https://english.almanar.com.lb/article/39247/,2026-03-19,en,2026-03-18 23:19:17.531864+00:00
"At 06:00 on Wednesday, 18/03/2026, Islamic Resistance fighters targeted a gathering of Israeli enemy army soldiers at the Marj site off the border town of Markaba with a squadron of attack drones: statement 32",almanar.com.lb,almanar.com.lb,https://english.almanar.com.lb/article/39237/,2026-03-19,la,2026-03-18 23:19:11.742305+00:00
"At 21:10 on Wednesday, 18/03/2026, Islamic Resistance fighters targeted a gathering of Israeli enemy army soldiers in the Kiryat Shmona settlement for the second time with a rocket barrage: statement 23",almanar.com.lb,almanar.com.lb,https://english.almanar.com.lb/article/39142/,2026-03-19,la,2026-03-18 23:18:58.673269+00:00
"At 22:00 on Wednesday, March 18, 2026, Islamic Resistance fighters targeted an artillery emplacement in the settlement of Al-Menara with a rocket barrage: statement 29",almanar.com.lb,almanar.com.lb,https://english.almanar.com.lb/article/39192/,2026-03-19,la,2026-03-18 23:18:50.928559+00:00
"At 23:15 on Wednesday, 18/03/2026, Islamic Resistance fighters targeted a gathering of Israeli enemy army soldiers east of the border town of Rab Al-Thalathin with a rocket barrage: statement 31",almanar.com.lb,almanar.com.lb,https://english.almanar.com.lb/article/39217/,2026-03-19,la,2026-03-18 23:18:21.535196+00:00
Is Israel trying to make Iran a failed state?,abc.net.au,abc.net.au,https://www.abc.net.au/listen/programs/abc-news-daily/is-israel-trying-to-make-iran-a-failed-state/106470142,2026-03-18,en,2026-03-18 23:18:15.038927+00:00
"At 22:00 on Wednesday, 18/03/2026, Islamic Resistance fighters targeted a gathering of Israeli enemy army soldiers in the Kfar Giladi settlement with a rocket barrage",almanar.com.lb,almanar.com.lb,https://english.almanar.com.lb/article/39162/,2026-03-19,la,2026-03-18 23:17:55.729828+00:00
"At 22:00 on Wednesday, 18/03/2026, Islamic Resistance fighters targeted a gathering of Israeli enemy army soldiers north of the Taybeh project for the fourth time with a rocket barrage: statement 28",almanar.com.lb,almanar.com.lb,https://english.almanar.com.lb/article/39182/,2026-03-19,la,2026-03-18 23:17:49.617451+00:00
"At 21:10 on Wednesday, 18/03/2026, Islamic Resistance fighters targeted a gathering of Israeli enemy army soldiers in the Taybeh project area for the second time with a rocket barrage: statement 24",almanar.com.lb,almanar.com.lb,https://english.almanar.com.lb/article/39152/,2026-03-19,la,2026-03-18 23:17:43.619838+00:00
"As part of the warning issued by the Islamic Resistance to a number of settlements in northern occupied Palestine, at 23:00 on Wednesday, March 18, 2026, Islamic Resistance fighters targeted the Dishon settlement with a rocket barrage: statement 30",almanar.com.lb,almanar.com.lb,https://english.almanar.com.lb/article/39207/,2026-03-19,en,2026-03-18 23:17:38.334984+00:00
"At 22:00 on Wednesday, 18/03/2026, Islamic Resistance fighters targeted a gathering of Israeli enemy army soldiers in the Al-Zaqqaq neighborhood of the border town of Aitaroun with artillery shells: statement 27",almanar.com.lb,almanar.com.lb,https://english.almanar.com.lb/article/39172/,2026-03-19,la,2026-03-18 23:17:33.447695+00:00
"Iran hits Qatar energy hub, targets Saudi Arabia, after huge Pars gas field struck",straitstimes.com,straitstimes.com,https://www.straitstimes.com/world/middle-east/iran-threatens-energy-targets-throughout-gulf-after-huge-pars-gas-field-is-struck,2026-03-19,en,2026-03-18 22:42:51.239124+00:00
Expanded Israeli evacuation order creating ghost towns in southern Lebanon,theglobeandmail.com,theglobeandmail.com,https://www.theglobeandmail.com/world/article-south-lebanon-evacuation-order-middle-east-war/,2026-03-18,en,2026-03-18 22:36:29.892448+00:00
"Gideon Saar à Jean-Noël Barrot : ""Nous voulons la paix avec le Liban"", mais ...",timesofisrael.com,timesofisrael.com,https://fr.timesofisrael.com/gideon-saar-a-jean-noel-barrot-nous-voulons-la-paix-avec-le-liban-mais/,2026-03-18,fr,2026-03-18 22:33:06.714838+00:00
Regional energy under fire as Israel expands Iran attacks,newsweek.com,newsweek.com,https://www.newsweek.com/israel-iran-war-gulf-energy-attacks-oil-prices-surge-11700194,2026-03-18,en,2026-03-18 22:32:41.135405+00:00
Both sides in Iran war ratchet up attacks as oil prices surge,pbs.org,pbs.org,https://www.pbs.org/newshour/world/both-sides-in-iran-war-ratchet-up-attacks-as-oil-prices-surge,2026-03-18,en,2026-03-18 22:31:38.037248+00:00
"Israel steps up Beirut strikes, hits bridges in south Lebanon",gmanetwork.com,gmanetwork.com,https://www.gmanetwork.com/news/topstories/world/980563/israel-beirut-strikes-hits-bridges/story/,2026-03-19,en,2026-03-18 22:30:22.402734+00:00
Israel Announces 'Ground Operations' in Lebanon as 1 Million+ Displaced,breitbart.com,breitbart.com,https://www.breitbart.com/national-security/2026/03/18/israel-announces-ground-operations-in-lebanon-as-1-million-displaced/,2026-03-18,en,2026-03-18 22:28:15.659344+00:00
Israel kills at least 12 in central Beirut in ramped up airstrikes,dailysabah.com,dailysabah.com,https://www.dailysabah.com/world/mid-east/israel-kills-at-least-12-in-central-beirut-in-ramped-up-airstrikes,2026-03-18,en,2026-03-18 22:26:27.927199+00:00
Kuuawa Ali Larijani: Mbunifu wa itikadi na usalama wa Iran,bbc.com,bbc.com,https://www.bbc.com/swahili/articles/cqlgl27lq05o?at_medium=RSS&at_campaign=rss,2026-03-18,sw,2026-03-18 22:20:34.280691+00:00
"What you need to know about Iran today, with Matthew Doran",abc.net.au,abc.net.au,https://www.abc.net.au/news/2026-03-19/iran-israel-war-daily-news-briefing/106446786,2026-03-19,en,2026-03-18 21:46:53.390125+00:00
Israel bombs the heart of the Lebanese capital,bbc.co.uk,bbc.co.uk,https://www.bbc.co.uk/programmes/w172zssmt5p5h8g,2026-03-18,en,2026-03-18 21:46:37.045849+00:00
"Israel doubles troops in Hezbollah fight, searches homes in south Lebanon",thehindu.com,thehindu.com,https://www.thehindu.com/news/international/israel-doubles-troops-in-hezbollah-fight-searches-homes-in-south-lebanon/article70759431.ece,2026-03-19,en,2026-03-18 21:45:50.636589+00:00
"Israel Doubles Troops in Hezbollah Fight, Searches Homes in South Lebanon",usnews.com,usnews.com,https://www.usnews.com/news/world/articles/2026-03-18/israel-doubles-troops-in-hezbollah-fight-searches-homes-in-south-lebanon,2026-03-18,en,2026-03-18 21:41:08.197189+00:00
Iran targets Gulf energy sites after intelligence chief's killing,timesofmalta.com,timesofmalta.com,https://timesofmalta.com/article/iran-targets-gulf-energy-sites-intelligence-chief-killing.1125688,2026-03-18,en,2026-03-18 21:40:37.201422+00:00
"At 21:00 on Wednesday, March 18, 2026, Islamic Resistance fighters targeted a gathering of Israeli enemy army soldiers in the settlement of Kiryat Shmona with a rocket barrage: statement 22",almanar.com.lb,almanar.com.lb,https://english.almanar.com.lb/article/39132/,2026-03-18,la,2026-03-18 21:40:27.192160+00:00
Israel destroys river bridges in southern Lebanon,bbc.com,bbc.com,https://www.bbc.com/news/articles/cvg8g98ezmzo?at_medium=RSS&at_campaign=rss,2026-03-18,en,2026-03-18 21:31:30.689613+00:00
What to know about the resurgent war between Israel and Hezbollah in Lebanon,thestar.com,thestar.com,https://www.thestar.com/news/world/middle-east/what-to-know-about-the-resurgent-war-between-israel-and-hezbollah-in-lebanon/article_a47844d9-ff42-5c99-abf3-8c2b75014d6b.html,2026-03-18,en,2026-03-18 21:24:13.750350+00:00
What to know about the resurgent war between Israel and Hezbollah in Lebanon,independent.co.uk,independent.co.uk,https://www.independent.co.uk/news/israel-hezbollah-ayatollah-ali-khamenei-beirut-syria-b2941334.html,2026-03-18,en,2026-03-18 21:23:48.573841+00:00
Strikes on energy sites drive oil spike in Iran war,manilatimes.net,manilatimes.net,https://www.manilatimes.net/2026/03/19/world/strikes-on-energy-sites-drive-oil-spike-in-iran-war/2303178,2026-03-19,en,2026-03-18 21:20:19.769311+00:00
Iran's huge Gulf gas field is struck in major escalation,channelnewsasia.com,channelnewsasia.com,https://www.channelnewsasia.com/world/israel-says-kills-iranian-minister-military-hit-any-official-6000676,2026-03-18,en,2026-03-18 21:18:51.074856+00:00
Deadly Israeli strikes hit central Beirut,bbc.co.uk,bbc.co.uk,https://www.bbc.co.uk/programmes/p0n77nj0,2026-03-18,en,2026-03-18 21:17:12.658667+00:00
Israel strikes Iran’s South Pars gas field hours after forces kill intelligence minister,theguardian.com,theguardian.com,https://www.theguardian.com/world/2026/mar/18/iran-intelligence-minister-esmail-khatib-killed-israel-claims,2026-03-18,en,2026-03-18 20:53:30.437602+00:00
"Israel says Iran intel chief is dead, tells military to hunt down officials",nzherald.co.nz,nzherald.co.nz,https://www.nzherald.co.nz/world/israel-says-it-has-killed-iran-intel-chief-tells-military-to-hunt-down-officials/5E2N7HF4QFCG7KEX3XO2XCUBII/,2026-03-18,en,2026-03-18 20:44:44.600188+00:00
"Israel doubles troops in Hezbollah fight, searches homes in south Lebanon",straitstimes.com,straitstimes.com,https://www.straitstimes.com/world/middle-east/israel-doubles-troops-in-hezbollah-fight-searches-homes-in-south-lebanon,2026-03-19,en,2026-03-18 20:36:00.440389+00:00
Iran threatens Gulf energy targets after huge gas field is struck,gmanetwork.com,gmanetwork.com,https://www.gmanetwork.com/news/topstories/world/980556/iran-threat-after-huge-gas-field-is-struck/story/,2026-03-19,en,2026-03-18 20:33:50.717240+00:00
"As part of the warning issued by the Islamic Resistance to the settlement of Nahariya in northern occupied Palestine, Islamic Resistance fighters targeted it at 8:30 PM on Wednesday, March 18, 2026, with a rocket barrage: Statement 19",almanar.com.lb,almanar.com.lb,https://english.almanar.com.lb/article/39102/,2026-03-18,en,2026-03-18 20:31:36.271594+00:00
"At 20:30 on Wednesday, March 18, 2026, Islamic Resistance fighters targeted the Yodifat military industries company northeast of the occupied city of Haifa with a rocket barrage: statement 20",almanar.com.lb,almanar.com.lb,https://english.almanar.com.lb/article/39112/,2026-03-18,la,2026-03-18 20:31:13.061797+00:00
EU weighs options as Israel threatens Lebanon offensive,dw.com,dw.com,https://www.dw.com/en/eu-weighs-options-as-israel-threatens-lebanon-offensive/a-76413367?maca=en-rss-en-top-1022-xml-atom,2026-03-18,en,2026-03-18 20:30:43.627766+00:00
Will Lebanon survive an operation to remove Hezbollah?,newsweek.com,newsweek.com,https://www.newsweek.com/will-lebanon-survive-operation-remove-hezbollah-11686699,2026-03-18,en,2026-03-18 20:30:10.406880+00:00
Iran war: New head Khamenei vows to avenge Larijani killing,dw.com,dw.com,https://www.dw.com/en/iran-war-new-head-khamenei-vows-to-avenge-larijani-killing/live-76402968?maca=en-rss-en-top-1022-xml-atom,2026-03-18,en,2026-03-18 20:28:52.745740+00:00
EU weighs options as Israel threatens Lebanon offensive,dw.com,dw.com,https://www.dw.com/en/eu-weighs-options-as-israel-threatens-lebanon-offensive/a-76413367?maca=en-rss-en-all-1573-xml-atom,2026-03-18,en,2026-03-18 20:28:27.484262+00:00
Iran war: New head Khamenei vows to avenge Larijani killing,dw.com,dw.com,https://www.dw.com/en/iran-war-new-head-khamenei-vows-to-avenge-larijani-killing/live-76402968?maca=en-rss-en-all-1573-xml-atom,2026-03-18,en,2026-03-18 20:27:34.809834+00:00
"Government finalising 'appropriate intervention' to rising fuel and energy prices, says Tánaiste",independent.ie,independent.ie,https://www.independent.ie/world-news/middle-east/government-finalising-appropriate-intervention-to-rising-fuel-and-energy-prices-says-tanaiste/a42214499.html,2026-03-18,en,2026-03-18 20:27:15.039795+00:00
IDF Strikes Litani River Crossings in South Lebanon; Health Officials Say 20 Lebanese Killed,haaretz.com,haaretz.com,https://www.haaretz.com/middle-east-news/2026-03-18/ty-article/.premium/idf-strikes-litani-river-crossings-in-lebanon-health-ministry-20-people-killed/0000019d-0191-da5c-a3bd-0f933ebb0000,2026-03-18,en,2026-03-18 20:21:21.422211+00:00
"Israeli airstrikes kill at least 12 in central Beirut, Lebanese authorities say",cbc.ca,cbc.ca,https://www.cbc.ca/news/world/israel-airstrikes-beirut-iran-9.7132819?cmp=rss,2026-03-18,en,2026-03-18 20:19:52.055415+00:00
Irans huge Gulf gas field is struck in major escalation,adaderana.lk,adaderana.lk,http://www.adaderana.lk/news.php?nid=119924,2026-03-19,en,2026-03-18 19:34:29.919124+00:00
"At 15:00 on Wednesday, 18/03/2026, the Islamic Resistance fighters targeted the Misgav Am site off the border town of Al-Adaisseh with a rocket salvo: statement 16",almanar.com.lb,almanar.com.lb,https://english.almanar.com.lb/article/39052/,2026-03-18,la,2026-03-18 19:33:02.460398+00:00
"At 16:30 on Wednesday, 18/03/2026, the Mujahideen of the Islamic Resistance targeted the Yoav barracks in the occupied Syrian Golan with a squadron of attack drones: statement 14",almanar.com.lb,almanar.com.lb,https://english.almanar.com.lb/article/39032/,2026-03-18,la,2026-03-18 19:32:12.717622+00:00
"At 2:00 PM on Wednesday, March 18, 2026, Islamic Resistance fighters shot down an Israeli enemy army glider over the town of Marwaniyeh in southern Lebanon using appropriate weapons: statement 11",almanar.com.lb,almanar.com.lb,https://english.almanar.com.lb/article/38992/,2026-03-18,la,2026-03-18 19:32:07.441768+00:00
Loud explosions rock Tel Aviv after heavy missile fire from Lebanon: Al-Manar reporter,almanar.com.lb,almanar.com.lb,https://english.almanar.com.lb/article/39092/,2026-03-18,la,2026-03-18 19:31:54.961513+00:00
"At 16:30 on Wednesday, 18/03/2026, Islamic Resistance fighters targeted a gathering of Israeli enemy army soldiers in the Kiryat Shmona settlement with a squadron of attack drones: statement 13",almanar.com.lb,almanar.com.lb,https://english.almanar.com.lb/article/39012/,2026-03-18,la,2026-03-18 19:31:45.717163+00:00
"At 18:30 on Wednesday, 18/03/2026, Islamic Resistance fighters targeted a gathering of Israeli enemy army vehicles north of the Taybeh project area with a rocket barrage: statement 18",almanar.com.lb,almanar.com.lb,https://english.almanar.com.lb/article/39072/,2026-03-18,la,2026-03-18 19:31:15.418587+00:00
"At 14:00 on Wednesday, March 18, 2026, Islamic Resistance fighters targeted the Marj site off the border town of Markaba with a rocket barrage: statement 15",almanar.com.lb,almanar.com.lb,https://english.almanar.com.lb/article/39042/,2026-03-18,la,2026-03-18 19:31:11.436255+00:00
"At 17:40 on Wednesday, 18/03/2026, the Islamic Resistance fighters targeted the Al-Raheb site off the border town of Aita al-Shaab with a squadron of attack drones: statement 17",almanar.com.lb,almanar.com.lb,https://english.almanar.com.lb/article/39062/,2026-03-18,la,2026-03-18 19:31:05.709923+00:00
"At 16:30 on Wednesday, 18/03/2026, Islamic Resistance fighters targeted the Ein Zeitim base north of the occupied city of Safed with a squadron of attack drones: statement 12",almanar.com.lb,almanar.com.lb,https://english.almanar.com.lb/article/39002/,2026-03-18,la,2026-03-18 19:31:01.554822+00:00
US–Iran–Israel war updates Day 18: Missile chaos in Tel Aviv caught on video; Saudi Arabia calls urgent Riyadh meet amid escalation,ibtimes.co.in,ibtimes.co.in,https://www.ibtimes.co.in/usiranisrael-war-updates-day-18-missile-chaos-tel-aviv-caught-video-saudi-arabia-calls-899548,2026-03-18,en,2026-03-18 19:21:37.674820+00:00
Iran ta zafafa hare-hare bayan kashe Ali Larijani,dw.com,dw.com,https://www.dw.com/ha/iran-ta-zafafa-hare-hare-bayan-kashe-ali-larijani/a-76404952?maca=hau-rss-hau-nr-5301-rdf,2026-03-18,ms,2026-03-18 19:17:08.467071+00:00
Pope Leo XIV blesses a child while greeting cheering crowds from his popemobile,dailymaverick.co.za,dailymaverick.co.za,https://www.dailymaverick.co.za/article/2026-03-18-pope-leo-xiv-blesses-a-child-while-greeting-cheering-crowds-from-his-popemobile/,2026-03-18,en,2026-03-18 18:46:31.229165+00:00
Airlines cancel more flights as Middle East conflict escalates,manilatimes.net,manilatimes.net,https://www.manilatimes.net/2026/03/19/business/foreign-business/airlines-cancel-more-flights-as-middle-east-conflict-escalates/2303031,2026-03-19,en,2026-03-18 18:38:21.969362+00:00
Israeli assassination machine spreads destruction in Beirut,socialistworker.co.uk,socialistworker.co.uk,https://socialistworker.co.uk/palestine-2023/israel-assasination-macgine-spreads-destruction-beirut-lebanon/,2026-03-18,en,2026-03-18 18:38:18.968702+00:00
"Israel doubles troops in Hezbollah fight, searches homes in south Lebanon",reuters.com,reuters.com,https://www.reuters.com/world/middle-east/israel-doubles-troops-hezbollah-fight-searches-homes-south-lebanon-2026-03-18/,2026-03-18,en,2026-03-18 18:27:02.889064+00:00
Israel kills another top Iranian official as energy facilities targeted,9news.com.au,9news.com.au,https://www.9news.com.au/world/us-israel-attack-iran-israel-claims-another-top-iranian-official-killed-while-irans-attacks-kill-2-near-tel-aviv/9b8d82f7-f833-4b88-8d09-215952e91ac2,2026-03-18,en,2026-03-18 18:26:27.098893+00:00
"Heavy Fighting Expands Across Southern Lebanon, Israel to Attack Bridges Over Litani River",antiwar.com,antiwar.com,https://news.antiwar.com/2026/03/18/heavy-fighting-expands-across-southern-lebanon-israel-to-attack-bridges-over-litani-river/?utm_source=rss&utm_medium=rss&utm_campaign=heavy-fighting-expands-across-southern-lebanon-israel-to-attack-bridges-over-litani-river,2026-03-18,en,2026-03-18 18:25:24.318753+00:00
"US-Iran war Day 19 highlights: Mojtaba Khamenei releases rare revenge message, strikes hit airports and energy sites",indiatimes.com,indiatimes.com,https://timesofindia.indiatimes.com/world/middle-east/us-iran-war-day-19-highlights-mojtaba-khamenei-releases-rare-revenge-message-strikes-hit-airports-and-energy-sites/articleshow/129661752.cms,2026-03-18,en,2026-03-18 18:24:29.679365+00:00
"At 16:15 on Wednesday, 18/03/2026, Islamic Resistance fighters targeted a gathering of Israeli enemy army soldiers in the Kiryat Shmona settlement with a swarm of attack drones: statement 8",almanar.com.lb,almanar.com.lb,https://english.almanar.com.lb/article/38942/,2026-03-18,la,2026-03-18 18:24:23.208687+00:00
"At 17:30 on Wednesday, March 18, 2026, Islamic Resistance fighters targeted a gathering of Israeli enemy army soldiers in the Al-Awida hill in the border town of Al-Adisa with a rocket barrage: statement 9",almanar.com.lb,almanar.com.lb,https://english.almanar.com.lb/article/38952/,2026-03-18,la,2026-03-18 18:24:09.789043+00:00
"At 10:00 on Wednesday, March 18, 2026, Islamic Resistance fighters targeted a gathering of Israeli occupation soldiers in the settlement of Shomera with a rocket barrage: statement 7",almanar.com.lb,almanar.com.lb,https://english.almanar.com.lb/article/38932/,2026-03-18,la,2026-03-18 18:23:58.467210+00:00
Lebanese Ministry of Health updates the toll of the ongoing Israeli aggression: 968 martyrs and 2432 injuries,almanar.com.lb,almanar.com.lb,https://english.almanar.com.lb/article/38972/,2026-03-18,la,2026-03-18 18:23:52.900368+00:00
"At 17:30 on Wednesday, March 18, 2026, Islamic Resistance fighters targeted a force of Israeli enemy soldiers attempting to advance towards the town of Taybeh with a barrage of rockets: statement 10",almanar.com.lb,almanar.com.lb,https://english.almanar.com.lb/article/38962/,2026-03-18,la,2026-03-18 18:23:32.000487+00:00
ON CAM: Israeli strikes level Beirut building in seconds in ground ops; 80 Hezbollah sites DESTROYED,indiatimes.com,indiatimes.com,https://economictimes.indiatimes.com/news/videos/on-cam-israeli-strikes-level-beirut-building-in-seconds-in-ground-ops-80-hezbollah-sites-destroyed/videoshow/129660460.cms,2026-03-18,en,2026-03-18 18:22:23.776541+00:00
Destination war zone: How Lebanon's only international airport stays open amid Israeli strikes,nbcnews.com,nbcnews.com,https://www.nbcnews.com/world/lebanon/iran-war-israel-us-lebanon-beirut-airport-hezbollah-strikes-rcna264050,2026-03-18,en,2026-03-18 18:18:47.386364+00:00
UAE May Join US-Led Effort to Secure Strait of Hormuz Amid Iran Tensions,news18.com,news18.com,https://www.news18.com/world/uae-could-join-us-led-effort-to-protect-ships-in-strait-of-hormuz-9985074.html,2026-03-18,en,2026-03-18 17:44:34.769233+00:00
"Israel says Iran intel chief killed, tells military to hunt down officials",straitstimes.com,straitstimes.com,https://www.straitstimes.com/world/middle-east/israel-says-military-authorised-to-kill-any-high-ranking-iranian-official-in-its-sights,2026-03-18,en,2026-03-18 17:44:25.821800+00:00
"Israel struck two bridges over Lebanon's Litani River, defence minister says",reuters.com,reuters.com,https://www.reuters.com/world/middle-east/israel-struck-two-bridges-over-lebanons-litani-river-defence-minister-says-2026-03-18/,2026-03-18,en,2026-03-18 17:38:40.774465+00:00
Israelis Had Just Returned to This Northern Town After the Last War. Now Rockets Are Flying Again,usnews.com,usnews.com,https://www.usnews.com/news/world/articles/2026-03-18/israelis-had-just-returned-to-this-northern-town-after-the-last-war-now-rockets-are-flying-again,2026-03-18,en,2026-03-18 17:36:39.478537+00:00
"Report: Netanyahu offered a ceasefire, Hezbollah responded with shelling operation",naharnet.com,naharnet.com,https://www.naharnet.com/stories/en/319049-report-netanyahu-offered-a-ceasefire-hezbollah-responded-with-shelling-operation,2026-03-18,en,2026-03-18 17:35:27.416894+00:00
The Latest: Iran confirms killing of intelligence minister as Israel keeps targeting leaders,thestar.com,thestar.com,https://www.thestar.com/news/world/united-states/the-latest-iran-confirms-killing-of-intelligence-minister-as-israel-keeps-targeting-leaders/article_c08d74ed-f166-58e4-ad98-46e90addfac9.html,2026-03-18,en,2026-03-18 17:34:03.736880+00:00
"Both sides in Iran war ratchet up attacks on energy facilities, as oil prices surge",thestar.com,thestar.com,https://www.thestar.com/news/world/both-sides-in-iran-war-ratchet-up-attacks-on-energy-facilities-as-oil-prices-surge/article_3685be70-6889-5f8d-9b48-0d1d57b509fb.html,2026-03-18,en,2026-03-18 17:33:35.131876+00:00
Israeli airstrikes hit near Lebanon's southern Litani River,aa.com.tr,aa.com.tr,https://www.aa.com.tr/en/middle-east/israeli-airstrikes-hit-near-lebanons-southern-litani-river/3870175,2026-03-18,en,2026-03-18 17:31:17.024065+00:00
How Hezbollah’s new tactics make its rockets harder to track and its Radwan unit more elusive,ynetnews.com,ynetnews.com,https://www.ynetnews.com/article/sjxvprdc11x,2026-03-18,en,2026-03-18 17:25:36.833664+00:00
'The price we paid was not enough?': Hezbollah’s core Shiite supporters turn bitter on war,ynetnews.com,ynetnews.com,https://www.ynetnews.com/article/s16qurocbl,2026-03-18,en,2026-03-18 17:25:04.956916+00:00
"Katz confirms Iran intelligence chief killed, warns 'significant surprises expected across all fronts'",ynetnews.com,ynetnews.com,https://www.ynetnews.com/article/synoz1d9be,2026-03-18,en,2026-03-18 17:24:45.439571+00:00
"IDF expands operations in Lebanon: Terrorists arrive armed with RPGs, are eliminated",ynetnews.com,ynetnews.com,https://www.ynetnews.com/article/bjhf411u9zg,2026-03-18,en,2026-03-18 17:24:23.882452+00:00
"IDF strikes Hezbollah financial, military sites; Lebanese authorities report 14 dead",timesofisrael.com,timesofisrael.com,https://www.timesofisrael.com/idf-strikes-hezbollah-financial-military-sites-lebanese-authorities-report-14-dead/,2026-03-18,en,2026-03-18 17:18:20.382144+00:00
Kuuawa Ali Larijani: Mbunifu wa itikadi na usalama wa Iran,bbc.com,bbc.com,https://www.bbc.com/swahili/articles/cqlgl27lq05o,2026-03-18,sw,2026-03-18 17:13:48.011542+00:00
"Israel says killed Iran intel chief, tells military to hunt down officials",enca.com,enca.com,https://www.enca.com/news/israel-says-killed-iran-intel-chief-tells-military-hunt-down-officials,2026-03-18,en,2026-03-18 16:47:42.158092+00:00
"Israeli warplanes raid Khiam town, South Lebanon: Al-Manar reporter",almanar.com.lb,almanar.com.lb,https://english.almanar.com.lb/article/38922/,2026-03-18,la,2026-03-18 16:46:31.023877+00:00
"Iran War Briefing Day 19: Another Iran minister killed, gas fields hit",newsweek.com,newsweek.com,https://www.newsweek.com/iran-war-briefing-day-19-iran-minister-killed-qatar-blasts-strike-11696352,2026-03-18,en,2026-03-18 16:43:23.399401+00:00
"Who are the most senior Hamas, Hezbollah figures left alive?",jpost.com,jpost.com,https://www.jpost.com/middle-east/article-890395,2026-03-18,en,2026-03-18 16:42:19.611295+00:00
Iran war: Iranian intelligence minister killed by airstrike,dw.com,dw.com,https://www.dw.com/en/iran-war-iranian-intelligence-minister-killed-by-airstrike/live-76402968?maca=en-rss-en-top-1022-rdf,2026-03-18,en,2026-03-18 16:41:27.446028+00:00
Israel Says Iran Intelligence Chief Esmail Khatib Killed—Retaliation Threat Raises Stakes,ibtimes.co.uk,ibtimes.co.uk,https://www.ibtimes.co.uk/escalating-tensions-israels-airstrike-irans-intelligence-chief-1786532,2026-03-18,en,2026-03-18 16:35:57.248636+00:00
Global flights disrupted as Iran war shuts key Middle Eastern air hubs,jpost.com,jpost.com,https://www.jpost.com/international/article-890389,2026-03-18,en,2026-03-18 16:31:24.684990+00:00
Israel: Iran Intelligence Chief Esmail Khatib Killed,newsmax.com,newsmax.com,https://www.newsmax.com/newsfront/iran-israel-us/2026/03/18/id/1249894/,2026-03-18,en,2026-03-18 16:30:22.610223+00:00
"Iran regime 'intact,' Tulsi Gabbard says: Live war updates",usatoday.com,usatoday.com,https://www.usatoday.com/live-story/news/world/2026/03/18/iran-war-live-updates-us-israel-trump/89203830007/,2026-03-18,en,2026-03-18 16:27:16.668699+00:00
Israel strikes and destroys building in heart of Beirut,bbc.com,bbc.com,https://www.bbc.com/news/articles/cvg8g98ezmzo,2026-03-18,en,2026-03-18 16:23:10.426391+00:00
Both sides in Iran war ratchet up energy facilities attacks as oil prices surge,irishnews.com,irishnews.com,https://www.irishnews.com/news/world/both-sides-in-iran-war-ratchet-up-energy-facilities-attacks-as-oil-prices-surge-EM6WCGDULJK6VAO73VUVQJKM6E/,2026-03-18,en,2026-03-18 16:20:05.004793+00:00
Israel warns residents in southern Lebanon of imminent strikes on Litani River bridges,aa.com.tr,aa.com.tr,https://www.aa.com.tr/en/middle-east/israel-warns-residents-in-southern-lebanon-of-imminent-strikes-on-litani-river-bridges/3869955,2026-03-18,en,2026-03-18 16:18:16.465177+00:00
At the scene of Israeli strike in the heart of Beirut,bbc.com,bbc.com,https://www.bbc.com/news/videos/cy4w40p93d0o,2026-03-18,en,2026-03-18 16:07:56.725484+00:00
Iran’s huge Gulf gas field is struck in major escalation,gmanetwork.com,gmanetwork.com,https://www.gmanetwork.com/news/topstories/world/980540/iran-s-huge-gulf-gas-field-is-struck-in-major-escalation/story/,2026-03-18,en,2026-03-18 15:48:06.512315+00:00
"Hezbollah’s Islamic Resistance fighters targeted Israeli gatherings in Adaisseh’s Uwaida hill and Khiam border town: Military Media statements no. 5, 6",almanar.com.lb,almanar.com.lb,https://english.almanar.com.lb/article/38867/,2026-03-18,la,2026-03-18 15:43:07.986897+00:00
"Israel says killed Iran intel chief, tells military to hunt down officials",timesofmalta.com,timesofmalta.com,https://timesofmalta.com/article/israel-says-killed-iran-intel-chief-tells-military-hunt-officials.1125665,2026-03-18,en,2026-03-18 15:42:19.612099+00:00
War Diary Day 19: Nuclear shadow deepens as energy war expands,dawn.com,dawn.com,https://www.dawn.com/news/1983431/war-diary-day-19-nuclear-shadow-deepens-as-energy-war-expands,2026-03-18,en,2026-03-18 15:39:16.323519+00:00
US escalates Iran war with terrifying bunker-buster 'Penetrator' bomb missions,mirror.co.uk,mirror.co.uk,https://www.mirror.co.uk/news/world-news/donald-trump-escalates-iran-war-36887283,2026-03-18,en,2026-03-18 15:36:08.937451+00:00
"REPORTAGE Au Liban, les bombardements dictent le rythme du ramadan",reuters.com,reuters.com,https://www.reuters.com/fr/actualites/reportage-au-liban-les-bombardements-dictent-le-rythme-du-ramadan-2026-03-18/,2026-03-18,fr,2026-03-18 15:20:53.534082+00:00
"Israel says Iran intelligence chief killed, orders forces to track down officials",manilatimes.net,manilatimes.net,https://www.manilatimes.net/2026/03/18/world/israel-says-iran-intelligence-chief-killed-orders-forces-to-track-down-officials/2302936,2026-03-18,en,2026-03-18 15:19:56.445905+00:00
"Israeli air raids kill 12, level buildings in Lebanon",punchng.com,punchng.com,https://punchng.com/israeli-air-raids-kill-12-level-buildings-in-lebanon/?utm_source=rss.punchng.com&utm_medium=web,2026-03-18,en,2026-03-18 15:17:36.683132+00:00
Iran threatens attacks on Gulf oil infrastructure as Israel says it's killed another regime official,cbc.ca,cbc.ca,https://www.cbc.ca/news/world/iran-israel-united-states-attacks-9.7132837?cmp=rss,2026-03-18,en,2026-03-18 14:48:46.491048+00:00
"Israeli strikes across Lebanon kill 39, wound 68 amid escalation",aa.com.tr,aa.com.tr,https://www.aa.com.tr/en/middle-east/israeli-strikes-across-lebanon-kill-39-wound-68-amid-escalation/3869664,2026-03-18,en,2026-03-18 14:41:54.206004+00:00
Lebanon’s Information Minister Paul Morcos offers condolences to Al-Manar TV over martyrdom of Director of Political Programs Department Hajj Mohammad Sherri,almanar.com.lb,almanar.com.lb,https://english.almanar.com.lb/article/38847/,2026-03-18,la,2026-03-18 14:41:46.437663+00:00
Al-Manar reporter says Israeli enemy carried out fresh strike on Suhmor town in Western Bekaa,almanar.com.lb,almanar.com.lb,https://english.almanar.com.lb/article/38782/,2026-03-18,la,2026-03-18 14:41:28.142491+00:00
"Hebrew media: Cluster missile impact in Ramat Gan, emergency forces en route to the scene",almanar.com.lb,almanar.com.lb,https://english.almanar.com.lb/article/38857/,2026-03-18,la,2026-03-18 14:40:55.214723+00:00
"Hezbollah: The Israeli enemy persists in its blatant war on humanity, independent media, the voice of resistance, and the pursuit of truth",almanar.com.lb,almanar.com.lb,https://english.almanar.com.lb/article/38817/,2026-03-18,la,2026-03-18 14:40:50.405898+00:00
Hezbollah storngly condemns Israeli crime against Al-Manar’s Director of Political Programs Department Hajj Mohammad Sherri: Media Relations statement,almanar.com.lb,almanar.com.lb,https://english.almanar.com.lb/article/38807/,2026-03-18,la,2026-03-18 14:40:45.487647+00:00
"Lebanese Health Minister Rakan Nasserddine: Death toll of Israeli aggression on Lebanon rises to 957, number of injuries reaches 2,391",almanar.com.lb,almanar.com.lb,https://english.almanar.com.lb/article/38797/,2026-03-18,la,2026-03-18 14:40:32.539166+00:00
Israel Expands Strikes on Central Beirut,nytimes.com,nytimes.com,https://www.nytimes.com/video/world/middleeast/100000010786596/israel-beirut-lebanon-strikes.html,2026-03-18,en,2026-03-18 14:39:12.973179+00:00
Israel strikes central Beirut as war expands,rappler.com,rappler.com,https://www.rappler.com/world/middle-east/israel-strikes-central-beirut-war-expands-march-18-2026/,2026-03-18,en,2026-03-18 14:38:19.538496+00:00
IDF strikes target Hezbollah infrastructure in Lebanon,rediff.com,rediff.com,https://m.rediff.com/news/commentary/2026/mar/18/idf-strikes-target-hezbollah-infrastructure-in-lebanon/88414e7723032832f6fc09d1ae891496,2026-03-18,en,2026-03-18 14:37:14.767757+00:00
Israel destroys over 80 Hezbollah-linked structures,rediff.com,rediff.com,https://m.rediff.com/news/commentary/2026/mar/18/israel-destroys-over-80-hezbollahlinked-structures/7580f6b88852871f246c71ea93f3e61e,2026-03-18,en,2026-03-18 14:36:33.467722+00:00
Israel claims another top Iranian official killed while Iran's attacks kill 2 near Tel Aviv,thehindu.com,thehindu.com,https://www.thehindu.com/news/international/israel-claims-another-top-iranian-official-killed-while-irans-attacks-kill-2-near-tel-aviv/article70758002.ece,2026-03-18,en,2026-03-18 14:33:30.191993+00:00
Latest: Israel says military killed Iranian Intelligence Minister Esmail Khatib,news18.com,news18.com,https://www.news18.com/agency-feeds/latest-israel-says-military-killed-iranian-intelligence-minister-esmail-khatib-9984806.html,2026-03-18,en,2026-03-18 14:28:22.925057+00:00
"Fear in central Beirut as Israel strikes, with and without warning",naharnet.com,naharnet.com,https://www.naharnet.com/stories/en/319038-fear-in-central-beirut-as-israel-strikes-with-and-without-warning,2026-03-18,en,2026-03-18 14:23:33.656826+00:00
Al-Manar journalist and his wife among 12 killed in Israeli strikes on Beirut,naharnet.com,naharnet.com,https://www.naharnet.com/stories/en/319029-al-manar-journalist-and-his-wife-among-12-killed-in-israeli-strikes-on-beirut,2026-03-18,en,2026-03-18 14:23:23.709534+00:00
"As Israel prepares to implement the ‘Gaza model’ in Lebanon, where is the international reaction?",theguardian.com,theguardian.com,https://www.theguardian.com/commentisfree/2026/mar/18/israel-gaza-model-lebanon-international-reaction-sanctions,2026-03-18,en,2026-03-18 14:23:21.999188+00:00
"Israelis had just returned to Kiryat Shmona, now rockets are flying again",naharnet.com,naharnet.com,https://www.naharnet.com/stories/en/319037-israelis-had-just-returned-to-kiryat-shmona-now-rockets-are-flying-again,2026-03-18,en,2026-03-18 14:22:56.677660+00:00
All the airlines cancelling flights to the Middle East amid Iran crisis,independent.co.uk,independent.co.uk,https://www.independent.co.uk/travel/news-and-advice/flights-cancelled-dubai-iran-emirates-airlines-today-b2940898.html,2026-03-18,en,2026-03-18 13:55:25.793090+00:00
Israel claims another top Iranian official killed while Iran’s attacks kill 2 near Tel Aviv,thestar.com,thestar.com,https://www.thestar.com/news/world/middle-east/iran-lashes-out-with-attacks-on-israel-and-gulf-neighbors-as-israel-hits-beirut/article_2aed7311-7917-545e-9917-7a6554439b71.html,2026-03-18,en,2026-03-18 13:46:16.060022+00:00
Israelis had just returned to this northern town after the last war. Now rockets are flying again,thestar.com,thestar.com,https://www.thestar.com/news/world/middle-east/israelis-had-just-returned-to-this-northern-town-after-the-last-war-now-rockets-are-flying-again/article_cea96b2c-65e6-5da1-90dd-7ac0258b79dc.html,2026-03-18,en,2026-03-18 13:46:07.892449+00:00
"Fear in central Beirut as Israel strikes, with and without warning",yahoo.com,yahoo.com,https://sg.news.yahoo.com/fear-central-beirut-israel-strikes-123750649.html,2026-03-18,en,2026-03-18 13:45:37.645096+00:00
"Israel Kills Iran Intel Chief, Esmail Khatib",channelstv.com,channelstv.com,https://www.channelstv.com/2026/03/18/israel-kills-iran-intel-chief-esmail-khatib/,2026-03-18,en,2026-03-18 13:44:10.260422+00:00
Iran 'issues evacuation warnings for energy facilities across Gulf',standard.co.uk,standard.co.uk,https://www.standard.co.uk/news/world/iran-evacuation-orders-gulf-energy-facilities-war-middle-east-b1275404.html,2026-03-18,en,2026-03-18 13:43:39.811007+00:00
Israelis had just returned to this northern town after the last war. Now rockets are flying again,independent.co.uk,independent.co.uk,https://www.independent.co.uk/news/israelis-hezbollah-lebanon-iran-benjamin-netanyahu-b2940945.html,2026-03-18,en,2026-03-18 13:40:13.937162+00:00
Iran lashes out with attacks on Israel and Gulf neighbors,naharnet.com,naharnet.com,https://www.naharnet.com/stories/en/319031-iran-lashes-out-with-attacks-on-israel-and-gulf-neighbors,2026-03-18,en,2026-03-18 13:38:48.023330+00:00
Israel conducts wave of strikes on Beirut,yahoo.com,yahoo.com,https://sg.news.yahoo.com/israel-conducts-wave-strikes-beirut-122109736.html,2026-03-18,en,2026-03-18 13:35:43.923271+00:00
"Lebanese media official, wife killed in Israeli strike in Beirut",aa.com.tr,aa.com.tr,https://www.aa.com.tr/en/middle-east/lebanese-media-official-wife-killed-in-israeli-strike-in-beirut/3869757,2026-03-18,en,2026-03-18 13:31:05.852754+00:00
"Israeli strikes across Lebanon kill 35, wound 61 amid escalation",aa.com.tr,aa.com.tr,https://www.aa.com.tr/en/middle-east/israeli-strikes-across-lebanon-kill-35-wound-61-amid-escalation/3869664,2026-03-18,en,2026-03-18 13:30:33.627531+00:00
Israel claims Iranian intelligence minister killed,irishnews.com,irishnews.com,https://www.irishnews.com/news/world/israel-claims-iranian-intelligence-minister-killed-Y4VMT7WW55K33LGLA3XD3CWBFM/,2026-03-18,en,2026-03-18 13:30:12.799208+00:00
Iran attacks Israel and Gulf neighbours as Israel hits Beirut,irishnews.com,irishnews.com,https://www.irishnews.com/news/world/iran-attacks-israel-and-gulf-neighbours-as-israel-hits-beirut-GB2KJMX7BBMO5CBVRKBDNFQ73Q/,2026-03-18,en,2026-03-18 13:27:57.231498+00:00
"In Lebanon, War Dictates Pace of Ramadan for Displaced Families",usnews.com,usnews.com,https://www.usnews.com/news/world/articles/2026-03-18/in-lebanon-war-dictates-pace-of-ramadan-for-displaced-families,2026-03-18,en,2026-03-18 13:22:40.880598+00:00
France Says It's Unreasonable to Expect Lebanon to Disarm Hezbollah Amid Bombing,usnews.com,usnews.com,https://www.usnews.com/news/world/articles/2026-03-18/france-says-its-unreasonable-to-expect-lebanon-to-disarm-hezbollah-amid-bombing,2026-03-18,en,2026-03-18 13:21:54.609666+00:00
"Gone In 6 Seconds. On Camera, Beirut Building Falls After Israeli Strike",ndtv.com,ndtv.com,https://www.ndtv.com/video/gone-in-6-seconds-on-camera-beirut-building-falls-after-israeli-strike-1073391,2026-03-18,en,2026-03-18 13:17:30.260985+00:00
List of airlines cancelling flights to Middle East,newsweek.com,newsweek.com,https://www.newsweek.com/list-of-airlines-canceling-flights-to-middle-east-11695569,2026-03-18,en,2026-03-18 12:50:23.518268+00:00
Why Israel targets Beirut’s Dahiyeh and what the suburb means to Lebanon,aljazeera.com,aljazeera.com,https://www.aljazeera.com/features/2026/3/18/why-israel-targets-beiruts-dahiyeh-and-what-the-suburb-means-to-lebanon?traffic_source=rss,2026-03-18,en,2026-03-18 12:43:15.071334+00:00
"Iran Attacks Israel, Gulf as Israel Hits Beirut",newsmax.com,newsmax.com,https://www.newsmax.com/newsfront/iran-israel-war/2026/03/18/id/1249886/,2026-03-18,en,2026-03-18 12:42:45.074013+00:00
Deadly Strikes Across Mideast as Iran Vows Revenge on Slain Security Chief,newsmax.com,newsmax.com,https://www.newsmax.com/newsfront/iran-israel-revenge/2026/03/18/id/1249891/,2026-03-18,en,2026-03-18 12:42:34.582572+00:00
"Al-Manar correspondent in south Lebanon: Israeli bombardment also targets areas overlooking Khiam including Qlaya’a, Marjeyoun, Ibl Al-Saqi, and outskirts of Debbine",almanar.com.lb,almanar.com.lb,https://english.almanar.com.lb/article/38732/,2026-03-18,la,2026-03-18 12:41:12.203592+00:00
"Al-Manar correspondent in south Lebanon: Israeli forces attempt to advance toward central and northern Khiam under cover of heavy artillery and phosphorus shelling, amid reduced visibility due to weather",almanar.com.lb,almanar.com.lb,https://english.almanar.com.lb/article/38722/,2026-03-18,la,2026-03-18 12:40:35.067566+00:00
Israel Claims Iran’s Intelligence Minister Esmail Khatib Killed; Tehran Yet To Confirm,news18.com,news18.com,https://www.news18.com/world/israel-claims-irans-intelligence-minister-esmail-khatib-killed-tehran-yet-to-confirm-ws-l-9984600.html,2026-03-18,en,2026-03-18 12:40:12.162811+00:00
"Lebanon: Dozens Martyred, Injured as Israeli Enemy Steps Up Attacks on Civilians",almanar.com.lb,almanar.com.lb,https://english.almanar.com.lb/article/38702/,2026-03-18,la,2026-03-18 12:39:57.102142+00:00
Iran war: Israel says Iranian intelligence minister killed,dw.com,dw.com,https://www.dw.com/en/iran-war-israel-says-iranian-intelligence-minister-killed/live-76402968?maca=en-rss-en-top-1022-xml-atom,2026-03-18,en,2026-03-18 12:37:44.180970+00:00
Beirut bombed in worst strikes in decades as Israel-Iran war intensifies,irishexaminer.com,irishexaminer.com,https://www.irishexaminer.com/world/arid-41812301.html,2026-03-18,en,2026-03-18 12:33:20.977028+00:00
Airlines cancel more flights as Middle East conflict escalates,straitstimes.com,straitstimes.com,https://www.straitstimes.com/asia/airlines-cancel-more-flights-as-middle-east-conflict-escalates,2026-03-18,en,2026-03-18 12:28:20.745282+00:00
"Iran vows revenge as missile attacks hit Israel, Lebanon",punchng.com,punchng.com,https://punchng.com/iran-vows-revenge-as-missile-attacks-hit-israel-lebanon/?utm_source=rss.punchng.com&utm_medium=web,2026-03-18,en,2026-03-18 12:22:51.528990+00:00
"L'équivalent d'une classe de 30 élèves tués ou blessés par jour au Liban, selon l'Onu",reuters.com,reuters.com,https://www.reuters.com/fr/affaires/lquivalent-dune-classe-de-30-lves-tus-ou-blesss-par-jour-au-liban-selon-lonu-2026-03-18/,2026-03-18,fr,2026-03-18 12:21:49.552235+00:00
"Iran strikes Israel after killings of top officials as US, Israel widen attacks",muvitv.com,muvitv.com,https://muvitv.com/2026/03/18/iran-strikes-israel-after-killings-of-top-officials-as-us-israel-widen-attacks/,2026-03-18,en,2026-03-18 12:21:45.028501+00:00
IDF Orders South Lebanon Evacuation Ahead of Strikes on Litani River Crossings,haaretz.com,haaretz.com,https://www.haaretz.com/israel-news/israel-security/2026-03-18/ty-article-live/two-killed-in-central-israel-following-iranian-missile-attack/0000019c-feee-d088-a5fc-feef9f180000,2026-03-18,en,2026-03-18 11:45:38.575140+00:00
Israeli airstrikes on Beirut kill at least 6,news.az,news.az,https://news.az/news/israeli-airstrikes-on-beirut-kill-at-least-6,2026-03-18,en,2026-03-18 11:44:48.797190+00:00
"Israel kills another top Iranian official, escalates attacks on Lebanon",theglobeandmail.com,theglobeandmail.com,https://www.theglobeandmail.com/world/article-iran-war-us-israel-strait-of-hormuz-oil/,2026-03-18,en,2026-03-18 11:41:40.959875+00:00
Israel says it has killed Iran’s intelligence minister,cnn.com,cnn.com,https://www.cnn.com/world/live-news/iran-war-us-israel-trump-03-18-26,2026-03-18,en,2026-03-18 11:40:50.873530+00:00
Israel says it killed Iran's intelligence chief in overnight strike,npr.org,npr.org,https://www.npr.org/2026/03/18/nx-s1-5751694/iran-retaliates-israel-kills-two-top-iranian-officials,2026-03-18,en,2026-03-18 11:40:47.148049+00:00
France says it's unreasonable to expect Lebanon to disarm Hezbollah amid bombing,straitstimes.com,straitstimes.com,https://www.straitstimes.com/world/europe/france-says-its-unreasonable-to-expect-lebanon-to-disarm-hezbollah-amid-bombing,2026-03-18,en,2026-03-18 11:38:11.084720+00:00
Israeli strike destroys building in central Beirut,egyptindependent.com,egyptindependent.com,https://www.egyptindependent.com/israeli-strike-destroys-building-in-central-beirut/,2026-03-18,en,2026-03-18 11:37:52.730448+00:00
"Lebanon war leaves a classroom of children hurt or dead every day, UN says",straitstimes.com,straitstimes.com,https://www.straitstimes.com/world/middle-east/lebanon-war-leaves-a-classroom-of-children-hurt-or-dead-every-day-un-says,2026-03-18,en,2026-03-18 11:37:42.537058+00:00
"In Lebanon, war dictates pace of Ramadan for displaced families",straitstimes.com,straitstimes.com,https://www.straitstimes.com/world/middle-east/in-lebanon-war-dictates-pace-of-ramadan-for-displaced-families,2026-03-18,en,2026-03-18 11:37:07.365237+00:00
France says it's unreasonable to expect Lebanon to disarm Hezbollah amid bombing,reuters.com,reuters.com,https://www.reuters.com/world/europe/france-says-its-unreasonable-expect-lebanon-disarm-hezbollah-amid-bombing-2026-03-18/,2026-03-18,en,2026-03-18 11:36:51.611283+00:00
Two People Killed By Overnight Iranian Missile Attack,i24news.tv,i24news.tv,https://www.i24news.tv/en/news/israel/defense/artc-two-people-killed-by-overnight-iranian-missile-attack-live-blog,2026-03-18,en,2026-03-18 11:34:59.573373+00:00
UN rights office says Israeli strikes on Lebanese civilians may be war crimes,sbs.com.au,sbs.com.au,https://www.sbs.com.au/news/article/un-rights-office-says-some-israeli-strikes-in-lebanon-may-be-war-crimes/br7drt7dc,2026-03-18,en,2026-03-18 11:24:29.200750+00:00
Iran strikes Tel Aviv with cluster warheads in retaliation for killing of security chief,rappler.com,rappler.com,https://www.rappler.com/world/middle-east/usa-israel-war-iran-updates-march-18-2026/,2026-03-18,en,2026-03-18 11:20:50.062161+00:00
"In Lebanon, war dictates pace of Ramadan for displaced families",reuters.com,reuters.com,https://www.reuters.com/world/middle-east/lebanon-war-dictates-pace-ramadan-displaced-families-2026-03-18/,2026-03-18,en,2026-03-18 11:20:04.402801+00:00
Al-Manar: Veteran anchor and Head of Political Programming Department Hajj Mohammad Sherri martyred along with his wife in Israeli strike on Beirut’s Zqaq Al-Blat,almanar.com.lb,almanar.com.lb,https://english.almanar.com.lb/article/38692/,2026-03-18,la,2026-03-18 10:36:54.118770+00:00
"Lebanese Health Ministry says two people martyred, one injured in Israeli strikes on the southern coastal city of Sidon",almanar.com.lb,almanar.com.lb,https://english.almanar.com.lb/article/38682/,2026-03-18,la,2026-03-18 10:36:46.924745+00:00
11 Civil Defense members injured in Israeli strike near their health center in the southern city of Nabatieh,almanar.com.lb,almanar.com.lb,https://english.almanar.com.lb/article/38662/,2026-03-18,la,2026-03-18 10:36:08.584565+00:00
Israeli Health Ministry says 192 hospitalized “due to war” in past 24 hours,almanar.com.lb,almanar.com.lb,https://english.almanar.com.lb/article/38652/,2026-03-18,la,2026-03-18 10:35:50.445477+00:00
"Iran To Hold Funerals For Larijani, Basij Chief As It Vows Vengeance",ndtv.com,ndtv.com,https://www.ndtv.com/world-news/iran-to-hold-funerals-for-larijani-basij-chief-as-it-vows-vengeance-11232188,2026-03-18,en,2026-03-18 10:35:36.886282+00:00
The widening gap between the Israeli army’s denials and the reality of missile barrage has deeply eroded public trust: Israeli media cites study,almanar.com.lb,almanar.com.lb,https://english.almanar.com.lb/article/38672/,2026-03-18,la,2026-03-18 10:35:12.868977+00:00
"Israel bombs central Beirut, killing 6, strafes south, east Lebanon",stkittsgazette.com,stkittsgazette.com,https://stkittsgazette.com/israel-bombs-central-beirut-killing-6-strafes-south-east-lebanon/,2026-03-18,en,2026-03-18 10:29:17.114221+00:00
"Iran war live: US fires 5,000-pound ""deep penetration"" weapons on Iran",newsweek.com,newsweek.com,https://www.newsweek.com/iran-war-live-latest-updates-ali-larijani-killed-tehran-retaliates-us-fores-weapons-strait-hormuz-11694515,2026-03-18,en,2026-03-18 10:23:52.970725+00:00
"Lebanon war leaves a classroom of children hurt or dead every day, UN says",reuters.com,reuters.com,https://www.reuters.com/world/middle-east/lebanon-war-leaves-classroom-children-hurt-or-dead-every-day-un-says-2026-03-18/,2026-03-18,en,2026-03-18 10:21:26.236848+00:00
Israel and US strike escalate Middle East tensions,paktribune.com,paktribune.com,https://paktribune.com/israel-and-us-strike-escalate-middle-east-tensions/,2026-03-18,en,2026-03-18 10:21:10.092609+00:00
Global airlines extend Middle East flight suspensions,news.az,news.az,https://news.az/news/global-airlines-extend-middle-east-flight-suspensions,2026-03-18,en,2026-03-18 10:21:00.514805+00:00
"La guerra en Líbano se cobra cada día víctimas mortales o heridos entre los niños, según la ONU",reuters.com,reuters.com,https://www.reuters.com/es/mundo/XWT5PXLHMRJAPOEZDXILEFZJC4-2026-03-18/,2026-03-18,es,2026-03-18 10:20:56.757540+00:00
"Iran lashes out with attacks on Israel, Gulf neighbours as Israel hits Beirut",news18.com,news18.com,https://www.news18.com/agency-feeds/iran-lashes-out-with-attacks-on-israel-gulf-neighbours-as-israel-hits-beirut-9983711.html,2026-03-18,en,2026-03-18 09:48:50.755725+00:00
"Iran's judiciary says an 'attack' struck southern Iran, killing and wounding staff and civilians",indiatimes.com,indiatimes.com,https://economictimes.indiatimes.com/news/defence/irans-judiciary-says-an-attack-struck-southern-iran-killing-and-wounding-staff-and-civilians/articleshow/129651774.cms,2026-03-18,en,2026-03-18 09:43:27.438870+00:00
"At least 10 killed in Israeli strikes on Beirut's Zoqaq al-Blat, Basta, Bashoura",naharnet.com,naharnet.com,https://naharnet.com/stories/en/319029-at-least-10-killed-in-israeli-strikes-on-beirut-s-zoqaq-al-blat-basta-bashoura,2026-03-18,en,2026-03-18 09:42:28.361707+00:00
"Aoun calls for unity, warns against sectarian incitement",naharnet.com,naharnet.com,https://naharnet.com/stories/en/319032-aoun-calls-for-unity-warns-against-sectarian-incitement,2026-03-18,en,2026-03-18 09:42:17.514762+00:00
"Israel bombs central Beirut, killing 6, strafes south, east Lebanon",aljazeera.com,aljazeera.com,https://www.aljazeera.com/news/2026/3/18/israel-bombs-central-beirut-killing-6-strafes-south-east-lebanon?traffic_source=rss,2026-03-18,en,2026-03-18 09:42:00.737355+00:00
"Israel bombs central Beirut, killing 6, strafes south, east Lebanon",antiguatribune.com,antiguatribune.com,https://antiguatribune.com/israel-bombs-central-beirut-killing-6-strafes-south-east-lebanon/,2026-03-18,en,2026-03-18 09:41:53.047794+00:00
Iran vows revenge for security chief Larijani's killing,timesofmalta.com,timesofmalta.com,https://timesofmalta.com/article/iran-vows-revenge-security-chief-larijani-killing.1125638,2026-03-18,en,2026-03-18 09:41:44.727207+00:00
Iran war: What is happening on day 19 of US-Israel attacks?,aljazeera.com,aljazeera.com,https://www.aljazeera.com/news/2026/3/18/iran-war-what-is-happening-on-day-19-of-us-israel-attacks?traffic_source=rss,2026-03-18,en,2026-03-18 09:40:58.388858+00:00
Iran strikes Tel Aviv with cluster warheads in retaliation for killing of security chief,irishexaminer.com,irishexaminer.com,https://www.irishexaminer.com/world/arid-41812142.html,2026-03-18,en,2026-03-18 09:40:11.804998+00:00
Khamenei to Larijani: Top Iran leaders killed in war that it wants revenge for,hindustantimes.com,hindustantimes.com,https://www.hindustantimes.com/world-news/khamenei-to-larijani-all-faces-israel-says-it-eliminated-and-iran-now-seeks-revenge-for-101773810985262.html,2026-03-18,en,2026-03-18 09:39:06.917785+00:00
Live: US targets Iranian targets near Strait of Hormuz with ‘bunker buster’ bombs,irishtimes.com,irishtimes.com,https://www.irishtimes.com/world/middle-east/2026/03/18/iran-israel-us-middle-east-war-news-live-updates/,2026-03-18,en,2026-03-18 09:36:17.354184+00:00
Israel expands military operation in Lebanon,spotlightnepal.com,spotlightnepal.com,https://www.spotlightnepal.com/2026/03/18/israel-expands-military-operation-lebanon/,2026-03-18,en,2026-03-18 09:32:57.266971+00:00
Tel Aviv hit by Iranian missiles after Larijani assassination,dailypost.ng,dailypost.ng,https://dailypost.ng/2026/03/18/tel-aviv-hit-by-iranian-missiles-after-larijani-assassination/,2026-03-18,en,2026-03-18 09:30:35.520341+00:00
Beirut's Multi-Storey Building Flattened Within Seconds In Israeli Attack,news18.com,news18.com,https://www.news18.com/world/beiruts-multi-storey-building-flattened-within-seconds-in-israeli-attack-video-ws-kl-9984029.html,2026-03-18,en,2026-03-18 09:26:30.584470+00:00
"Israel bombs central Beirut, killing 6, strafes south, east Lebanon",bahamasspectator.com,bahamasspectator.com,https://bahamasspectator.com/israel-bombs-central-beirut-killing-6-strafes-south-east-lebanon/,2026-03-18,en,2026-03-18 09:19:15.565022+00:00
Iran: Israel hits Beirut as US strikes Hormuz missile sites,dw.com,dw.com,https://www.dw.com/en/iran-israel-hits-beirut-as-us-strikes-hormuz-missile-sites/live-76402968?maca=en-rss-en-top-1022-rdf,2026-03-18,en,2026-03-18 09:18:42.303817+00:00
"Israel bombs central Beirut, killing 6, strafes south, east Lebanon",grenadachronicle.com,grenadachronicle.com,https://grenadachronicle.com/israel-bombs-central-beirut-killing-6-strafes-south-east-lebanon/,2026-03-18,en,2026-03-18 09:17:08.473324+00:00
New Israeli strike on central Beirut without warning: state media,dawn.com,dawn.com,https://www.dawn.com/news/1983353/new-israeli-strike-on-central-beirut-without-warning-state-media,2026-03-18,en,2026-03-18 08:44:54.439740+00:00
Iran vows revenge for killing of security chief Ali Larijani by Israel,dawn.com,dawn.com,https://www.dawn.com/news/1983341/iran-vows-revenge-for-killing-of-security-chief-ali-larijani-by-israel,2026-03-18,en,2026-03-18 08:38:48.551575+00:00
Iran to hold funeral for slain security chief as it vows vengeance,punchng.com,punchng.com,https://punchng.com/iran-to-hold-funeral-for-slain-security-chief-as-it-vows-vengeance/?utm_source=rss.punchng.com&utm_medium=web,2026-03-18,en,2026-03-18 08:38:29.790228+00:00
PHOTOS: Aftermath of Israeli strike in Lebanon,dawn.com,dawn.com,https://www.dawn.com/news/1983337/photos-aftermath-of-israeli-strike-in-lebanon,2026-03-18,en,2026-03-18 08:37:53.573366+00:00
"Israel bombs central Beirut, killing 6, strafes south, east Lebanon",guyanainquirer.com,guyanainquirer.com,https://guyanainquirer.com/israel-bombs-central-beirut-killing-6-strafes-south-east-lebanon/,2026-03-18,en,2026-03-18 08:35:15.541884+00:00
"Israel bombs central Beirut, killing 6, strafes south, east Lebanon",stvincenttribune.com,stvincenttribune.com,https://stvincenttribune.com/israel-bombs-central-beirut-killing-6-strafes-south-east-lebanon/,2026-03-18,en,2026-03-18 08:33:59.629657+00:00
Iran Lashes Out With Attacks on Israel and Gulf Neighbors as Israel Hits Beirut,usnews.com,usnews.com,https://www.usnews.com/news/world/articles/2026-03-18/iran-lashes-out-with-attacks-on-israel-and-gulf-neighbors-as-israel-hits-beirut,2026-03-18,en,2026-03-18 08:33:57.399713+00:00
Al-Manar correspondent reports Israeli drone strike on a car in the southern coastal city of Sidon,almanar.com.lb,almanar.com.lb,https://english.almanar.com.lb/article/38642/,2026-03-18,la,2026-03-18 08:33:44.441241+00:00
"Israel bombs central Beirut, killing 6, strafes south, east Lebanon",jamaicainquirer.com,jamaicainquirer.com,https://jamaicainquirer.com/israel-bombs-central-beirut-killing-6-strafes-south-east-lebanon/,2026-03-18,en,2026-03-18 08:33:26.299843+00:00
The Latest: Iran Attacks Israel and Gulf Countries After an Israeli Strike Kills Its Security Chief,usnews.com,usnews.com,https://www.usnews.com/news/best-states/washington/articles/2026-03-18/the-latest-iran-attacks-israel-and-gulf-countries-after-an-israeli-strike-kills-its-security-chief,2026-03-18,en,2026-03-18 08:33:06.698735+00:00
Al-Manar correspondent: Israeli enemy strikes southeastern town of Suhmor for seventh time today,almanar.com.lb,almanar.com.lb,https://english.almanar.com.lb/article/38632/,2026-03-18,la,2026-03-18 08:33:05.587749+00:00
"Israeli Strikes in Central Beirut Kill Six People, Lebanese Authorities Say",usnews.com,usnews.com,https://www.usnews.com/news/world/articles/2026-03-18/israeli-strike-hits-central-beirut-after-evacuation-warning,2026-03-18,en,2026-03-18 08:32:49.416780+00:00
"Israel bombs central Beirut, killing 6, strafes south, east Lebanon",stluciachronicle.com,stluciachronicle.com,https://stluciachronicle.com/israel-bombs-central-beirut-killing-6-strafes-south-east-lebanon/,2026-03-18,en,2026-03-18 08:32:24.320280+00:00
Iran-US war live: Missiles shot down by Dubai as Tehran vows to avenge chief’s death,independent.co.uk,independent.co.uk,https://www.independent.co.uk/news/world/middle-east/iran-us-war-live-updates-trump-strait-of-hormuz-uk-b2940747.html,2026-03-18,en,2026-03-18 08:31:54.072429+00:00
Trump counterterrorism chief quits over war; Iran retaliates after security chief Larijani killed,independent.ie,independent.ie,https://www.independent.ie/world-news/middle-east/trump-counterterrorism-chief-quits-over-war-iran-retaliates-after-security-chief-larijani-killed/a42214499.html,2026-03-18,en,2026-03-18 08:31:27.812362+00:00
Iran lashes out with attacks on Israel and Gulf neighbors as Israel hits Beirut,independent.co.uk,independent.co.uk,https://www.independent.co.uk/news/world/americas/israel-iran-ali-larijani-beirut-saudi-arabia-b2940703.html,2026-03-18,en,2026-03-18 08:30:34.064018+00:00
Tel Aviv hit with cluster warheads in retaliation for killing of Iran security chief,independent.co.uk,independent.co.uk,https://www.independent.co.uk/bulletin/news/tel-aviv-cluster-warhead-missile-b2940716.html,2026-03-18,en,2026-03-18 08:30:23.717655+00:00
"Israel bombs central Beirut, killing 6, strafes south, east Lebanon",trinidadtribune.com,trinidadtribune.com,https://trinidadtribune.com/israel-bombs-central-beirut-killing-6-strafes-south-east-lebanon/,2026-03-18,en,2026-03-18 08:29:45.858095+00:00
"Israel bombs central Beirut, killing 6, strafes south, east Lebanon",puertoricotribune.com,puertoricotribune.com,https://puertoricotribune.com/israel-bombs-central-beirut-killing-6-strafes-south-east-lebanon/,2026-03-18,en,2026-03-18 08:27:34.476142+00:00
"Israel bombs central Beirut, killing 6, strafes south, east Lebanon",dominicanrepublicpost.com,dominicanrepublicpost.com,https://dominicanrepublicpost.com/israel-bombs-central-beirut-killing-6-strafes-south-east-lebanon/,2026-03-18,en,2026-03-18 08:25:46.299862+00:00
"Israel bombs central Beirut, killing 6, strafes south, east Lebanon",barbadosgazette.com,barbadosgazette.com,https://barbadosgazette.com/israel-bombs-central-beirut-killing-6-strafes-south-east-lebanon/,2026-03-18,en,2026-03-18 08:24:24.358460+00:00
"Israel bombs central Beirut, killing 6, strafes south, east Lebanon",dominicagazette.com,dominicagazette.com,https://dominicagazette.com/israel-bombs-central-beirut-killing-6-strafes-south-east-lebanon/,2026-03-18,en,2026-03-18 08:20:11.887058+00:00
"Israel bombs central Beirut, killing 6, strafes south, east Lebanon",haitigazette.com,haitigazette.com,https://haitigazette.com/israel-bombs-central-beirut-killing-6-strafes-south-east-lebanon/,2026-03-18,en,2026-03-18 08:19:41.576452+00:00
Iran strikes Tel Aviv with cluster warheads in retaliation for killing of security chief,deccanchronicle.com,deccanchronicle.com,https://www.deccanchronicle.com/world/middle-east/iran-strikes-tel-aviv-after-killing-of-irans-security-chief-by-israel-1944643,2026-03-18,en,2026-03-18 07:37:55.188777+00:00
"In a Beirut hotel, families brace for war with no clear end",irishtimes.com,irishtimes.com,https://www.irishtimes.com/world/middle-east/2026/03/18/in-a-beirut-hotel-families-brace-for-war-with-no-clear-end/,2026-03-18,en,2026-03-18 07:32:14.089363+00:00
Iran attacks Israel and Gulf neighbours as Israel hits Beirut,irishnews.com,irishnews.com,https://www.irishnews.com/news/world/iran-attacks-israel-and-gulf-countries-after-israeli-strike-kills-security-chief-GB2KJMX7BBMO5CBVRKBDNFQ73Q/,2026-03-18,en,2026-03-18 07:28:31.459487+00:00
"Morning Briefing: March 18, 2026",aa.com.tr,aa.com.tr,https://www.aa.com.tr/en/turkiye/morning-briefing-march-18-2026/3869158,2026-03-18,en,2026-03-18 07:28:24.472444+00:00
US encouraging Syria to assist with disarming Hezbollah in Lebanon -- sources,timesofisrael.com,timesofisrael.com,https://www.timesofisrael.com/us-encouraging-syria-to-assist-with-disarming-hezbollah-in-lebanon-sources/,2026-03-18,en,2026-03-18 07:27:53.360060+00:00
The Things We Take for Granted,townhall.com,townhall.com,https://townhall.com/columnists/alanjosephbauer/2026/03/18/the-things-we-take-for-granted-n2672958,2026-03-18,en,2026-03-18 07:24:06.647890+00:00
"Overnight strike kills elderly couple in Ramat Gan, damages train in central Israel",ynetnews.com,ynetnews.com,https://www.ynetnews.com/article/byc11upwcwx,2026-03-18,en,2026-03-18 07:21:45.156348+00:00
Iran-Israel War News Live: Iran Launches New Wave Of Missiles At Israel; Tehran Receives First Medical Shipment From New Delhi,news18.com,news18.com,https://www.news18.com/world/iran-israel-war-news-live-us-attack-on-iran-updates-missile-attacks-blast-explosion-ali-larijani-trump-strait-of-hormuz-oil-latest-news-today-liveblog-9983430.html,2026-03-18,en,2026-03-18 06:39:13.865968+00:00
Watch: Israeli strike in Beirut reduces building to rubble in seconds,indiatimes.com,indiatimes.com,https://timesofindia.indiatimes.com/world/middle-east/watch-israeli-strike-in-beirut-reduces-building-to-rubble-in-seconds/articleshow/129648183.cms,2026-03-18,en,2026-03-18 06:32:01.116246+00:00
IDF strikes target Hezbollah infrastructure in southern Lebanon,news18.com,news18.com,https://www.news18.com/agency-feeds/idf-strikes-target-hezbollah-infrastructure-in-southern-lebanon-9983469.html,2026-03-18,en,2026-03-18 06:26:57.316189+00:00
Iran rejects de-escalation offers; Israel says it kills Iranian security chief,kaieteurnewsonline.com,kaieteurnewsonline.com,https://kaieteurnewsonline.com/2026/03/18/iran-rejects-de-escalation-offers-israel-says-it-kills-iranian-security-chief/,2026-03-18,en,2026-03-18 06:24:27.355632+00:00
Lebanon says Israel strikes on central Beirut kill at least six,thehindu.com,thehindu.com,https://www.thehindu.com/news/international/israeli-strikes-on-beirut-lebanon-death-toll/article70756644.ece,2026-03-18,en,2026-03-18 06:24:16.967989+00:00
The Latest: Iran attacks Israel and Gulf countries after an Israeli strike kills its security chief,independent.co.uk,independent.co.uk,https://www.independent.co.uk/news/iran-israel-saudi-arabia-united-arab-emirates-qatar-b2940695.html,2026-03-18,en,2026-03-18 06:22:21.085401+00:00
Middle East crisis live: Iran vows revenge for killing of security chief; Israel strikes central Beirut,theguardian.com,theguardian.com,https://www.theguardian.com/world/live/2026/mar/18/iran-war-live-updates-oil-prices-hormuz-trump-larijani-key-leader-killed-israel-strikes,2026-03-18,en,2026-03-18 05:33:11.319044+00:00
"Israeli strikes in central Beirut kill six people, Lebanese authorities say",reuters.com,reuters.com,https://www.reuters.com/world/middle-east/israeli-strike-hits-central-beirut-after-evacuation-warning-2026-03-18/,2026-03-18,en,2026-03-18 05:32:25.704941+00:00
Iran War: Lebanon says Israel strikes on central Beirut kill at least six,indiatimes.com,indiatimes.com,https://economictimes.indiatimes.com/news/defence/iran-war-lebanon-says-israel-strikes-on-central-beirut-kill-at-least-six/articleshow/129647033.cms,2026-03-18,en,2026-03-18 05:30:53.342736+00:00
"Israeli strikes in central Beirut kill six people, Lebanese authorities say",straitstimes.com,straitstimes.com,https://www.straitstimes.com/world/middle-east/israeli-strike-hits-central-beirut-after-evacuation-warning,2026-03-18,en,2026-03-18 05:30:43.388977+00:00
Airlines cancel more flights as Middle East conflict escalates,indiatimes.com,indiatimes.com,https://economictimes.indiatimes.com/nri/latest-updates/airlines-cancel-more-flights-as-middle-east-conflict-escalates/articleshow/129646872.cms,2026-03-18,en,2026-03-18 05:29:48.791273+00:00
Israeli army issues evacuation warning for Beirut apartment building,aa.com.tr,aa.com.tr,https://www.aa.com.tr/en/middle-east/israeli-army-issues-evacuation-warning-for-beirut-apartment-building/3869124,2026-03-18,en,2026-03-18 05:26:32.297131+00:00
Israeli army launches new wave of attacks on southern Lebanon,aa.com.tr,aa.com.tr,https://www.aa.com.tr/en/middle-east/israeli-army-launches-new-wave-of-attacks-on-southern-lebanon/3869138,2026-03-18,en,2026-03-18 05:25:51.984729+00:00
"US Israel Iran War News Live Updates: 'Will hit all regardless of wealth, faith, or race': Iran launches missiles to avenge Larijani killing",indiatimes.com,indiatimes.com,https://timesofindia.indiatimes.com/world/middle-east/us-israel-iran-war-news-live-udates-middle-east-crisis-conflict-drone-ballistic-missile-attack-explosions-gulf-countries-dubai-news-donald-trump-netanyahu-mojtaba-khamenei/liveblog/129645283.cms,2026-03-18,en,2026-03-18 04:47:05.443442+00:00
Lebanon says Israeli strikes on central Beirut kill at least 6,freemalaysiatoday.com,freemalaysiatoday.com,https://www.freemalaysiatoday.com/category/world/2026/03/18/lebanon-says-israeli-strikes-on-central-beirut-kill-at-least-6,2026-03-18,en,2026-03-18 04:37:11.869244+00:00
"Iran War Day 19 Live News: US-Israel intensify strikes, Iran confirms Larijani death while Tehran's nuclear sites come under threat",indiatimes.com,indiatimes.com,https://economictimes.indiatimes.com/news/defence/iran-war-day-19-live-news-us-israel-intensify-strikes-iran-confirms-larijani-death-while-tehrans-nuclear-sites-come-under-threat/articleshow/129646144.cms,2026-03-18,en,2026-03-18 04:19:27.240541+00:00
"US Iran war LIVE updates: Tehran hits Israel with cluster warhead missiles, vows to avenge Ali Larijani",hindustantimes.com,hindustantimes.com,https://www.hindustantimes.com/world-news/us-iran-war-live-updates-israel-trump-khamenei-ali-larijani-bushehr-strait-of-hormuz-netanyahu-oil-prices-middle-east-101773796479080.html,2026-03-18,en,2026-03-18 02:41:07.136604+00:00
"Dubai Abu Dhabi news LIVE: UAE says drones incoming from Iran, defense systems intercepting missiles",hindustantimes.com,hindustantimes.com,https://www.hindustantimes.com/world-news/dubai-abu-dhabi-news-live-updates-airports-fujairah-uae-saudi-qatar-missiles-drone-strikes-iran-us-war-flights-status-101773794817864.html,2026-03-18,en,2026-03-18 02:40:17.240774+00:00
"U.S. encourages Syrian action against Hezbollah, Damascus is hesitant, sources say",thehindu.com,thehindu.com,https://www.thehindu.com/news/international/us-encourages-syrian-action-against-hezbollah-damascus-is-hesitant-sources-say/article70755665.ece,2026-03-18,en,2026-03-18 02:33:24.777546+00:00
"What you need to know about Iran today, with Matthew Doran",nzcity.co.nz,nzcity.co.nz,https://home.nzcity.co.nz/news/article.aspx?id=442130&ref=rss,2026-03-18,en,2026-03-18 02:18:36.057282+00:00
"Israeli airstrikes target Lebanese capital, southern suburbs",aa.com.tr,aa.com.tr,https://www.aa.com.tr/en/middle-east/israeli-airstrikes-target-lebanese-capital-southern-suburbs/3869037,2026-03-18,en,2026-03-18 02:18:27.070076+00:00
LIVE: US Bombs Iranian Missile Sites Near Hormuz Strait,deccanchronicle.com,deccanchronicle.com,https://www.deccanchronicle.com/west-asia/iran-us-israel-war-live-news-1944618,2026-03-18,en,2026-03-18 02:17:33.607218+00:00
Israel strikes apartments in Beirut's Zokak al-Blat and Basta,naharnet.com,naharnet.com,https://www.naharnet.com/stories/en/319029-israel-strikes-apartments-in-beirut-s-zokak-al-blat-and-basta,2026-03-18,en,2026-03-18 01:31:33.759794+00:00
Envoy JP Singh visits injured Indian national at Tel Aviv hospital,news18.com,news18.com,https://www.news18.com/agency-feeds/envoy-jp-singh-visits-injured-indian-national-at-tel-aviv-hospital-9983290.html,2026-03-18,en,2026-03-18 01:28:38.767930+00:00
Iran keeps up attacks on neighbors after Israel killed 2 of its top officials,news18.com,news18.com,https://www.news18.com/agency-feeds/iran-keeps-up-attacks-on-neighbors-after-israel-killed-2-of-its-top-officials-9983284.html,2026-03-18,en,2026-03-18 01:27:08.504648+00:00
"U.S.-Iran war latest updates: Top Iranian security, military officials killed in strikes, death toll crosses 2200, missile alert in Dubai",indiatimes.com,indiatimes.com,https://economictimes.indiatimes.com/news/international/us/us-iran-war-latest-updates-top-iranian-security-military-officials-killed-in-strikes-death-toll-crosses-2200-missile-alert-in-dubai/articleshow/129644626.cms,2026-03-18,en,2026-03-18 01:20:20.485100+00:00
"At 21:45 on Tuesday, 17/03/2026, Islamic Resistance fighters targeted a gathering of Israeli enemy army soldiers in the Taybeh project with artillery shells: statement 34",almanar.com.lb,almanar.com.lb,https://english.almanar.com.lb/article/38567/,2026-03-18,la,2026-03-18 00:24:34.526336+00:00
"At 21:20 on Tuesday, 17/03/2026, Islamic Resistance fighters targeted a gathering of Israeli enemy army soldiers in the border town of Jdeidet Mays al-Jabal with a rocket barrage: statement 32",almanar.com.lb,almanar.com.lb,https://english.almanar.com.lb/article/38547/,2026-03-18,la,2026-03-18 00:24:12.766276+00:00
"At 21:20 on Tuesday, 17/03/2026, Islamic Resistance fighters targeted a gathering of Israeli enemy army soldiers at the Marj site off the border town of Markaba with a rocket barrage: statement 36",almanar.com.lb,almanar.com.lb,https://english.almanar.com.lb/article/38587/,2026-03-18,la,2026-03-18 00:23:56.813410+00:00
"At 21:45 on Tuesday, March 17, 2026, Islamic Resistance fighters targeted a gathering of Israeli enemy soldiers in Aqabat Rab Thalathin on the Lebanese-Palestinian border with a rocket barrage: statement 33",almanar.com.lb,almanar.com.lb,https://english.almanar.com.lb/article/38557/,2026-03-18,la,2026-03-18 00:23:03.410863+00:00
"In defense of Lebanon and its people, at 00:10 on Wednesday, 03/18/2026, the Islamic Resistance fighters targeted a gathering of Israeli enemy army soldiers in the Khanouq area of ​​the border village of Aitaroun with a rocket salvo: statement 1",almanar.com.lb,almanar.com.lb,https://english.almanar.com.lb/article/38617/,2026-03-18,en,2026-03-18 00:22:41.535266+00:00
"At 23:00 on Tuesday, 17/03/2026, Islamic Resistance fighters targeted a gathering of Israeli enemy army soldiers in the Taybeh project area for the second time with a rocket barrage: statement 35",almanar.com.lb,almanar.com.lb,https://english.almanar.com.lb/article/38577/,2026-03-18,la,2026-03-18 00:22:27.046589+00:00
Iran rejects de-escalation as Israel kills Iranian security chief Ali Larijani,channelnewsasia.com,channelnewsasia.com,https://www.channelnewsasia.com/world/ali-larijani-security-chief-killed-israel-iran-rejects-de-escalation-5999946,2026-03-18,en,2026-03-18 00:17:55.229167+00:00
"At 23:30 on Tuesday, 17/03/2026, the Islamic Resistance fighters targeted a gathering of Israeli enemy army vehicles in the Al-Khazzan hill in the border town of Al-Adaisseh with rocket barrages: statement 29",almanar.com.lb,almanar.com.lb,https://english.almanar.com.lb/article/38497/,2026-03-18,la,2026-03-17 23:23:45.774506+00:00
"At 07:15 on Tuesday, 17/03/2026, Islamic Resistance fighters targeted a gathering of Israeli enemy army soldiers south of the border town of Maroun Al-Ras with an attack drone: statement 31",almanar.com.lb,almanar.com.lb,https://english.almanar.com.lb/article/38517/,2026-03-18,la,2026-03-17 23:23:39.385335+00:00
"At 23:30 on Tuesday, 17/03/2026, Islamic Resistance fighters targeted a gathering of Israeli enemy army soldiers near the settlement of Misgav Am with a drone strike: statement 30",almanar.com.lb,almanar.com.lb,https://english.almanar.com.lb/article/38507/,2026-03-18,la,2026-03-17 23:23:31.852128+00:00
"Hezbollah issues again warnings to evacuate Kiryat Shmona, Nahariya, and a number of settlements in North of occupied Palestine: Military Media",almanar.com.lb,almanar.com.lb,https://english.almanar.com.lb/article/38452/,2026-03-18,la,2026-03-17 23:23:13.562791+00:00
"As part of Operation Khaibar 1, the fighters of the Islamic Resistance targeted at 23:10 Tuesday 17/03/2026 a gathering of Israeli enemy army soldiers east of the Khiam detention center with a rocket barrage: statement 27",almanar.com.lb,almanar.com.lb,https://english.almanar.com.lb/article/38477/,2026-03-18,la,2026-03-17 23:22:53.889797+00:00
Iran rejects de-escalation offers; Israel says it kills Iranian security chief,japantoday.com,japantoday.com,https://japantoday.com/category/world/iran-rejects-de-escalation-offers-israel-says-it-kills-iranian-security-chief3,2026-03-18,en,2026-03-17 22:42:54.542501+00:00
"U.S. encourages Syrian action against Hezbollah, but Damascus hesitant, sources say",japantoday.com,japantoday.com,https://japantoday.com/category/world/exclusive-us-encourages-syrian-action-against-hezbollah-damascus-is-hesitant-sources-say1,2026-03-18,en,2026-03-17 22:40:56.480625+00:00
"Iran war live updates: Donald Trump says US 'no longer' needs NATO allies, Australia in fiery social post",abc.net.au,abc.net.au,https://www.abc.net.au/news/2026-03-18/iran-war-live-updates-israel-us-donald-trump/106464502,2026-03-18,en,2026-03-17 22:25:27.229903+00:00
"What you need to know about Iran today, with Matthew Doran",abc.net.au,abc.net.au,https://www.abc.net.au/news/2026-03-18/iran-israel-war-daily-news-briefing-laura-tingle/106462842,2026-03-18,en,2026-03-17 22:25:12.058780+00:00
"In war-weary Lebanon, anger at Israel and Hezbollah takes hold",abc.net.au,abc.net.au,https://www.abc.net.au/news/2026-03-18/in-lebanon-anger-at-israel-and-hezbollah-takes-hold/106456504,2026-03-18,en,2026-03-17 22:24:48.794003+00:00
"As part of Operation Khaibar 1, the fighters of the Islamic Resistance targeted at 08:30 Tuesday 17/03/2026 a gathering of Israeli occupation soldiers near Khiam detention center with a missile barrage: statement 22",almanar.com.lb,almanar.com.lb,https://english.almanar.com.lb/article/38377/,2026-03-18,la,2026-03-17 22:23:34.820185+00:00
"As part of Operation Khaibar 1, the fighters of the Islamic Resistance targeted at 08:45 Tuesday 17/03/2026 the settlement of Nahariya in the north of occupied Palestine with a squadron of combat drones: statement 19",almanar.com.lb,almanar.com.lb,https://english.almanar.com.lb/article/38347/,2026-03-18,en,2026-03-17 22:23:30.959484+00:00
"As part of Operation Khaibar 1, the fighters of the Islamic Resistance targeted at 08:30 Tuesday 17/03/2026 a gathering of Israeli occupation soldiers in Jdeidet Mais Al-Jabal border town with a missile barrage: statement 23",almanar.com.lb,almanar.com.lb,https://english.almanar.com.lb/article/38407/,2026-03-18,la,2026-03-17 22:23:09.911074+00:00
"As part of Operation Khaibar 1, the fighters of the Islamic Resistance targeted at 08:30 Tuesday 17/03/2026 a gathering of Israeli occupation soldiers at Misgav Am site with a missile barrage: statement 24",almanar.com.lb,almanar.com.lb,https://english.almanar.com.lb/article/38417/,2026-03-18,la,2026-03-17 22:23:03.872964+00:00
"As part of Operation Khaibar 1, the fighters of the Islamic Resistance targeted at 08:35 Tuesday 17/03/2026 a gathering of Israeli occupation soldiers near Khiam detention center with a missile barrage: statement 21",almanar.com.lb,almanar.com.lb,https://english.almanar.com.lb/article/38367/,2026-03-18,la,2026-03-17 22:22:57.857370+00:00
"As part of Operation Khaibar 1, the fighters of the Islamic Resistance targeted at 08:30 Tuesday 17/03/2026 the air defense system in Ma’alot with a missile barrage: statement 18",almanar.com.lb,almanar.com.lb,https://english.almanar.com.lb/article/38337/,2026-03-18,la,2026-03-17 22:22:51.658989+00:00
"As part of Operation Khaibar 1, the fighters of the Islamic Resistance targeted at 08:35 Tuesday 17/03/2026 the settlements of Shomera, Shtula and Zarit in northern occupied Palestine with artillery shells: statement 20",almanar.com.lb,almanar.com.lb,https://english.almanar.com.lb/article/38357/,2026-03-18,la,2026-03-17 22:22:45.792874+00:00
"As part of Operation Khaibar 1, the fighters of the Islamic Resistance targeted at 08:30 Tuesday 17/03/2026 Haifa naval base with a missile barrage: statement 25",almanar.com.lb,almanar.com.lb,https://english.almanar.com.lb/article/38427/,2026-03-18,la,2026-03-17 22:22:34.240409+00:00
"As part of Operation Khaibar 1, the fighters of the Islamic Resistance targeted at 08:30 Tuesday 17/03/2026 the Amiad base north of the Lake of Tiberias, and the Samson base west of the Lake of Tiberias with missile barrage: statement 17",almanar.com.lb,almanar.com.lb,https://english.almanar.com.lb/article/38327/,2026-03-18,en,2026-03-17 22:22:30.135714+00:00
Iran’s State TV announces martyrdom of Supreme National Security Council Secretary Ali Larijani,almanar.com.lb,almanar.com.lb,https://english.almanar.com.lb/article/38437/,2026-03-18,la,2026-03-17 22:21:51.409755+00:00
Iran continues attacks after Israel kills two officials,manilatimes.net,manilatimes.net,https://www.manilatimes.net/2026/03/18/world/iran-continues-attacks-after-israel-kills-two-officials/2302206,2026-03-18,en,2026-03-17 20:44:24.284473+00:00
